disease,symptoms,precautions
Fungal infection,"itching, skin rash, nodal skin eruptions, dischromic  patches",bath twice | use detol or neem in bathing water | keep infected area dry | use clean cloths
Fungal infection,"skin rash, nodal skin eruptions, dischromic  patches",bath twice | use detol or neem in bathing water | keep infected area dry | use clean cloths
Fungal infection,"itching, nodal skin eruptions, dischromic  patches",bath twice | use detol or neem in bathing water | keep infected area dry | use clean cloths
Fungal infection,"itching, skin rash, dischromic  patches",bath twice | use detol or neem in bathing water | keep infected area dry | use clean cloths
Fungal infection,"itching, skin rash, nodal skin eruptions",bath twice | use detol or neem in bathing water | keep infected area dry | use clean cloths
Fungal infection,"skin rash, nodal skin eruptions, dischromic  patches",bath twice | use detol or neem in bathing water | keep infected area dry | use clean cloths
Fungal infection,"itching, nodal skin eruptions, dischromic  patches",bath twice | use detol or neem in bathing water | keep infected area dry | use clean cloths
Fungal infection,"itching, skin rash, dischromic  patches",bath twice | use detol or neem in bathing water | keep infected area dry | use clean cloths
Fungal infection,"itching, skin rash, nodal skin eruptions",bath twice | use detol or neem in bathing water | keep infected area dry | use clean cloths
Fungal infection,"itching, skin rash, nodal skin eruptions, dischromic  patches",bath twice | use detol or neem in bathing water | keep infected area dry | use clean cloths
Allergy,"continuous sneezing, shivering, chills, watering from eyes",Consult a doctor | Get adequate rest | Stay hydrated | Follow prescribed treatment
Allergy,"shivering, chills, watering from eyes",Consult a doctor | Get adequate rest | Stay hydrated | Follow prescribed treatment
Allergy,"continuous sneezing, chills, watering from eyes",Consult a doctor | Get adequate rest | Stay hydrated | Follow prescribed treatment
Allergy,"continuous sneezing, shivering, watering from eyes",Consult a doctor | Get adequate rest | Stay hydrated | Follow prescribed treatment
Allergy,"continuous sneezing, shivering, chills",Consult a doctor | Get adequate rest | Stay hydrated | Follow prescribed treatment
Allergy,"shivering, chills, watering from eyes",Consult a doctor | Get adequate rest | Stay hydrated | Follow prescribed treatment
Allergy,"continuous sneezing, chills, watering from eyes",Consult a doctor | Get adequate rest | Stay hydrated | Follow prescribed treatment
Allergy,"continuous sneezing, shivering, watering from eyes",Consult a doctor | Get adequate rest | Stay hydrated | Follow prescribed treatment
Allergy,"continuous sneezing, shivering, chills",Consult a doctor | Get adequate rest | Stay hydrated | Follow prescribed treatment
Allergy,"continuous sneezing, shivering, chills, watering from eyes",Consult a doctor | Get adequate rest | Stay hydrated | Follow prescribed treatment
GERD,"stomach pain, acidity, ulcers on tongue, vomiting, cough, chest pain",avoid fatty spicy food | avoid lying down after eating | maintain healthy weight | exercise
GERD,"stomach pain, ulcers on tongue, vomiting, cough, chest pain",avoid fatty spicy food | avoid lying down after eating | maintain healthy weight | exercise
GERD,"stomach pain, acidity, vomiting, cough, chest pain",avoid fatty spicy food | avoid lying down after eating | maintain healthy weight | exercise
GERD,"stomach pain, acidity, ulcers on tongue, cough, chest pain",avoid fatty spicy food | avoid lying down after eating | maintain healthy weight | exercise
GERD,"stomach pain, acidity, ulcers on tongue, vomiting, chest pain",avoid fatty spicy food | avoid lying down after eating | maintain healthy weight | exercise
GERD,"stomach pain, acidity, ulcers on tongue, vomiting, cough",avoid fatty spicy food | avoid lying down after eating | maintain healthy weight | exercise
GERD,"acidity, ulcers on tongue, vomiting, cough, chest pain",avoid fatty spicy food | avoid lying down after eating | maintain healthy weight | exercise
GERD,"stomach pain, ulcers on tongue, vomiting, cough, chest pain",avoid fatty spicy food | avoid lying down after eating | maintain healthy weight | exercise
GERD,"stomach pain, acidity, vomiting, cough, chest pain",avoid fatty spicy food | avoid lying down after eating | maintain healthy weight | exercise
GERD,"stomach pain, acidity, ulcers on tongue, cough, chest pain",avoid fatty spicy food | avoid lying down after eating | maintain healthy weight | exercise
Chronic cholestasis,"itching, vomiting, yellowish skin, nausea, loss of appetite, abdominal pain, yellowing of eyes",cold baths | anti itch medicine | consult doctor | eat healthy
Chronic cholestasis,"vomiting, yellowish skin, nausea, loss of appetite, abdominal pain, yellowing of eyes",cold baths | anti itch medicine | consult doctor | eat healthy
Chronic cholestasis,"itching, yellowish skin, nausea, loss of appetite, abdominal pain, yellowing of eyes",cold baths | anti itch medicine | consult doctor | eat healthy
Chronic cholestasis,"itching, vomiting, nausea, loss of appetite, abdominal pain, yellowing of eyes",cold baths | anti itch medicine | consult doctor | eat healthy
Chronic cholestasis,"itching, vomiting, yellowish skin, loss of appetite, abdominal pain, yellowing of eyes",cold baths | anti itch medicine | consult doctor | eat healthy
Chronic cholestasis,"itching, vomiting, yellowish skin, nausea, abdominal pain, yellowing of eyes",cold baths | anti itch medicine | consult doctor | eat healthy
Chronic cholestasis,"itching, vomiting, yellowish skin, nausea, loss of appetite, yellowing of eyes",cold baths | anti itch medicine | consult doctor | eat healthy
Chronic cholestasis,"itching, vomiting, yellowish skin, nausea, loss of appetite, abdominal pain",cold baths | anti itch medicine | consult doctor | eat healthy
Chronic cholestasis,"itching, vomiting, yellowish skin, nausea, loss of appetite, abdominal pain, yellowing of eyes",cold baths | anti itch medicine | consult doctor | eat healthy
Chronic cholestasis,"itching, vomiting, yellowish skin, nausea, loss of appetite, abdominal pain, yellowing of eyes",cold baths | anti itch medicine | consult doctor | eat healthy
Drug Reaction,"itching, skin rash, stomach pain, burning micturition, spotting  urination",Consult a doctor | Get adequate rest | Stay hydrated | Follow prescribed treatment
Drug Reaction,"itching, stomach pain, burning micturition, spotting  urination",Consult a doctor | Get adequate rest | Stay hydrated | Follow prescribed treatment
Drug Reaction,"itching, skin rash, burning micturition, spotting  urination",Consult a doctor | Get adequate rest | Stay hydrated | Follow prescribed treatment
Drug Reaction,"itching, skin rash, stomach pain, spotting  urination",Consult a doctor | Get adequate rest | Stay hydrated | Follow prescribed treatment
Drug Reaction,"itching, skin rash, stomach pain, burning micturition",Consult a doctor | Get adequate rest | Stay hydrated | Follow prescribed treatment
Drug Reaction,"skin rash, stomach pain, burning micturition, spotting  urination",Consult a doctor | Get adequate rest | Stay hydrated | Follow prescribed treatment
Drug Reaction,"itching, stomach pain, burning micturition, spotting  urination",Consult a doctor | Get adequate rest | Stay hydrated | Follow prescribed treatment
Drug Reaction,"itching, skin rash, burning micturition, spotting  urination",Consult a doctor | Get adequate rest | Stay hydrated | Follow prescribed treatment
Drug Reaction,"itching, skin rash, stomach pain, spotting  urination",Consult a doctor | Get adequate rest | Stay hydrated | Follow prescribed treatment
Drug Reaction,"itching, skin rash, stomach pain, burning micturition",Consult a doctor | Get adequate rest | Stay hydrated | Follow prescribed treatment
Peptic ulcer diseae,"vomiting, loss of appetite, abdominal pain, passage of gases, internal itching",avoid fatty spicy food | consume probiotic food | eliminate milk | limit alcohol
Peptic ulcer diseae,"vomiting, indigestion, abdominal pain, passage of gases, internal itching",avoid fatty spicy food | consume probiotic food | eliminate milk | limit alcohol
Peptic ulcer diseae,"indigestion, loss of appetite, abdominal pain, passage of gases, internal itching",avoid fatty spicy food | consume probiotic food | eliminate milk | limit alcohol
Peptic ulcer diseae,"vomiting, loss of appetite, abdominal pain, passage of gases, internal itching",avoid fatty spicy food | consume probiotic food | eliminate milk | limit alcohol
Peptic ulcer diseae,"vomiting, indigestion, abdominal pain, passage of gases, internal itching",avoid fatty spicy food | consume probiotic food | eliminate milk | limit alcohol
Peptic ulcer diseae,"vomiting, indigestion, loss of appetite, passage of gases, internal itching",avoid fatty spicy food | consume probiotic food | eliminate milk | limit alcohol
Peptic ulcer diseae,"vomiting, indigestion, loss of appetite, abdominal pain, internal itching",avoid fatty spicy food | consume probiotic food | eliminate milk | limit alcohol
Peptic ulcer diseae,"vomiting, indigestion, loss of appetite, abdominal pain, passage of gases",avoid fatty spicy food | consume probiotic food | eliminate milk | limit alcohol
Peptic ulcer diseae,"vomiting, indigestion, loss of appetite, abdominal pain, passage of gases, internal itching",avoid fatty spicy food | consume probiotic food | eliminate milk | limit alcohol
Peptic ulcer diseae,"vomiting, indigestion, loss of appetite, abdominal pain, passage of gases, internal itching",avoid fatty spicy food | consume probiotic food | eliminate milk | limit alcohol
AIDS,"muscle wasting, patches in throat, high fever, extra marital contacts",avoid open cuts | wear ppe if possible | consult doctor | follow up
AIDS,"patches in throat, high fever, extra marital contacts",avoid open cuts | wear ppe if possible | consult doctor | follow up
AIDS,"muscle wasting, high fever, extra marital contacts",avoid open cuts | wear ppe if possible | consult doctor | follow up
AIDS,"muscle wasting, patches in throat, extra marital contacts",avoid open cuts | wear ppe if possible | consult doctor | follow up
AIDS,"muscle wasting, patches in throat, high fever",avoid open cuts | wear ppe if possible | consult doctor | follow up
AIDS,"muscle wasting, patches in throat, high fever, extra marital contacts",avoid open cuts | wear ppe if possible | consult doctor | follow up
AIDS,"muscle wasting, patches in throat, high fever, extra marital contacts",avoid open cuts | wear ppe if possible | consult doctor | follow up
AIDS,"patches in throat, high fever, extra marital contacts",avoid open cuts | wear ppe if possible | consult doctor | follow up
AIDS,"muscle wasting, high fever, extra marital contacts",avoid open cuts | wear ppe if possible | consult doctor | follow up
AIDS,"muscle wasting, patches in throat, high fever",avoid open cuts | wear ppe if possible | consult doctor | follow up
Diabetes ,"fatigue, weight loss, restlessness, lethargy, irregular sugar level, blurred and distorted vision, obesity, excessive hunger, increased appetite, polyuria",have balanced diet | exercise | consult doctor | follow up
Diabetes ,"fatigue, weight loss, restlessness, lethargy, irregular sugar level, blurred and distorted vision, obesity, excessive hunger, increased appetite, polyuria",have balanced diet | exercise | consult doctor | follow up
Diabetes ,"weight loss, restlessness, lethargy, irregular sugar level, blurred and distorted vision, obesity, excessive hunger, increased appetite, polyuria",have balanced diet | exercise | consult doctor | follow up
Diabetes ,"fatigue, restlessness, lethargy, irregular sugar level, blurred and distorted vision, obesity, excessive hunger, increased appetite, polyuria",have balanced diet | exercise | consult doctor | follow up
Diabetes ,"fatigue, weight loss, lethargy, irregular sugar level, blurred and distorted vision, obesity, excessive hunger, increased appetite, polyuria",have balanced diet | exercise | consult doctor | follow up
Diabetes ,"fatigue, weight loss, restlessness, irregular sugar level, blurred and distorted vision, obesity, excessive hunger, increased appetite, polyuria",have balanced diet | exercise | consult doctor | follow up
Diabetes ,"fatigue, weight loss, restlessness, lethargy, blurred and distorted vision, obesity, excessive hunger, increased appetite, polyuria",have balanced diet | exercise | consult doctor | follow up
Diabetes ,"fatigue, weight loss, restlessness, lethargy, irregular sugar level, obesity, excessive hunger, increased appetite, polyuria",have balanced diet | exercise | consult doctor | follow up
Diabetes ,"fatigue, weight loss, restlessness, lethargy, irregular sugar level, blurred and distorted vision, excessive hunger, increased appetite, polyuria",have balanced diet | exercise | consult doctor | follow up
Diabetes ,"fatigue, weight loss, restlessness, lethargy, irregular sugar level, blurred and distorted vision, obesity, increased appetite, polyuria",have balanced diet | exercise | consult doctor | follow up
Gastroenteritis,"vomiting, sunken eyes, dehydration, diarrhoea",stop eating solid food for while | try taking small sips of water | rest | ease back into eating
Gastroenteritis,"vomiting, sunken eyes, dehydration, diarrhoea",stop eating solid food for while | try taking small sips of water | rest | ease back into eating
Gastroenteritis,"sunken eyes, dehydration, diarrhoea",stop eating solid food for while | try taking small sips of water | rest | ease back into eating
Gastroenteritis,"vomiting, dehydration, diarrhoea",stop eating solid food for while | try taking small sips of water | rest | ease back into eating
Gastroenteritis,"vomiting, sunken eyes, diarrhoea",stop eating solid food for while | try taking small sips of water | rest | ease back into eating
Gastroenteritis,"vomiting, sunken eyes, dehydration",stop eating solid food for while | try taking small sips of water | rest | ease back into eating
Gastroenteritis,"vomiting, sunken eyes, dehydration, diarrhoea",stop eating solid food for while | try taking small sips of water | rest | ease back into eating
Gastroenteritis,"sunken eyes, dehydration, diarrhoea",stop eating solid food for while | try taking small sips of water | rest | ease back into eating
Gastroenteritis,"vomiting, dehydration, diarrhoea",stop eating solid food for while | try taking small sips of water | rest | ease back into eating
Gastroenteritis,"vomiting, sunken eyes, diarrhoea",stop eating solid food for while | try taking small sips of water | rest | ease back into eating
Bronchial Asthma,"fatigue, cough, high fever, breathlessness, family history, mucoid sputum",switch to loose cloothing | take deep breaths | get away from trigger | seek help
Bronchial Asthma,"cough, high fever, breathlessness, family history, mucoid sputum",switch to loose cloothing | take deep breaths | get away from trigger | seek help
Bronchial Asthma,"fatigue, high fever, breathlessness, family history, mucoid sputum",switch to loose cloothing | take deep breaths | get away from trigger | seek help
Bronchial Asthma,"fatigue, cough, breathlessness, family history, mucoid sputum",switch to loose cloothing | take deep breaths | get away from trigger | seek help
Bronchial Asthma,"fatigue, cough, high fever, family history, mucoid sputum",switch to loose cloothing | take deep breaths | get away from trigger | seek help
Bronchial Asthma,"fatigue, cough, high fever, breathlessness, mucoid sputum",switch to loose cloothing | take deep breaths | get away from trigger | seek help
Bronchial Asthma,"fatigue, cough, high fever, breathlessness, family history",switch to loose cloothing | take deep breaths | get away from trigger | seek help
Bronchial Asthma,"fatigue, cough, high fever, breathlessness, family history, mucoid sputum",switch to loose cloothing | take deep breaths | get away from trigger | seek help
Bronchial Asthma,"cough, high fever, breathlessness, family history, mucoid sputum",switch to loose cloothing | take deep breaths | get away from trigger | seek help
Bronchial Asthma,"fatigue, high fever, breathlessness, family history, mucoid sputum",switch to loose cloothing | take deep breaths | get away from trigger | seek help
Hypertension ,"headache, chest pain, dizziness, loss of balance, lack of concentration",meditation | salt baths | reduce stress | get proper sleep
Hypertension ,"chest pain, dizziness, loss of balance, lack of concentration",meditation | salt baths | reduce stress | get proper sleep
Hypertension ,"headache, dizziness, loss of balance, lack of concentration",meditation | salt baths | reduce stress | get proper sleep
Hypertension ,"headache, chest pain, loss of balance, lack of concentration",meditation | salt baths | reduce stress | get proper sleep
Hypertension ,"headache, chest pain, dizziness, lack of concentration",meditation | salt baths | reduce stress | get proper sleep
Hypertension ,"headache, chest pain, dizziness, loss of balance",meditation | salt baths | reduce stress | get proper sleep
Hypertension ,"headache, chest pain, dizziness, loss of balance, lack of concentration",meditation | salt baths | reduce stress | get proper sleep
Hypertension ,"chest pain, dizziness, loss of balance, lack of concentration",meditation | salt baths | reduce stress | get proper sleep
Hypertension ,"headache, dizziness, loss of balance, lack of concentration",meditation | salt baths | reduce stress | get proper sleep
Hypertension ,"headache, chest pain, loss of balance, lack of concentration",meditation | salt baths | reduce stress | get proper sleep
Migraine,"acidity, indigestion, headache, blurred and distorted vision, excessive hunger, stiff neck, depression, irritability, visual disturbances",meditation | reduce stress | use poloroid glasses in sun | consult doctor
Migraine,"indigestion, headache, blurred and distorted vision, excessive hunger, stiff neck, depression, irritability, visual disturbances",meditation | reduce stress | use poloroid glasses in sun | consult doctor
Migraine,"acidity, headache, blurred and distorted vision, excessive hunger, stiff neck, depression, irritability, visual disturbances",meditation | reduce stress | use poloroid glasses in sun | consult doctor
Migraine,"acidity, indigestion, blurred and distorted vision, excessive hunger, stiff neck, depression, irritability, visual disturbances",meditation | reduce stress | use poloroid glasses in sun | consult doctor
Migraine,"acidity, indigestion, headache, excessive hunger, stiff neck, depression, irritability, visual disturbances",meditation | reduce stress | use poloroid glasses in sun | consult doctor
Migraine,"acidity, indigestion, headache, blurred and distorted vision, stiff neck, depression, irritability, visual disturbances",meditation | reduce stress | use poloroid glasses in sun | consult doctor
Migraine,"acidity, indigestion, headache, blurred and distorted vision, excessive hunger, depression, irritability, visual disturbances",meditation | reduce stress | use poloroid glasses in sun | consult doctor
Migraine,"acidity, indigestion, headache, blurred and distorted vision, excessive hunger, stiff neck, irritability, visual disturbances",meditation | reduce stress | use poloroid glasses in sun | consult doctor
Migraine,"acidity, indigestion, headache, blurred and distorted vision, excessive hunger, stiff neck, depression, visual disturbances",meditation | reduce stress | use poloroid glasses in sun | consult doctor
Migraine,"acidity, indigestion, headache, blurred and distorted vision, excessive hunger, stiff neck, depression, irritability",meditation | reduce stress | use poloroid glasses in sun | consult doctor
Cervical spondylosis,"back pain, weakness in limbs, neck pain, dizziness, loss of balance",use heating pad or cold pack | exercise | take otc pain reliver | consult doctor
Cervical spondylosis,"back pain, weakness in limbs, neck pain, dizziness, loss of balance",use heating pad or cold pack | exercise | take otc pain reliver | consult doctor
Cervical spondylosis,"weakness in limbs, neck pain, dizziness, loss of balance",use heating pad or cold pack | exercise | take otc pain reliver | consult doctor
Cervical spondylosis,"back pain, neck pain, dizziness, loss of balance",use heating pad or cold pack | exercise | take otc pain reliver | consult doctor
Cervical spondylosis,"back pain, weakness in limbs, dizziness, loss of balance",use heating pad or cold pack | exercise | take otc pain reliver | consult doctor
Cervical spondylosis,"back pain, weakness in limbs, neck pain, loss of balance",use heating pad or cold pack | exercise | take otc pain reliver | consult doctor
Cervical spondylosis,"back pain, weakness in limbs, neck pain, dizziness",use heating pad or cold pack | exercise | take otc pain reliver | consult doctor
Cervical spondylosis,"back pain, weakness in limbs, neck pain, dizziness, loss of balance",use heating pad or cold pack | exercise | take otc pain reliver | consult doctor
Cervical spondylosis,"weakness in limbs, neck pain, dizziness, loss of balance",use heating pad or cold pack | exercise | take otc pain reliver | consult doctor
Cervical spondylosis,"back pain, neck pain, dizziness, loss of balance",use heating pad or cold pack | exercise | take otc pain reliver | consult doctor
Paralysis (brain hemorrhage),"vomiting, headache, weakness of one body side, altered sensorium",massage | eat healthy | exercise | consult doctor
Paralysis (brain hemorrhage),"vomiting, headache, weakness of one body side, altered sensorium",massage | eat healthy | exercise | consult doctor
Paralysis (brain hemorrhage),"headache, weakness of one body side, altered sensorium",massage | eat healthy | exercise | consult doctor
Paralysis (brain hemorrhage),"vomiting, weakness of one body side, altered sensorium",massage | eat healthy | exercise | consult doctor
Paralysis (brain hemorrhage),"vomiting, headache, altered sensorium",massage | eat healthy | exercise | consult doctor
Paralysis (brain hemorrhage),"vomiting, headache, weakness of one body side",massage | eat healthy | exercise | consult doctor
Paralysis (brain hemorrhage),"vomiting, headache, weakness of one body side, altered sensorium",massage | eat healthy | exercise | consult doctor
Paralysis (brain hemorrhage),"headache, weakness of one body side, altered sensorium",massage | eat healthy | exercise | consult doctor
Paralysis (brain hemorrhage),"vomiting, weakness of one body side, altered sensorium",massage | eat healthy | exercise | consult doctor
Paralysis (brain hemorrhage),"vomiting, headache, altered sensorium",massage | eat healthy | exercise | consult doctor
Jaundice,"itching, vomiting, fatigue, weight loss, high fever, yellowish skin, dark urine, abdominal pain",drink plenty of water | consume milk thistle | eat fruits and high fiberous food | medication
Jaundice,"itching, vomiting, fatigue, weight loss, high fever, yellowish skin, dark urine, abdominal pain",drink plenty of water | consume milk thistle | eat fruits and high fiberous food | medication
Jaundice,"vomiting, fatigue, weight loss, high fever, yellowish skin, dark urine, abdominal pain",drink plenty of water | consume milk thistle | eat fruits and high fiberous food | medication
Jaundice,"itching, fatigue, weight loss, high fever, yellowish skin, dark urine, abdominal pain",drink plenty of water | consume milk thistle | eat fruits and high fiberous food | medication
Jaundice,"itching, vomiting, weight loss, high fever, yellowish skin, dark urine, abdominal pain",drink plenty of water | consume milk thistle | eat fruits and high fiberous food | medication
Jaundice,"itching, vomiting, fatigue, high fever, yellowish skin, dark urine, abdominal pain",drink plenty of water | consume milk thistle | eat fruits and high fiberous food | medication
Jaundice,"itching, vomiting, fatigue, weight loss, yellowish skin, dark urine, abdominal pain",drink plenty of water | consume milk thistle | eat fruits and high fiberous food | medication
Jaundice,"itching, vomiting, fatigue, weight loss, high fever, dark urine, abdominal pain",drink plenty of water | consume milk thistle | eat fruits and high fiberous food | medication
Jaundice,"itching, vomiting, fatigue, weight loss, high fever, yellowish skin, abdominal pain",drink plenty of water | consume milk thistle | eat fruits and high fiberous food | medication
Jaundice,"itching, vomiting, fatigue, weight loss, high fever, yellowish skin, dark urine",drink plenty of water | consume milk thistle | eat fruits and high fiberous food | medication
Malaria,"chills, vomiting, high fever, sweating, headache, nausea, muscle pain",Consult nearest hospital | avoid oily food | avoid non veg food | keep mosquitos out
Malaria,"chills, vomiting, high fever, sweating, headache, nausea, diarrhoea, muscle pain",Consult nearest hospital | avoid oily food | avoid non veg food | keep mosquitos out
Malaria,"chills, vomiting, high fever, sweating, headache, nausea, diarrhoea, muscle pain",Consult nearest hospital | avoid oily food | avoid non veg food | keep mosquitos out
Malaria,"vomiting, high fever, sweating, headache, nausea, diarrhoea, muscle pain",Consult nearest hospital | avoid oily food | avoid non veg food | keep mosquitos out
Malaria,"chills, high fever, sweating, headache, nausea, diarrhoea, muscle pain",Consult nearest hospital | avoid oily food | avoid non veg food | keep mosquitos out
Malaria,"chills, vomiting, sweating, headache, nausea, diarrhoea, muscle pain",Consult nearest hospital | avoid oily food | avoid non veg food | keep mosquitos out
Malaria,"chills, vomiting, high fever, headache, nausea, diarrhoea, muscle pain",Consult nearest hospital | avoid oily food | avoid non veg food | keep mosquitos out
Malaria,"chills, vomiting, high fever, sweating, nausea, diarrhoea, muscle pain",Consult nearest hospital | avoid oily food | avoid non veg food | keep mosquitos out
Malaria,"chills, vomiting, high fever, sweating, headache, diarrhoea, muscle pain",Consult nearest hospital | avoid oily food | avoid non veg food | keep mosquitos out
Malaria,"chills, vomiting, high fever, sweating, headache, nausea, muscle pain",Consult nearest hospital | avoid oily food | avoid non veg food | keep mosquitos out
Chicken pox,"itching, skin rash, fatigue, lethargy, high fever, headache, loss of appetite, mild fever, swelled lymph nodes, malaise, red spots over body",use neem in bathing | consume neem leaves | take vaccine | avoid public places
Chicken pox,"skin rash, fatigue, lethargy, high fever, headache, loss of appetite, mild fever, swelled lymph nodes, malaise, red spots over body",use neem in bathing | consume neem leaves | take vaccine | avoid public places
Chicken pox,"itching, fatigue, lethargy, high fever, headache, loss of appetite, mild fever, swelled lymph nodes, malaise, red spots over body",use neem in bathing | consume neem leaves | take vaccine | avoid public places
Chicken pox,"itching, skin rash, lethargy, high fever, headache, loss of appetite, mild fever, swelled lymph nodes, malaise, red spots over body",use neem in bathing | consume neem leaves | take vaccine | avoid public places
Chicken pox,"itching, skin rash, fatigue, high fever, headache, loss of appetite, mild fever, swelled lymph nodes, malaise, red spots over body",use neem in bathing | consume neem leaves | take vaccine | avoid public places
Chicken pox,"itching, skin rash, fatigue, lethargy, headache, loss of appetite, mild fever, swelled lymph nodes, malaise, red spots over body",use neem in bathing | consume neem leaves | take vaccine | avoid public places
Chicken pox,"itching, skin rash, fatigue, lethargy, high fever, loss of appetite, mild fever, swelled lymph nodes, malaise, red spots over body",use neem in bathing | consume neem leaves | take vaccine | avoid public places
Chicken pox,"itching, skin rash, fatigue, lethargy, high fever, headache, mild fever, swelled lymph nodes, malaise, red spots over body",use neem in bathing | consume neem leaves | take vaccine | avoid public places
Chicken pox,"itching, skin rash, fatigue, lethargy, high fever, headache, loss of appetite, swelled lymph nodes, malaise, red spots over body",use neem in bathing | consume neem leaves | take vaccine | avoid public places
Chicken pox,"itching, skin rash, fatigue, lethargy, high fever, headache, loss of appetite, mild fever, malaise, red spots over body",use neem in bathing | consume neem leaves | take vaccine | avoid public places
Dengue,"skin rash, chills, joint pain, vomiting, fatigue, high fever, headache, nausea, loss of appetite, pain behind the eyes, back pain, muscle pain, red spots over body",drink papaya leaf juice | avoid fatty spicy food | keep mosquitos away | keep hydrated
Dengue,"skin rash, chills, joint pain, vomiting, fatigue, high fever, headache, nausea, loss of appetite, pain behind the eyes, back pain, malaise, red spots over body",drink papaya leaf juice | avoid fatty spicy food | keep mosquitos away | keep hydrated
Dengue,"skin rash, chills, joint pain, vomiting, fatigue, high fever, headache, nausea, loss of appetite, pain behind the eyes, back pain, malaise, muscle pain",drink papaya leaf juice | avoid fatty spicy food | keep mosquitos away | keep hydrated
Dengue,"skin rash, chills, joint pain, vomiting, fatigue, high fever, headache, nausea, loss of appetite, pain behind the eyes, back pain, malaise, muscle pain, red spots over body",drink papaya leaf juice | avoid fatty spicy food | keep mosquitos away | keep hydrated
Dengue,"chills, joint pain, vomiting, fatigue, high fever, headache, nausea, loss of appetite, pain behind the eyes, back pain, malaise, muscle pain, red spots over body",drink papaya leaf juice | avoid fatty spicy food | keep mosquitos away | keep hydrated
Dengue,"skin rash, joint pain, vomiting, fatigue, high fever, headache, nausea, loss of appetite, pain behind the eyes, back pain, malaise, muscle pain, red spots over body",drink papaya leaf juice | avoid fatty spicy food | keep mosquitos away | keep hydrated
Dengue,"skin rash, chills, vomiting, fatigue, high fever, headache, nausea, loss of appetite, pain behind the eyes, back pain, malaise, muscle pain, red spots over body",drink papaya leaf juice | avoid fatty spicy food | keep mosquitos away | keep hydrated
Dengue,"skin rash, chills, joint pain, fatigue, high fever, headache, nausea, loss of appetite, pain behind the eyes, back pain, malaise, muscle pain, red spots over body",drink papaya leaf juice | avoid fatty spicy food | keep mosquitos away | keep hydrated
Dengue,"skin rash, chills, joint pain, vomiting, high fever, headache, nausea, loss of appetite, pain behind the eyes, back pain, malaise, muscle pain, red spots over body",drink papaya leaf juice | avoid fatty spicy food | keep mosquitos away | keep hydrated
Dengue,"skin rash, chills, joint pain, vomiting, fatigue, headache, nausea, loss of appetite, pain behind the eyes, back pain, malaise, muscle pain, red spots over body",drink papaya leaf juice | avoid fatty spicy food | keep mosquitos away | keep hydrated
Typhoid,"chills, vomiting, fatigue, high fever, nausea, constipation, abdominal pain, diarrhoea, toxic look (typhos), belly pain",eat high calorie vegitables | antiboitic therapy | consult doctor | medication
Typhoid,"chills, vomiting, fatigue, high fever, headache, constipation, abdominal pain, diarrhoea, toxic look (typhos), belly pain",eat high calorie vegitables | antiboitic therapy | consult doctor | medication
Typhoid,"chills, vomiting, fatigue, high fever, headache, nausea, abdominal pain, diarrhoea, toxic look (typhos), belly pain",eat high calorie vegitables | antiboitic therapy | consult doctor | medication
Typhoid,"chills, vomiting, fatigue, high fever, headache, nausea, constipation, diarrhoea, toxic look (typhos), belly pain",eat high calorie vegitables | antiboitic therapy | consult doctor | medication
Typhoid,"chills, vomiting, fatigue, high fever, headache, nausea, constipation, abdominal pain, toxic look (typhos), belly pain",eat high calorie vegitables | antiboitic therapy | consult doctor | medication
Typhoid,"chills, vomiting, fatigue, high fever, headache, nausea, constipation, abdominal pain, diarrhoea, belly pain",eat high calorie vegitables | antiboitic therapy | consult doctor | medication
Typhoid,"chills, vomiting, fatigue, high fever, headache, nausea, constipation, abdominal pain, diarrhoea, toxic look (typhos)",eat high calorie vegitables | antiboitic therapy | consult doctor | medication
Typhoid,"chills, vomiting, fatigue, high fever, headache, nausea, constipation, abdominal pain, diarrhoea, toxic look (typhos), belly pain",eat high calorie vegitables | antiboitic therapy | consult doctor | medication
Typhoid,"chills, vomiting, fatigue, high fever, headache, nausea, constipation, abdominal pain, diarrhoea, toxic look (typhos), belly pain",eat high calorie vegitables | antiboitic therapy | consult doctor | medication
Typhoid,"chills, fatigue, high fever, headache, nausea, constipation, abdominal pain, diarrhoea, toxic look (typhos), belly pain",eat high calorie vegitables | antiboitic therapy | consult doctor | medication
hepatitis A,"joint pain, vomiting, yellowish skin, dark urine, nausea, loss of appetite, abdominal pain, diarrhoea, mild fever, yellowing of eyes, muscle pain",Consult nearest hospital | wash hands through | avoid fatty spicy food | medication
hepatitis A,"joint pain, vomiting, yellowish skin, dark urine, nausea, loss of appetite, abdominal pain, diarrhoea, mild fever, yellowing of eyes, muscle pain",Consult nearest hospital | wash hands through | avoid fatty spicy food | medication
hepatitis A,"vomiting, yellowish skin, dark urine, nausea, loss of appetite, abdominal pain, diarrhoea, mild fever, yellowing of eyes, muscle pain",Consult nearest hospital | wash hands through | avoid fatty spicy food | medication
hepatitis A,"joint pain, yellowish skin, dark urine, nausea, loss of appetite, abdominal pain, diarrhoea, mild fever, yellowing of eyes, muscle pain",Consult nearest hospital | wash hands through | avoid fatty spicy food | medication
hepatitis A,"joint pain, vomiting, dark urine, nausea, loss of appetite, abdominal pain, diarrhoea, mild fever, yellowing of eyes, muscle pain",Consult nearest hospital | wash hands through | avoid fatty spicy food | medication
hepatitis A,"joint pain, vomiting, yellowish skin, nausea, loss of appetite, abdominal pain, diarrhoea, mild fever, yellowing of eyes, muscle pain",Consult nearest hospital | wash hands through | avoid fatty spicy food | medication
hepatitis A,"joint pain, vomiting, yellowish skin, dark urine, loss of appetite, abdominal pain, diarrhoea, mild fever, yellowing of eyes, muscle pain",Consult nearest hospital | wash hands through | avoid fatty spicy food | medication
hepatitis A,"joint pain, vomiting, yellowish skin, dark urine, nausea, abdominal pain, diarrhoea, mild fever, yellowing of eyes, muscle pain",Consult nearest hospital | wash hands through | avoid fatty spicy food | medication
hepatitis A,"joint pain, vomiting, yellowish skin, dark urine, nausea, loss of appetite, diarrhoea, mild fever, yellowing of eyes, muscle pain",Consult nearest hospital | wash hands through | avoid fatty spicy food | medication
hepatitis A,"joint pain, vomiting, yellowish skin, dark urine, nausea, loss of appetite, abdominal pain, mild fever, yellowing of eyes, muscle pain",Consult nearest hospital | wash hands through | avoid fatty spicy food | medication
Hepatitis B,"itching, fatigue, lethargy, yellowish skin, dark urine, loss of appetite, abdominal pain, yellow urine, yellowing of eyes, malaise, receiving blood transfusion, receiving unsterile injections",consult nearest hospital | vaccination | eat healthy | medication
Hepatitis B,"itching, fatigue, lethargy, yellowish skin, dark urine, loss of appetite, abdominal pain, yellow urine, yellowing of eyes, malaise, receiving blood transfusion, receiving unsterile injections",consult nearest hospital | vaccination | eat healthy | medication
Hepatitis B,"fatigue, lethargy, yellowish skin, dark urine, loss of appetite, abdominal pain, yellow urine, yellowing of eyes, malaise, receiving blood transfusion, receiving unsterile injections",consult nearest hospital | vaccination | eat healthy | medication
Hepatitis B,"itching, lethargy, yellowish skin, dark urine, loss of appetite, abdominal pain, yellow urine, yellowing of eyes, malaise, receiving blood transfusion, receiving unsterile injections",consult nearest hospital | vaccination | eat healthy | medication
Hepatitis B,"itching, fatigue, yellowish skin, dark urine, loss of appetite, abdominal pain, yellow urine, yellowing of eyes, malaise, receiving blood transfusion, receiving unsterile injections",consult nearest hospital | vaccination | eat healthy | medication
Hepatitis B,"itching, fatigue, lethargy, dark urine, loss of appetite, abdominal pain, yellow urine, yellowing of eyes, malaise, receiving blood transfusion, receiving unsterile injections",consult nearest hospital | vaccination | eat healthy | medication
Hepatitis B,"itching, fatigue, lethargy, yellowish skin, loss of appetite, abdominal pain, yellow urine, yellowing of eyes, malaise, receiving blood transfusion, receiving unsterile injections",consult nearest hospital | vaccination | eat healthy | medication
Hepatitis B,"itching, fatigue, lethargy, yellowish skin, dark urine, abdominal pain, yellow urine, yellowing of eyes, malaise, receiving blood transfusion, receiving unsterile injections",consult nearest hospital | vaccination | eat healthy | medication
Hepatitis B,"itching, fatigue, lethargy, yellowish skin, dark urine, loss of appetite, yellow urine, yellowing of eyes, malaise, receiving blood transfusion, receiving unsterile injections",consult nearest hospital | vaccination | eat healthy | medication
Hepatitis B,"itching, fatigue, lethargy, yellowish skin, dark urine, loss of appetite, abdominal pain, yellowing of eyes, malaise, receiving blood transfusion, receiving unsterile injections",consult nearest hospital | vaccination | eat healthy | medication
Hepatitis C,"fatigue, yellowish skin, nausea, loss of appetite, family history",Consult nearest hospital | vaccination | eat healthy | medication
Hepatitis C,"fatigue, yellowish skin, nausea, loss of appetite, yellowing of eyes, family history",Consult nearest hospital | vaccination | eat healthy | medication
Hepatitis C,"yellowish skin, nausea, loss of appetite, yellowing of eyes, family history",Consult nearest hospital | vaccination | eat healthy | medication
Hepatitis C,"fatigue, nausea, loss of appetite, yellowing of eyes, family history",Consult nearest hospital | vaccination | eat healthy | medication
Hepatitis C,"fatigue, yellowish skin, loss of appetite, yellowing of eyes, family history",Consult nearest hospital | vaccination | eat healthy | medication
Hepatitis C,"fatigue, yellowish skin, nausea, yellowing of eyes, family history",Consult nearest hospital | vaccination | eat healthy | medication
Hepatitis C,"fatigue, yellowish skin, nausea, loss of appetite, family history",Consult nearest hospital | vaccination | eat healthy | medication
Hepatitis C,"fatigue, yellowish skin, nausea, loss of appetite, yellowing of eyes",Consult nearest hospital | vaccination | eat healthy | medication
Hepatitis C,"fatigue, yellowish skin, nausea, loss of appetite, yellowing of eyes, family history",Consult nearest hospital | vaccination | eat healthy | medication
Hepatitis C,"fatigue, yellowish skin, nausea, loss of appetite, yellowing of eyes, family history",Consult nearest hospital | vaccination | eat healthy | medication
Hepatitis D,"joint pain, vomiting, fatigue, yellowish skin, dark urine, nausea, loss of appetite, abdominal pain, yellowing of eyes",consult doctor | medication | eat healthy | follow up
Hepatitis D,"vomiting, fatigue, yellowish skin, dark urine, nausea, loss of appetite, abdominal pain, yellowing of eyes",consult doctor | medication | eat healthy | follow up
Hepatitis D,"joint pain, fatigue, yellowish skin, dark urine, nausea, loss of appetite, abdominal pain, yellowing of eyes",consult doctor | medication | eat healthy | follow up
Hepatitis D,"joint pain, vomiting, yellowish skin, dark urine, nausea, loss of appetite, abdominal pain, yellowing of eyes",consult doctor | medication | eat healthy | follow up
Hepatitis D,"joint pain, vomiting, fatigue, dark urine, nausea, loss of appetite, abdominal pain, yellowing of eyes",consult doctor | medication | eat healthy | follow up
Hepatitis D,"joint pain, vomiting, fatigue, yellowish skin, nausea, loss of appetite, abdominal pain, yellowing of eyes",consult doctor | medication | eat healthy | follow up
Hepatitis D,"joint pain, vomiting, fatigue, yellowish skin, dark urine, loss of appetite, abdominal pain, yellowing of eyes",consult doctor | medication | eat healthy | follow up
Hepatitis D,"joint pain, vomiting, fatigue, yellowish skin, dark urine, nausea, abdominal pain, yellowing of eyes",consult doctor | medication | eat healthy | follow up
Hepatitis D,"joint pain, vomiting, fatigue, yellowish skin, dark urine, nausea, loss of appetite, yellowing of eyes",consult doctor | medication | eat healthy | follow up
Hepatitis D,"joint pain, vomiting, fatigue, yellowish skin, dark urine, nausea, loss of appetite, abdominal pain",consult doctor | medication | eat healthy | follow up
Hepatitis E,"joint pain, vomiting, fatigue, high fever, yellowish skin, dark urine, nausea, loss of appetite, abdominal pain, yellowing of eyes, coma, stomach bleeding",stop alcohol consumption | rest | consult doctor | medication
Hepatitis E,"joint pain, vomiting, fatigue, high fever, yellowish skin, dark urine, nausea, loss of appetite, abdominal pain, yellowing of eyes, acute liver failure, coma, stomach bleeding",stop alcohol consumption | rest | consult doctor | medication
Hepatitis E,"joint pain, vomiting, fatigue, high fever, yellowish skin, dark urine, nausea, loss of appetite, abdominal pain, yellowing of eyes, acute liver failure, coma, stomach bleeding",stop alcohol consumption | rest | consult doctor | medication
Hepatitis E,"vomiting, fatigue, high fever, yellowish skin, dark urine, nausea, loss of appetite, abdominal pain, yellowing of eyes, acute liver failure, coma, stomach bleeding",stop alcohol consumption | rest | consult doctor | medication
Hepatitis E,"joint pain, fatigue, high fever, yellowish skin, dark urine, nausea, loss of appetite, abdominal pain, yellowing of eyes, acute liver failure, coma, stomach bleeding",stop alcohol consumption | rest | consult doctor | medication
Hepatitis E,"joint pain, vomiting, high fever, yellowish skin, dark urine, nausea, loss of appetite, abdominal pain, yellowing of eyes, acute liver failure, coma, stomach bleeding",stop alcohol consumption | rest | consult doctor | medication
Hepatitis E,"joint pain, vomiting, fatigue, yellowish skin, dark urine, nausea, loss of appetite, abdominal pain, yellowing of eyes, acute liver failure, coma, stomach bleeding",stop alcohol consumption | rest | consult doctor | medication
Hepatitis E,"joint pain, vomiting, fatigue, high fever, dark urine, nausea, loss of appetite, abdominal pain, yellowing of eyes, acute liver failure, coma, stomach bleeding",stop alcohol consumption | rest | consult doctor | medication
Hepatitis E,"joint pain, vomiting, fatigue, high fever, yellowish skin, nausea, loss of appetite, abdominal pain, yellowing of eyes, acute liver failure, coma, stomach bleeding",stop alcohol consumption | rest | consult doctor | medication
Hepatitis E,"joint pain, vomiting, fatigue, high fever, yellowish skin, dark urine, loss of appetite, abdominal pain, yellowing of eyes, acute liver failure, coma, stomach bleeding",stop alcohol consumption | rest | consult doctor | medication
Alcoholic hepatitis,"vomiting, yellowish skin, abdominal pain, swelling of stomach, distention of abdomen, history of alcohol consumption, fluid overload",stop alcohol consumption | consult doctor | medication | follow up
Alcoholic hepatitis,"vomiting, yellowish skin, abdominal pain, swelling of stomach, distention of abdomen, history of alcohol consumption, fluid overload",stop alcohol consumption | consult doctor | medication | follow up
Alcoholic hepatitis,"yellowish skin, abdominal pain, swelling of stomach, distention of abdomen, history of alcohol consumption, fluid overload",stop alcohol consumption | consult doctor | medication | follow up
Alcoholic hepatitis,"vomiting, abdominal pain, swelling of stomach, distention of abdomen, history of alcohol consumption, fluid overload",stop alcohol consumption | consult doctor | medication | follow up
Alcoholic hepatitis,"vomiting, yellowish skin, swelling of stomach, distention of abdomen, history of alcohol consumption, fluid overload",stop alcohol consumption | consult doctor | medication | follow up
Alcoholic hepatitis,"vomiting, yellowish skin, abdominal pain, distention of abdomen, history of alcohol consumption, fluid overload",stop alcohol consumption | consult doctor | medication | follow up
Alcoholic hepatitis,"vomiting, yellowish skin, abdominal pain, swelling of stomach, history of alcohol consumption, fluid overload",stop alcohol consumption | consult doctor | medication | follow up
Alcoholic hepatitis,"vomiting, yellowish skin, abdominal pain, swelling of stomach, distention of abdomen, fluid overload",stop alcohol consumption | consult doctor | medication | follow up
Alcoholic hepatitis,"vomiting, yellowish skin, abdominal pain, swelling of stomach, distention of abdomen, history of alcohol consumption",stop alcohol consumption | consult doctor | medication | follow up
Alcoholic hepatitis,"vomiting, yellowish skin, abdominal pain, swelling of stomach, distention of abdomen, history of alcohol consumption, fluid overload",stop alcohol consumption | consult doctor | medication | follow up
Tuberculosis,"chills, vomiting, fatigue, weight loss, cough, high fever, breathlessness, sweating, loss of appetite, mild fever, yellowing of eyes, swelled lymph nodes, malaise, phlegm, chest pain, blood in sputum",cover mouth | consult doctor | medication | rest
Tuberculosis,"chills, vomiting, fatigue, weight loss, cough, high fever, breathlessness, sweating, loss of appetite, mild fever, yellowing of eyes, swelled lymph nodes, malaise, phlegm, chest pain, blood in sputum",cover mouth | consult doctor | medication | rest
Tuberculosis,"vomiting, fatigue, weight loss, cough, high fever, breathlessness, sweating, loss of appetite, mild fever, yellowing of eyes, swelled lymph nodes, malaise, phlegm, chest pain, blood in sputum",cover mouth | consult doctor | medication | rest
Tuberculosis,"chills, fatigue, weight loss, cough, high fever, breathlessness, sweating, loss of appetite, mild fever, yellowing of eyes, swelled lymph nodes, malaise, phlegm, chest pain, blood in sputum",cover mouth | consult doctor | medication | rest
Tuberculosis,"chills, vomiting, weight loss, cough, high fever, breathlessness, sweating, loss of appetite, mild fever, yellowing of eyes, swelled lymph nodes, malaise, phlegm, chest pain, blood in sputum",cover mouth | consult doctor | medication | rest
Tuberculosis,"chills, vomiting, fatigue, cough, high fever, breathlessness, sweating, loss of appetite, mild fever, yellowing of eyes, swelled lymph nodes, malaise, phlegm, chest pain, blood in sputum",cover mouth | consult doctor | medication | rest
Tuberculosis,"chills, vomiting, fatigue, weight loss, high fever, breathlessness, sweating, loss of appetite, mild fever, yellowing of eyes, swelled lymph nodes, malaise, phlegm, chest pain, blood in sputum",cover mouth | consult doctor | medication | rest
Tuberculosis,"chills, vomiting, fatigue, weight loss, cough, breathlessness, sweating, loss of appetite, mild fever, yellowing of eyes, swelled lymph nodes, malaise, phlegm, chest pain, blood in sputum",cover mouth | consult doctor | medication | rest
Tuberculosis,"chills, vomiting, fatigue, weight loss, cough, high fever, sweating, loss of appetite, mild fever, yellowing of eyes, swelled lymph nodes, malaise, phlegm, chest pain, blood in sputum",cover mouth | consult doctor | medication | rest
Tuberculosis,"chills, vomiting, fatigue, weight loss, cough, high fever, breathlessness, loss of appetite, mild fever, yellowing of eyes, swelled lymph nodes, malaise, phlegm, chest pain, blood in sputum",cover mouth | consult doctor | medication | rest
Common Cold,"continuous sneezing, chills, fatigue, cough, high fever, headache, swelled lymph nodes, malaise, phlegm, throat irritation, redness of eyes, sinus pressure, runny nose, congestion, chest pain, loss of smell, muscle pain",drink vitamin c rich drinks | take vapour | avoid cold food | keep fever in check
Common Cold,"continuous sneezing, chills, fatigue, cough, high fever, headache, swelled lymph nodes, malaise, phlegm, throat irritation, redness of eyes, sinus pressure, runny nose, congestion, chest pain, loss of smell, muscle pain",drink vitamin c rich drinks | take vapour | avoid cold food | keep fever in check
Common Cold,"chills, fatigue, cough, high fever, headache, swelled lymph nodes, malaise, phlegm, throat irritation, redness of eyes, sinus pressure, runny nose, congestion, chest pain, loss of smell, muscle pain",drink vitamin c rich drinks | take vapour | avoid cold food | keep fever in check
Common Cold,"continuous sneezing, fatigue, cough, high fever, headache, swelled lymph nodes, malaise, phlegm, throat irritation, redness of eyes, sinus pressure, runny nose, congestion, chest pain, loss of smell, muscle pain",drink vitamin c rich drinks | take vapour | avoid cold food | keep fever in check
Common Cold,"continuous sneezing, chills, cough, high fever, headache, swelled lymph nodes, malaise, phlegm, throat irritation, redness of eyes, sinus pressure, runny nose, congestion, chest pain, loss of smell, muscle pain",drink vitamin c rich drinks | take vapour | avoid cold food | keep fever in check
Common Cold,"continuous sneezing, chills, fatigue, high fever, headache, swelled lymph nodes, malaise, phlegm, throat irritation, redness of eyes, sinus pressure, runny nose, congestion, chest pain, loss of smell, muscle pain",drink vitamin c rich drinks | take vapour | avoid cold food | keep fever in check
Common Cold,"continuous sneezing, chills, fatigue, cough, headache, swelled lymph nodes, malaise, phlegm, throat irritation, redness of eyes, sinus pressure, runny nose, congestion, chest pain, loss of smell, muscle pain",drink vitamin c rich drinks | take vapour | avoid cold food | keep fever in check
Common Cold,"continuous sneezing, chills, fatigue, cough, high fever, swelled lymph nodes, malaise, phlegm, throat irritation, redness of eyes, sinus pressure, runny nose, congestion, chest pain, loss of smell, muscle pain",drink vitamin c rich drinks | take vapour | avoid cold food | keep fever in check
Common Cold,"continuous sneezing, chills, fatigue, cough, high fever, headache, malaise, phlegm, throat irritation, redness of eyes, sinus pressure, runny nose, congestion, chest pain, loss of smell, muscle pain",drink vitamin c rich drinks | take vapour | avoid cold food | keep fever in check
Common Cold,"continuous sneezing, chills, fatigue, cough, high fever, headache, swelled lymph nodes, phlegm, throat irritation, redness of eyes, sinus pressure, runny nose, congestion, chest pain, loss of smell, muscle pain",drink vitamin c rich drinks | take vapour | avoid cold food | keep fever in check
Pneumonia,"chills, fatigue, cough, high fever, breathlessness, sweating, malaise, chest pain, fast heart rate, rusty sputum",consult doctor | medication | rest | follow up
Pneumonia,"chills, fatigue, cough, high fever, breathlessness, sweating, malaise, phlegm, chest pain, fast heart rate, rusty sputum",consult doctor | medication | rest | follow up
Pneumonia,"chills, fatigue, cough, high fever, breathlessness, sweating, malaise, phlegm, chest pain, fast heart rate, rusty sputum",consult doctor | medication | rest | follow up
Pneumonia,"fatigue, cough, high fever, breathlessness, sweating, malaise, phlegm, chest pain, fast heart rate, rusty sputum",consult doctor | medication | rest | follow up
Pneumonia,"chills, cough, high fever, breathlessness, sweating, malaise, phlegm, chest pain, fast heart rate, rusty sputum",consult doctor | medication | rest | follow up
Pneumonia,"chills, fatigue, high fever, breathlessness, sweating, malaise, phlegm, chest pain, fast heart rate, rusty sputum",consult doctor | medication | rest | follow up
Pneumonia,"chills, fatigue, cough, breathlessness, sweating, malaise, phlegm, chest pain, fast heart rate, rusty sputum",consult doctor | medication | rest | follow up
Pneumonia,"chills, fatigue, cough, high fever, sweating, malaise, phlegm, chest pain, fast heart rate, rusty sputum",consult doctor | medication | rest | follow up
Pneumonia,"chills, fatigue, cough, high fever, breathlessness, malaise, phlegm, chest pain, fast heart rate, rusty sputum",consult doctor | medication | rest | follow up
Pneumonia,"chills, fatigue, cough, high fever, breathlessness, sweating, phlegm, chest pain, fast heart rate, rusty sputum",consult doctor | medication | rest | follow up
Dimorphic hemmorhoids(piles),"constipation, pain during bowel movements, pain in anal region, bloody stool, irritation in anus",avoid fatty spicy food | consume witch hazel | warm bath with epsom salt | consume alovera juice
Dimorphic hemmorhoids(piles),"constipation, pain during bowel movements, pain in anal region, bloody stool, irritation in anus",avoid fatty spicy food | consume witch hazel | warm bath with epsom salt | consume alovera juice
Dimorphic hemmorhoids(piles),"constipation, pain during bowel movements, pain in anal region, bloody stool, irritation in anus",avoid fatty spicy food | consume witch hazel | warm bath with epsom salt | consume alovera juice
Dimorphic hemmorhoids(piles),"pain during bowel movements, pain in anal region, bloody stool, irritation in anus",avoid fatty spicy food | consume witch hazel | warm bath with epsom salt | consume alovera juice
Dimorphic hemmorhoids(piles),"constipation, pain in anal region, bloody stool, irritation in anus",avoid fatty spicy food | consume witch hazel | warm bath with epsom salt | consume alovera juice
Dimorphic hemmorhoids(piles),"constipation, pain during bowel movements, bloody stool, irritation in anus",avoid fatty spicy food | consume witch hazel | warm bath with epsom salt | consume alovera juice
Dimorphic hemmorhoids(piles),"constipation, pain during bowel movements, pain in anal region, irritation in anus",avoid fatty spicy food | consume witch hazel | warm bath with epsom salt | consume alovera juice
Dimorphic hemmorhoids(piles),"constipation, pain during bowel movements, pain in anal region, bloody stool",avoid fatty spicy food | consume witch hazel | warm bath with epsom salt | consume alovera juice
Dimorphic hemmorhoids(piles),"constipation, pain during bowel movements, pain in anal region, bloody stool, irritation in anus",avoid fatty spicy food | consume witch hazel | warm bath with epsom salt | consume alovera juice
Dimorphic hemmorhoids(piles),"constipation, pain during bowel movements, pain in anal region, bloody stool, irritation in anus",avoid fatty spicy food | consume witch hazel | warm bath with epsom salt | consume alovera juice
Heart attack,"vomiting, breathlessness, sweating, chest pain",Consult a doctor | Get adequate rest | Stay hydrated | Follow prescribed treatment
Heart attack,"vomiting, breathlessness, sweating, chest pain",Consult a doctor | Get adequate rest | Stay hydrated | Follow prescribed treatment
Heart attack,"breathlessness, sweating, chest pain",Consult a doctor | Get adequate rest | Stay hydrated | Follow prescribed treatment
Heart attack,"vomiting, sweating, chest pain",Consult a doctor | Get adequate rest | Stay hydrated | Follow prescribed treatment
Heart attack,"vomiting, breathlessness, chest pain",Consult a doctor | Get adequate rest | Stay hydrated | Follow prescribed treatment
Heart attack,"vomiting, breathlessness, sweating",Consult a doctor | Get adequate rest | Stay hydrated | Follow prescribed treatment
Heart attack,"vomiting, breathlessness, sweating, chest pain",Consult a doctor | Get adequate rest | Stay hydrated | Follow prescribed treatment
Heart attack,"breathlessness, sweating, chest pain",Consult a doctor | Get adequate rest | Stay hydrated | Follow prescribed treatment
Heart attack,"vomiting, sweating, chest pain",Consult a doctor | Get adequate rest | Stay hydrated | Follow prescribed treatment
Heart attack,"vomiting, breathlessness, chest pain",Consult a doctor | Get adequate rest | Stay hydrated | Follow prescribed treatment
Varicose veins,"fatigue, cramps, bruising, obesity, swollen legs, swollen blood vessels, prominent veins on calf",lie down flat and raise the leg high | use oinments | use vein compression | dont stand still for long
Varicose veins,"fatigue, cramps, bruising, obesity, swollen legs, swollen blood vessels, prominent veins on calf",lie down flat and raise the leg high | use oinments | use vein compression | dont stand still for long
Varicose veins,"cramps, bruising, obesity, swollen legs, swollen blood vessels, prominent veins on calf",lie down flat and raise the leg high | use oinments | use vein compression | dont stand still for long
Varicose veins,"fatigue, bruising, obesity, swollen legs, swollen blood vessels, prominent veins on calf",lie down flat and raise the leg high | use oinments | use vein compression | dont stand still for long
Varicose veins,"fatigue, cramps, obesity, swollen legs, swollen blood vessels, prominent veins on calf",lie down flat and raise the leg high | use oinments | use vein compression | dont stand still for long
Varicose veins,"fatigue, cramps, bruising, swollen legs, swollen blood vessels, prominent veins on calf",lie down flat and raise the leg high | use oinments | use vein compression | dont stand still for long
Varicose veins,"fatigue, cramps, bruising, obesity, swollen blood vessels, prominent veins on calf",lie down flat and raise the leg high | use oinments | use vein compression | dont stand still for long
Varicose veins,"fatigue, cramps, bruising, obesity, swollen legs, prominent veins on calf",lie down flat and raise the leg high | use oinments | use vein compression | dont stand still for long
Varicose veins,"fatigue, cramps, bruising, obesity, swollen legs, swollen blood vessels",lie down flat and raise the leg high | use oinments | use vein compression | dont stand still for long
Varicose veins,"fatigue, cramps, bruising, obesity, swollen legs, prominent veins on calf",lie down flat and raise the leg high | use oinments | use vein compression | dont stand still for long
Hypothyroidism,"fatigue, weight gain, cold hands and feets, mood swings, lethargy, dizziness, puffy face and eyes, enlarged thyroid, brittle nails, swollen extremeties, depression, irritability, abnormal menstruation",reduce stress | exercise | eat healthy | get proper sleep
Hypothyroidism,"fatigue, weight gain, cold hands and feets, mood swings, lethargy, dizziness, puffy face and eyes, enlarged thyroid, brittle nails, swollen extremeties, depression, irritability, abnormal menstruation",reduce stress | exercise | eat healthy | get proper sleep
Hypothyroidism,"weight gain, cold hands and feets, mood swings, lethargy, dizziness, puffy face and eyes, enlarged thyroid, brittle nails, swollen extremeties, depression, irritability, abnormal menstruation",reduce stress | exercise | eat healthy | get proper sleep
Hypothyroidism,"weight gain, cold hands and feets, mood swings, lethargy, dizziness, puffy face and eyes, enlarged thyroid, brittle nails, swollen extremeties, depression, irritability, abnormal menstruation",reduce stress | exercise | eat healthy | get proper sleep
Hypothyroidism,"fatigue, cold hands and feets, mood swings, lethargy, dizziness, puffy face and eyes, enlarged thyroid, brittle nails, swollen extremeties, depression, irritability, abnormal menstruation",reduce stress | exercise | eat healthy | get proper sleep
Hypothyroidism,"fatigue, weight gain, mood swings, lethargy, dizziness, puffy face and eyes, enlarged thyroid, brittle nails, swollen extremeties, depression, irritability, abnormal menstruation",reduce stress | exercise | eat healthy | get proper sleep
Hypothyroidism,"fatigue, weight gain, cold hands and feets, lethargy, dizziness, puffy face and eyes, enlarged thyroid, brittle nails, swollen extremeties, depression, irritability, abnormal menstruation",reduce stress | exercise | eat healthy | get proper sleep
Hypothyroidism,"fatigue, weight gain, cold hands and feets, mood swings, dizziness, puffy face and eyes, enlarged thyroid, brittle nails, swollen extremeties, depression, irritability, abnormal menstruation",reduce stress | exercise | eat healthy | get proper sleep
Hypothyroidism,"fatigue, weight gain, cold hands and feets, mood swings, lethargy, puffy face and eyes, enlarged thyroid, brittle nails, swollen extremeties, depression, irritability, abnormal menstruation",reduce stress | exercise | eat healthy | get proper sleep
Hypothyroidism,"fatigue, weight gain, cold hands and feets, mood swings, lethargy, dizziness, enlarged thyroid, brittle nails, swollen extremeties, depression, irritability, abnormal menstruation",reduce stress | exercise | eat healthy | get proper sleep
Hyperthyroidism,"fatigue, mood swings, weight loss, restlessness, sweating, diarrhoea, fast heart rate, excessive hunger, muscle weakness, irritability, abnormal menstruation",eat healthy | massage | use lemon balm | take radioactive iodine treatment
Hyperthyroidism,"fatigue, mood swings, weight loss, restlessness, sweating, diarrhoea, fast heart rate, excessive hunger, muscle weakness, irritability, abnormal menstruation",eat healthy | massage | use lemon balm | take radioactive iodine treatment
Hyperthyroidism,"mood swings, weight loss, restlessness, sweating, diarrhoea, fast heart rate, excessive hunger, muscle weakness, irritability, abnormal menstruation",eat healthy | massage | use lemon balm | take radioactive iodine treatment
Hyperthyroidism,"fatigue, weight loss, restlessness, sweating, diarrhoea, fast heart rate, excessive hunger, muscle weakness, irritability, abnormal menstruation",eat healthy | massage | use lemon balm | take radioactive iodine treatment
Hyperthyroidism,"fatigue, mood swings, restlessness, sweating, diarrhoea, fast heart rate, excessive hunger, muscle weakness, irritability, abnormal menstruation",eat healthy | massage | use lemon balm | take radioactive iodine treatment
Hyperthyroidism,"fatigue, mood swings, weight loss, sweating, diarrhoea, fast heart rate, excessive hunger, muscle weakness, irritability, abnormal menstruation",eat healthy | massage | use lemon balm | take radioactive iodine treatment
Hyperthyroidism,"fatigue, mood swings, weight loss, restlessness, diarrhoea, fast heart rate, excessive hunger, muscle weakness, irritability, abnormal menstruation",eat healthy | massage | use lemon balm | take radioactive iodine treatment
Hyperthyroidism,"fatigue, mood swings, weight loss, restlessness, sweating, fast heart rate, excessive hunger, muscle weakness, irritability, abnormal menstruation",eat healthy | massage | use lemon balm | take radioactive iodine treatment
Hyperthyroidism,"fatigue, mood swings, weight loss, restlessness, sweating, diarrhoea, excessive hunger, muscle weakness, irritability, abnormal menstruation",eat healthy | massage | use lemon balm | take radioactive iodine treatment
Hyperthyroidism,"fatigue, mood swings, weight loss, restlessness, sweating, diarrhoea, fast heart rate, muscle weakness, irritability, abnormal menstruation",eat healthy | massage | use lemon balm | take radioactive iodine treatment
Hypoglycemia,"vomiting, fatigue, anxiety, sweating, headache, nausea, blurred and distorted vision, excessive hunger, slurred speech, irritability, palpitations",lie down on side | check in pulse | drink sugary drinks | consult doctor
Hypoglycemia,"vomiting, fatigue, anxiety, sweating, headache, nausea, blurred and distorted vision, excessive hunger, drying and tingling lips, slurred speech, irritability, palpitations",lie down on side | check in pulse | drink sugary drinks | consult doctor
Hypoglycemia,"vomiting, fatigue, anxiety, sweating, headache, nausea, blurred and distorted vision, excessive hunger, drying and tingling lips, slurred speech, irritability, palpitations",lie down on side | check in pulse | drink sugary drinks | consult doctor
Hypoglycemia,"fatigue, anxiety, sweating, headache, nausea, blurred and distorted vision, excessive hunger, drying and tingling lips, slurred speech, irritability, palpitations",lie down on side | check in pulse | drink sugary drinks | consult doctor
Hypoglycemia,"vomiting, anxiety, sweating, headache, nausea, blurred and distorted vision, excessive hunger, drying and tingling lips, slurred speech, irritability, palpitations",lie down on side | check in pulse | drink sugary drinks | consult doctor
Hypoglycemia,"vomiting, fatigue, sweating, headache, nausea, blurred and distorted vision, excessive hunger, drying and tingling lips, slurred speech, irritability, palpitations",lie down on side | check in pulse | drink sugary drinks | consult doctor
Hypoglycemia,"vomiting, fatigue, anxiety, headache, nausea, blurred and distorted vision, excessive hunger, drying and tingling lips, slurred speech, irritability, palpitations",lie down on side | check in pulse | drink sugary drinks | consult doctor
Hypoglycemia,"vomiting, fatigue, anxiety, sweating, nausea, blurred and distorted vision, excessive hunger, drying and tingling lips, slurred speech, irritability, palpitations",lie down on side | check in pulse | drink sugary drinks | consult doctor
Hypoglycemia,"vomiting, fatigue, anxiety, sweating, headache, blurred and distorted vision, excessive hunger, drying and tingling lips, slurred speech, irritability, palpitations",lie down on side | check in pulse | drink sugary drinks | consult doctor
Hypoglycemia,"vomiting, fatigue, anxiety, sweating, headache, nausea, excessive hunger, drying and tingling lips, slurred speech, irritability, palpitations",lie down on side | check in pulse | drink sugary drinks | consult doctor
Osteoarthristis,"joint pain, neck pain, knee pain, hip joint pain, swelling joints, painful walking",acetaminophen | consult nearest hospital | follow up | salt baths
Osteoarthristis,"joint pain, neck pain, knee pain, hip joint pain, swelling joints, painful walking",acetaminophen | consult nearest hospital | follow up | salt baths
Osteoarthristis,"neck pain, knee pain, hip joint pain, swelling joints, painful walking",acetaminophen | consult nearest hospital | follow up | salt baths
Osteoarthristis,"joint pain, knee pain, hip joint pain, swelling joints, painful walking",acetaminophen | consult nearest hospital | follow up | salt baths
Osteoarthristis,"joint pain, neck pain, hip joint pain, swelling joints, painful walking",acetaminophen | consult nearest hospital | follow up | salt baths
Osteoarthristis,"joint pain, neck pain, knee pain, swelling joints, painful walking",acetaminophen | consult nearest hospital | follow up | salt baths
Osteoarthristis,"joint pain, neck pain, knee pain, hip joint pain, painful walking",acetaminophen | consult nearest hospital | follow up | salt baths
Osteoarthristis,"joint pain, neck pain, knee pain, hip joint pain, swelling joints",acetaminophen | consult nearest hospital | follow up | salt baths
Osteoarthristis,"joint pain, neck pain, knee pain, hip joint pain, swelling joints, painful walking",acetaminophen | consult nearest hospital | follow up | salt baths
Osteoarthristis,"joint pain, neck pain, knee pain, hip joint pain, swelling joints, painful walking",acetaminophen | consult nearest hospital | follow up | salt baths
Arthritis,"muscle weakness, stiff neck, swelling joints, movement stiffness, painful walking",exercise | use hot and cold therapy | try acupuncture | massage
Arthritis,"muscle weakness, stiff neck, swelling joints, movement stiffness, painful walking",exercise | use hot and cold therapy | try acupuncture | massage
Arthritis,"stiff neck, swelling joints, movement stiffness, painful walking",exercise | use hot and cold therapy | try acupuncture | massage
Arthritis,"muscle weakness, swelling joints, movement stiffness, painful walking",exercise | use hot and cold therapy | try acupuncture | massage
Arthritis,"muscle weakness, stiff neck, movement stiffness, painful walking",exercise | use hot and cold therapy | try acupuncture | massage
Arthritis,"muscle weakness, stiff neck, swelling joints, painful walking",exercise | use hot and cold therapy | try acupuncture | massage
Arthritis,"muscle weakness, stiff neck, swelling joints, movement stiffness, painful walking",exercise | use hot and cold therapy | try acupuncture | massage
Arthritis,"muscle weakness, stiff neck, swelling joints, movement stiffness",exercise | use hot and cold therapy | try acupuncture | massage
Arthritis,"muscle weakness, stiff neck, swelling joints, movement stiffness, painful walking",exercise | use hot and cold therapy | try acupuncture | massage
Arthritis,"muscle weakness, stiff neck, swelling joints, movement stiffness, painful walking",exercise | use hot and cold therapy | try acupuncture | massage
(vertigo) Paroymsal  Positional Vertigo,"vomiting, headache, nausea, spinning movements, loss of balance, unsteadiness",lie down | avoid sudden change in body | avoid abrupt head movment | relax
(vertigo) Paroymsal  Positional Vertigo,"vomiting, headache, nausea, spinning movements, loss of balance, unsteadiness",lie down | avoid sudden change in body | avoid abrupt head movment | relax
(vertigo) Paroymsal  Positional Vertigo,"headache, nausea, spinning movements, loss of balance, unsteadiness",lie down | avoid sudden change in body | avoid abrupt head movment | relax
(vertigo) Paroymsal  Positional Vertigo,"vomiting, nausea, spinning movements, loss of balance, unsteadiness",lie down | avoid sudden change in body | avoid abrupt head movment | relax
(vertigo) Paroymsal  Positional Vertigo,"vomiting, headache, spinning movements, loss of balance, unsteadiness",lie down | avoid sudden change in body | avoid abrupt head movment | relax
(vertigo) Paroymsal  Positional Vertigo,"vomiting, headache, nausea, loss of balance, unsteadiness",lie down | avoid sudden change in body | avoid abrupt head movment | relax
(vertigo) Paroymsal  Positional Vertigo,"vomiting, headache, nausea, spinning movements, unsteadiness",lie down | avoid sudden change in body | avoid abrupt head movment | relax
(vertigo) Paroymsal  Positional Vertigo,"vomiting, headache, nausea, spinning movements, loss of balance",lie down | avoid sudden change in body | avoid abrupt head movment | relax
(vertigo) Paroymsal  Positional Vertigo,"vomiting, headache, nausea, spinning movements, loss of balance, unsteadiness",lie down | avoid sudden change in body | avoid abrupt head movment | relax
(vertigo) Paroymsal  Positional Vertigo,"vomiting, headache, nausea, loss of balance, unsteadiness",lie down | avoid sudden change in body | avoid abrupt head movment | relax
Acne,"skin rash, pus filled pimples, blackheads, scurring",bath twice | avoid fatty spicy food | drink plenty of water | avoid too many products
Acne,"skin rash, pus filled pimples, blackheads, scurring",bath twice | avoid fatty spicy food | drink plenty of water | avoid too many products
Acne,"pus filled pimples, blackheads, scurring",bath twice | avoid fatty spicy food | drink plenty of water | avoid too many products
Acne,"skin rash, blackheads, scurring",bath twice | avoid fatty spicy food | drink plenty of water | avoid too many products
Acne,"skin rash, pus filled pimples, scurring",bath twice | avoid fatty spicy food | drink plenty of water | avoid too many products
Acne,"skin rash, pus filled pimples, blackheads",bath twice | avoid fatty spicy food | drink plenty of water | avoid too many products
Acne,"skin rash, pus filled pimples, blackheads, scurring",bath twice | avoid fatty spicy food | drink plenty of water | avoid too many products
Acne,"skin rash, pus filled pimples, blackheads",bath twice | avoid fatty spicy food | drink plenty of water | avoid too many products
Acne,"skin rash, pus filled pimples, scurring",bath twice | avoid fatty spicy food | drink plenty of water | avoid too many products
Acne,"skin rash, blackheads, scurring",bath twice | avoid fatty spicy food | drink plenty of water | avoid too many products
Urinary tract infection,"burning micturition, bladder discomfort, foul smell of urine, continuous feel of urine",drink plenty of water | increase vitamin c intake | drink cranberry juice | take probiotics
Urinary tract infection,"burning micturition, bladder discomfort, foul smell of urine, continuous feel of urine",drink plenty of water | increase vitamin c intake | drink cranberry juice | take probiotics
Urinary tract infection,"bladder discomfort, foul smell of urine, continuous feel of urine",drink plenty of water | increase vitamin c intake | drink cranberry juice | take probiotics
Urinary tract infection,"burning micturition, foul smell of urine, continuous feel of urine",drink plenty of water | increase vitamin c intake | drink cranberry juice | take probiotics
Urinary tract infection,"burning micturition, bladder discomfort, continuous feel of urine",drink plenty of water | increase vitamin c intake | drink cranberry juice | take probiotics
Urinary tract infection,"burning micturition, bladder discomfort, foul smell of urine",drink plenty of water | increase vitamin c intake | drink cranberry juice | take probiotics
Urinary tract infection,"burning micturition, bladder discomfort, foul smell of urine, continuous feel of urine",drink plenty of water | increase vitamin c intake | drink cranberry juice | take probiotics
Urinary tract infection,"burning micturition, bladder discomfort, continuous feel of urine",drink plenty of water | increase vitamin c intake | drink cranberry juice | take probiotics
Urinary tract infection,"bladder discomfort, foul smell of urine, continuous feel of urine",drink plenty of water | increase vitamin c intake | drink cranberry juice | take probiotics
Urinary tract infection,"burning micturition, bladder discomfort, continuous feel of urine",drink plenty of water | increase vitamin c intake | drink cranberry juice | take probiotics
Psoriasis,"skin rash, joint pain, skin peeling, silver like dusting, small dents in nails, inflammatory nails",wash hands with warm soapy water | stop bleeding using pressure | consult doctor | salt baths
Psoriasis,"skin rash, joint pain, skin peeling, silver like dusting, small dents in nails, inflammatory nails",wash hands with warm soapy water | stop bleeding using pressure | consult doctor | salt baths
Psoriasis,"joint pain, skin peeling, silver like dusting, small dents in nails, inflammatory nails",wash hands with warm soapy water | stop bleeding using pressure | consult doctor | salt baths
Psoriasis,"skin rash, skin peeling, silver like dusting, small dents in nails, inflammatory nails",wash hands with warm soapy water | stop bleeding using pressure | consult doctor | salt baths
Psoriasis,"skin rash, joint pain, silver like dusting, small dents in nails, inflammatory nails",wash hands with warm soapy water | stop bleeding using pressure | consult doctor | salt baths
Psoriasis,"skin rash, joint pain, skin peeling, small dents in nails, inflammatory nails",wash hands with warm soapy water | stop bleeding using pressure | consult doctor | salt baths
Psoriasis,"skin rash, joint pain, skin peeling, silver like dusting, inflammatory nails",wash hands with warm soapy water | stop bleeding using pressure | consult doctor | salt baths
Psoriasis,"skin rash, joint pain, skin peeling, silver like dusting, small dents in nails",wash hands with warm soapy water | stop bleeding using pressure | consult doctor | salt baths
Psoriasis,"skin rash, joint pain, skin peeling, silver like dusting, small dents in nails, inflammatory nails",wash hands with warm soapy water | stop bleeding using pressure | consult doctor | salt baths
Psoriasis,"skin rash, joint pain, skin peeling, silver like dusting, small dents in nails, inflammatory nails",wash hands with warm soapy water | stop bleeding using pressure | consult doctor | salt baths
Impetigo,"skin rash, high fever, blister, red sore around nose, yellow crust ooze",soak affected area in warm water | use antibiotics | remove scabs with wet compressed cloth | consult doctor
Impetigo,"skin rash, high fever, blister, red sore around nose, yellow crust ooze",soak affected area in warm water | use antibiotics | remove scabs with wet compressed cloth | consult doctor
Impetigo,"high fever, blister, red sore around nose, yellow crust ooze",soak affected area in warm water | use antibiotics | remove scabs with wet compressed cloth | consult doctor
Impetigo,"skin rash, blister, red sore around nose, yellow crust ooze",soak affected area in warm water | use antibiotics | remove scabs with wet compressed cloth | consult doctor
Impetigo,"skin rash, blister, red sore around nose, yellow crust ooze",soak affected area in warm water | use antibiotics | remove scabs with wet compressed cloth | consult doctor
Impetigo,"skin rash, high fever, red sore around nose, yellow crust ooze",soak affected area in warm water | use antibiotics | remove scabs with wet compressed cloth | consult doctor
Impetigo,"skin rash, high fever, blister, yellow crust ooze",soak affected area in warm water | use antibiotics | remove scabs with wet compressed cloth | consult doctor
Impetigo,"skin rash, high fever, blister, red sore around nose",soak affected area in warm water | use antibiotics | remove scabs with wet compressed cloth | consult doctor
Impetigo,"skin rash, high fever, blister, red sore around nose, yellow crust ooze",soak affected area in warm water | use antibiotics | remove scabs with wet compressed cloth | consult doctor
Impetigo,"skin rash, blister, red sore around nose, yellow crust ooze",soak affected area in warm water | use antibiotics | remove scabs with wet compressed cloth | consult doctor
Fungal infection,"itching, skin rash, nodal skin eruptions, dischromic  patches",bath twice | use detol or neem in bathing water | keep infected area dry | use clean cloths
Fungal infection,"skin rash, nodal skin eruptions, dischromic  patches",bath twice | use detol or neem in bathing water | keep infected area dry | use clean cloths
Fungal infection,"itching, nodal skin eruptions, dischromic  patches",bath twice | use detol or neem in bathing water | keep infected area dry | use clean cloths
Fungal infection,"itching, skin rash, dischromic  patches",bath twice | use detol or neem in bathing water | keep infected area dry | use clean cloths
Fungal infection,"itching, skin rash, nodal skin eruptions",bath twice | use detol or neem in bathing water | keep infected area dry | use clean cloths
Fungal infection,"skin rash, nodal skin eruptions, dischromic  patches",bath twice | use detol or neem in bathing water | keep infected area dry | use clean cloths
Fungal infection,"itching, nodal skin eruptions, dischromic  patches",bath twice | use detol or neem in bathing water | keep infected area dry | use clean cloths
Fungal infection,"itching, skin rash, dischromic  patches",bath twice | use detol or neem in bathing water | keep infected area dry | use clean cloths
Fungal infection,"itching, skin rash, nodal skin eruptions",bath twice | use detol or neem in bathing water | keep infected area dry | use clean cloths
Fungal infection,"itching, skin rash, nodal skin eruptions, dischromic  patches",bath twice | use detol or neem in bathing water | keep infected area dry | use clean cloths
Allergy,"continuous sneezing, shivering, chills, watering from eyes",Consult a doctor | Get adequate rest | Stay hydrated | Follow prescribed treatment
Allergy,"shivering, chills, watering from eyes",Consult a doctor | Get adequate rest | Stay hydrated | Follow prescribed treatment
Allergy,"continuous sneezing, chills, watering from eyes",Consult a doctor | Get adequate rest | Stay hydrated | Follow prescribed treatment
Allergy,"continuous sneezing, shivering, watering from eyes",Consult a doctor | Get adequate rest | Stay hydrated | Follow prescribed treatment
Allergy,"continuous sneezing, shivering, chills",Consult a doctor | Get adequate rest | Stay hydrated | Follow prescribed treatment
Allergy,"shivering, chills, watering from eyes",Consult a doctor | Get adequate rest | Stay hydrated | Follow prescribed treatment
Allergy,"continuous sneezing, chills, watering from eyes",Consult a doctor | Get adequate rest | Stay hydrated | Follow prescribed treatment
Allergy,"continuous sneezing, shivering, watering from eyes",Consult a doctor | Get adequate rest | Stay hydrated | Follow prescribed treatment
Allergy,"continuous sneezing, shivering, chills",Consult a doctor | Get adequate rest | Stay hydrated | Follow prescribed treatment
Allergy,"continuous sneezing, shivering, chills, watering from eyes",Consult a doctor | Get adequate rest | Stay hydrated | Follow prescribed treatment
GERD,"stomach pain, acidity, ulcers on tongue, vomiting, cough, chest pain",avoid fatty spicy food | avoid lying down after eating | maintain healthy weight | exercise
GERD,"stomach pain, ulcers on tongue, vomiting, cough, chest pain",avoid fatty spicy food | avoid lying down after eating | maintain healthy weight | exercise
GERD,"stomach pain, acidity, vomiting, cough, chest pain",avoid fatty spicy food | avoid lying down after eating | maintain healthy weight | exercise
GERD,"stomach pain, acidity, ulcers on tongue, cough, chest pain",avoid fatty spicy food | avoid lying down after eating | maintain healthy weight | exercise
GERD,"stomach pain, acidity, ulcers on tongue, vomiting, chest pain",avoid fatty spicy food | avoid lying down after eating | maintain healthy weight | exercise
GERD,"stomach pain, acidity, ulcers on tongue, vomiting, cough",avoid fatty spicy food | avoid lying down after eating | maintain healthy weight | exercise
GERD,"acidity, ulcers on tongue, vomiting, cough, chest pain",avoid fatty spicy food | avoid lying down after eating | maintain healthy weight | exercise
GERD,"stomach pain, ulcers on tongue, vomiting, cough, chest pain",avoid fatty spicy food | avoid lying down after eating | maintain healthy weight | exercise
GERD,"stomach pain, acidity, vomiting, cough, chest pain",avoid fatty spicy food | avoid lying down after eating | maintain healthy weight | exercise
GERD,"stomach pain, acidity, ulcers on tongue, cough, chest pain",avoid fatty spicy food | avoid lying down after eating | maintain healthy weight | exercise
Chronic cholestasis,"itching, vomiting, yellowish skin, nausea, loss of appetite, abdominal pain, yellowing of eyes",cold baths | anti itch medicine | consult doctor | eat healthy
Chronic cholestasis,"vomiting, yellowish skin, nausea, loss of appetite, abdominal pain, yellowing of eyes",cold baths | anti itch medicine | consult doctor | eat healthy
Chronic cholestasis,"itching, yellowish skin, nausea, loss of appetite, abdominal pain, yellowing of eyes",cold baths | anti itch medicine | consult doctor | eat healthy
Chronic cholestasis,"itching, vomiting, nausea, loss of appetite, abdominal pain, yellowing of eyes",cold baths | anti itch medicine | consult doctor | eat healthy
Chronic cholestasis,"itching, vomiting, yellowish skin, loss of appetite, abdominal pain, yellowing of eyes",cold baths | anti itch medicine | consult doctor | eat healthy
Chronic cholestasis,"itching, vomiting, yellowish skin, nausea, abdominal pain, yellowing of eyes",cold baths | anti itch medicine | consult doctor | eat healthy
Chronic cholestasis,"itching, vomiting, yellowish skin, nausea, loss of appetite, yellowing of eyes",cold baths | anti itch medicine | consult doctor | eat healthy
Chronic cholestasis,"itching, vomiting, yellowish skin, nausea, loss of appetite, abdominal pain",cold baths | anti itch medicine | consult doctor | eat healthy
Chronic cholestasis,"itching, vomiting, yellowish skin, nausea, loss of appetite, abdominal pain, yellowing of eyes",cold baths | anti itch medicine | consult doctor | eat healthy
Chronic cholestasis,"itching, vomiting, yellowish skin, nausea, loss of appetite, abdominal pain, yellowing of eyes",cold baths | anti itch medicine | consult doctor | eat healthy
Drug Reaction,"itching, skin rash, stomach pain, burning micturition, spotting  urination",Consult a doctor | Get adequate rest | Stay hydrated | Follow prescribed treatment
Drug Reaction,"itching, stomach pain, burning micturition, spotting  urination",Consult a doctor | Get adequate rest | Stay hydrated | Follow prescribed treatment
Drug Reaction,"itching, skin rash, burning micturition, spotting  urination",Consult a doctor | Get adequate rest | Stay hydrated | Follow prescribed treatment
Drug Reaction,"itching, skin rash, stomach pain, spotting  urination",Consult a doctor | Get adequate rest | Stay hydrated | Follow prescribed treatment
Drug Reaction,"itching, skin rash, stomach pain, burning micturition",Consult a doctor | Get adequate rest | Stay hydrated | Follow prescribed treatment
Drug Reaction,"skin rash, stomach pain, burning micturition, spotting  urination",Consult a doctor | Get adequate rest | Stay hydrated | Follow prescribed treatment
Drug Reaction,"itching, stomach pain, burning micturition, spotting  urination",Consult a doctor | Get adequate rest | Stay hydrated | Follow prescribed treatment
Drug Reaction,"itching, skin rash, burning micturition, spotting  urination",Consult a doctor | Get adequate rest | Stay hydrated | Follow prescribed treatment
Drug Reaction,"itching, skin rash, stomach pain, spotting  urination",Consult a doctor | Get adequate rest | Stay hydrated | Follow prescribed treatment
Drug Reaction,"itching, skin rash, stomach pain, burning micturition",Consult a doctor | Get adequate rest | Stay hydrated | Follow prescribed treatment
Peptic ulcer diseae,"vomiting, loss of appetite, abdominal pain, passage of gases, internal itching",avoid fatty spicy food | consume probiotic food | eliminate milk | limit alcohol
Peptic ulcer diseae,"vomiting, indigestion, abdominal pain, passage of gases, internal itching",avoid fatty spicy food | consume probiotic food | eliminate milk | limit alcohol
Peptic ulcer diseae,"indigestion, loss of appetite, abdominal pain, passage of gases, internal itching",avoid fatty spicy food | consume probiotic food | eliminate milk | limit alcohol
Peptic ulcer diseae,"vomiting, loss of appetite, abdominal pain, passage of gases, internal itching",avoid fatty spicy food | consume probiotic food | eliminate milk | limit alcohol
Peptic ulcer diseae,"vomiting, indigestion, abdominal pain, passage of gases, internal itching",avoid fatty spicy food | consume probiotic food | eliminate milk | limit alcohol
Peptic ulcer diseae,"vomiting, indigestion, loss of appetite, passage of gases, internal itching",avoid fatty spicy food | consume probiotic food | eliminate milk | limit alcohol
Peptic ulcer diseae,"vomiting, indigestion, loss of appetite, abdominal pain, internal itching",avoid fatty spicy food | consume probiotic food | eliminate milk | limit alcohol
Peptic ulcer diseae,"vomiting, indigestion, loss of appetite, abdominal pain, passage of gases",avoid fatty spicy food | consume probiotic food | eliminate milk | limit alcohol
Peptic ulcer diseae,"vomiting, indigestion, loss of appetite, abdominal pain, passage of gases, internal itching",avoid fatty spicy food | consume probiotic food | eliminate milk | limit alcohol
Peptic ulcer diseae,"vomiting, indigestion, loss of appetite, abdominal pain, passage of gases, internal itching",avoid fatty spicy food | consume probiotic food | eliminate milk | limit alcohol
AIDS,"muscle wasting, patches in throat, high fever, extra marital contacts",avoid open cuts | wear ppe if possible | consult doctor | follow up
AIDS,"patches in throat, high fever, extra marital contacts",avoid open cuts | wear ppe if possible | consult doctor | follow up
AIDS,"muscle wasting, high fever, extra marital contacts",avoid open cuts | wear ppe if possible | consult doctor | follow up
AIDS,"muscle wasting, patches in throat, extra marital contacts",avoid open cuts | wear ppe if possible | consult doctor | follow up
AIDS,"muscle wasting, patches in throat, high fever",avoid open cuts | wear ppe if possible | consult doctor | follow up
AIDS,"muscle wasting, patches in throat, high fever, extra marital contacts",avoid open cuts | wear ppe if possible | consult doctor | follow up
AIDS,"muscle wasting, patches in throat, high fever, extra marital contacts",avoid open cuts | wear ppe if possible | consult doctor | follow up
AIDS,"patches in throat, high fever, extra marital contacts",avoid open cuts | wear ppe if possible | consult doctor | follow up
AIDS,"muscle wasting, high fever, extra marital contacts",avoid open cuts | wear ppe if possible | consult doctor | follow up
AIDS,"muscle wasting, patches in throat, high fever",avoid open cuts | wear ppe if possible | consult doctor | follow up
Diabetes ,"fatigue, weight loss, restlessness, lethargy, irregular sugar level, blurred and distorted vision, obesity, excessive hunger, increased appetite, polyuria",have balanced diet | exercise | consult doctor | follow up
Diabetes ,"fatigue, weight loss, restlessness, lethargy, irregular sugar level, blurred and distorted vision, obesity, excessive hunger, increased appetite, polyuria",have balanced diet | exercise | consult doctor | follow up
Diabetes ,"weight loss, restlessness, lethargy, irregular sugar level, blurred and distorted vision, obesity, excessive hunger, increased appetite, polyuria",have balanced diet | exercise | consult doctor | follow up
Diabetes ,"fatigue, restlessness, lethargy, irregular sugar level, blurred and distorted vision, obesity, excessive hunger, increased appetite, polyuria",have balanced diet | exercise | consult doctor | follow up
Diabetes ,"fatigue, weight loss, lethargy, irregular sugar level, blurred and distorted vision, obesity, excessive hunger, increased appetite, polyuria",have balanced diet | exercise | consult doctor | follow up
Diabetes ,"fatigue, weight loss, restlessness, irregular sugar level, blurred and distorted vision, obesity, excessive hunger, increased appetite, polyuria",have balanced diet | exercise | consult doctor | follow up
Diabetes ,"fatigue, weight loss, restlessness, lethargy, blurred and distorted vision, obesity, excessive hunger, increased appetite, polyuria",have balanced diet | exercise | consult doctor | follow up
Diabetes ,"fatigue, weight loss, restlessness, lethargy, irregular sugar level, obesity, excessive hunger, increased appetite, polyuria",have balanced diet | exercise | consult doctor | follow up
Diabetes ,"fatigue, weight loss, restlessness, lethargy, irregular sugar level, blurred and distorted vision, excessive hunger, increased appetite, polyuria",have balanced diet | exercise | consult doctor | follow up
Diabetes ,"fatigue, weight loss, restlessness, lethargy, irregular sugar level, blurred and distorted vision, obesity, increased appetite, polyuria",have balanced diet | exercise | consult doctor | follow up
Gastroenteritis,"vomiting, sunken eyes, dehydration, diarrhoea",stop eating solid food for while | try taking small sips of water | rest | ease back into eating
Gastroenteritis,"vomiting, sunken eyes, dehydration, diarrhoea",stop eating solid food for while | try taking small sips of water | rest | ease back into eating
Gastroenteritis,"sunken eyes, dehydration, diarrhoea",stop eating solid food for while | try taking small sips of water | rest | ease back into eating
Gastroenteritis,"vomiting, dehydration, diarrhoea",stop eating solid food for while | try taking small sips of water | rest | ease back into eating
Gastroenteritis,"vomiting, sunken eyes, diarrhoea",stop eating solid food for while | try taking small sips of water | rest | ease back into eating
Gastroenteritis,"vomiting, sunken eyes, dehydration",stop eating solid food for while | try taking small sips of water | rest | ease back into eating
Gastroenteritis,"vomiting, sunken eyes, dehydration, diarrhoea",stop eating solid food for while | try taking small sips of water | rest | ease back into eating
Gastroenteritis,"sunken eyes, dehydration, diarrhoea",stop eating solid food for while | try taking small sips of water | rest | ease back into eating
Gastroenteritis,"vomiting, dehydration, diarrhoea",stop eating solid food for while | try taking small sips of water | rest | ease back into eating
Gastroenteritis,"vomiting, sunken eyes, diarrhoea",stop eating solid food for while | try taking small sips of water | rest | ease back into eating
Bronchial Asthma,"fatigue, cough, high fever, breathlessness, family history, mucoid sputum",switch to loose cloothing | take deep breaths | get away from trigger | seek help
Bronchial Asthma,"cough, high fever, breathlessness, family history, mucoid sputum",switch to loose cloothing | take deep breaths | get away from trigger | seek help
Bronchial Asthma,"fatigue, high fever, breathlessness, family history, mucoid sputum",switch to loose cloothing | take deep breaths | get away from trigger | seek help
Bronchial Asthma,"fatigue, cough, breathlessness, family history, mucoid sputum",switch to loose cloothing | take deep breaths | get away from trigger | seek help
Bronchial Asthma,"fatigue, cough, high fever, family history, mucoid sputum",switch to loose cloothing | take deep breaths | get away from trigger | seek help
Bronchial Asthma,"fatigue, cough, high fever, breathlessness, mucoid sputum",switch to loose cloothing | take deep breaths | get away from trigger | seek help
Bronchial Asthma,"fatigue, cough, high fever, breathlessness, family history",switch to loose cloothing | take deep breaths | get away from trigger | seek help
Bronchial Asthma,"fatigue, cough, high fever, breathlessness, family history, mucoid sputum",switch to loose cloothing | take deep breaths | get away from trigger | seek help
Bronchial Asthma,"cough, high fever, breathlessness, family history, mucoid sputum",switch to loose cloothing | take deep breaths | get away from trigger | seek help
Bronchial Asthma,"fatigue, high fever, breathlessness, family history, mucoid sputum",switch to loose cloothing | take deep breaths | get away from trigger | seek help
Hypertension ,"headache, chest pain, dizziness, loss of balance, lack of concentration",meditation | salt baths | reduce stress | get proper sleep
Hypertension ,"chest pain, dizziness, loss of balance, lack of concentration",meditation | salt baths | reduce stress | get proper sleep
Hypertension ,"headache, dizziness, loss of balance, lack of concentration",meditation | salt baths | reduce stress | get proper sleep
Hypertension ,"headache, chest pain, loss of balance, lack of concentration",meditation | salt baths | reduce stress | get proper sleep
Hypertension ,"headache, chest pain, dizziness, lack of concentration",meditation | salt baths | reduce stress | get proper sleep
Hypertension ,"headache, chest pain, dizziness, loss of balance",meditation | salt baths | reduce stress | get proper sleep
Hypertension ,"headache, chest pain, dizziness, loss of balance, lack of concentration",meditation | salt baths | reduce stress | get proper sleep
Hypertension ,"chest pain, dizziness, loss of balance, lack of concentration",meditation | salt baths | reduce stress | get proper sleep
Hypertension ,"headache, dizziness, loss of balance, lack of concentration",meditation | salt baths | reduce stress | get proper sleep
Hypertension ,"headache, chest pain, loss of balance, lack of concentration",meditation | salt baths | reduce stress | get proper sleep
Migraine,"acidity, indigestion, headache, blurred and distorted vision, excessive hunger, stiff neck, depression, irritability, visual disturbances",meditation | reduce stress | use poloroid glasses in sun | consult doctor
Migraine,"indigestion, headache, blurred and distorted vision, excessive hunger, stiff neck, depression, irritability, visual disturbances",meditation | reduce stress | use poloroid glasses in sun | consult doctor
Migraine,"acidity, headache, blurred and distorted vision, excessive hunger, stiff neck, depression, irritability, visual disturbances",meditation | reduce stress | use poloroid glasses in sun | consult doctor
Migraine,"acidity, indigestion, blurred and distorted vision, excessive hunger, stiff neck, depression, irritability, visual disturbances",meditation | reduce stress | use poloroid glasses in sun | consult doctor
Migraine,"acidity, indigestion, headache, excessive hunger, stiff neck, depression, irritability, visual disturbances",meditation | reduce stress | use poloroid glasses in sun | consult doctor
Migraine,"acidity, indigestion, headache, blurred and distorted vision, stiff neck, depression, irritability, visual disturbances",meditation | reduce stress | use poloroid glasses in sun | consult doctor
Migraine,"acidity, indigestion, headache, blurred and distorted vision, excessive hunger, depression, irritability, visual disturbances",meditation | reduce stress | use poloroid glasses in sun | consult doctor
Migraine,"acidity, indigestion, headache, blurred and distorted vision, excessive hunger, stiff neck, irritability, visual disturbances",meditation | reduce stress | use poloroid glasses in sun | consult doctor
Migraine,"acidity, indigestion, headache, blurred and distorted vision, excessive hunger, stiff neck, depression, visual disturbances",meditation | reduce stress | use poloroid glasses in sun | consult doctor
Migraine,"acidity, indigestion, headache, blurred and distorted vision, excessive hunger, stiff neck, depression, irritability",meditation | reduce stress | use poloroid glasses in sun | consult doctor
Cervical spondylosis,"back pain, weakness in limbs, neck pain, dizziness, loss of balance",use heating pad or cold pack | exercise | take otc pain reliver | consult doctor
Cervical spondylosis,"back pain, weakness in limbs, neck pain, dizziness, loss of balance",use heating pad or cold pack | exercise | take otc pain reliver | consult doctor
Cervical spondylosis,"weakness in limbs, neck pain, dizziness, loss of balance",use heating pad or cold pack | exercise | take otc pain reliver | consult doctor
Cervical spondylosis,"back pain, neck pain, dizziness, loss of balance",use heating pad or cold pack | exercise | take otc pain reliver | consult doctor
Cervical spondylosis,"back pain, weakness in limbs, dizziness, loss of balance",use heating pad or cold pack | exercise | take otc pain reliver | consult doctor
Cervical spondylosis,"back pain, weakness in limbs, neck pain, loss of balance",use heating pad or cold pack | exercise | take otc pain reliver | consult doctor
Cervical spondylosis,"back pain, weakness in limbs, neck pain, dizziness",use heating pad or cold pack | exercise | take otc pain reliver | consult doctor
Cervical spondylosis,"back pain, weakness in limbs, neck pain, dizziness, loss of balance",use heating pad or cold pack | exercise | take otc pain reliver | consult doctor
Cervical spondylosis,"weakness in limbs, neck pain, dizziness, loss of balance",use heating pad or cold pack | exercise | take otc pain reliver | consult doctor
Cervical spondylosis,"back pain, neck pain, dizziness, loss of balance",use heating pad or cold pack | exercise | take otc pain reliver | consult doctor
Paralysis (brain hemorrhage),"vomiting, headache, weakness of one body side, altered sensorium",massage | eat healthy | exercise | consult doctor
Paralysis (brain hemorrhage),"vomiting, headache, weakness of one body side, altered sensorium",massage | eat healthy | exercise | consult doctor
Paralysis (brain hemorrhage),"headache, weakness of one body side, altered sensorium",massage | eat healthy | exercise | consult doctor
Paralysis (brain hemorrhage),"vomiting, weakness of one body side, altered sensorium",massage | eat healthy | exercise | consult doctor
Paralysis (brain hemorrhage),"vomiting, headache, altered sensorium",massage | eat healthy | exercise | consult doctor
Paralysis (brain hemorrhage),"vomiting, headache, weakness of one body side",massage | eat healthy | exercise | consult doctor
Paralysis (brain hemorrhage),"vomiting, headache, weakness of one body side, altered sensorium",massage | eat healthy | exercise | consult doctor
Paralysis (brain hemorrhage),"headache, weakness of one body side, altered sensorium",massage | eat healthy | exercise | consult doctor
Paralysis (brain hemorrhage),"vomiting, weakness of one body side, altered sensorium",massage | eat healthy | exercise | consult doctor
Paralysis (brain hemorrhage),"vomiting, headache, altered sensorium",massage | eat healthy | exercise | consult doctor
Jaundice,"itching, vomiting, fatigue, weight loss, high fever, yellowish skin, dark urine, abdominal pain",drink plenty of water | consume milk thistle | eat fruits and high fiberous food | medication
Jaundice,"itching, vomiting, fatigue, weight loss, high fever, yellowish skin, dark urine, abdominal pain",drink plenty of water | consume milk thistle | eat fruits and high fiberous food | medication
Jaundice,"vomiting, fatigue, weight loss, high fever, yellowish skin, dark urine, abdominal pain",drink plenty of water | consume milk thistle | eat fruits and high fiberous food | medication
Jaundice,"itching, fatigue, weight loss, high fever, yellowish skin, dark urine, abdominal pain",drink plenty of water | consume milk thistle | eat fruits and high fiberous food | medication
Jaundice,"itching, vomiting, weight loss, high fever, yellowish skin, dark urine, abdominal pain",drink plenty of water | consume milk thistle | eat fruits and high fiberous food | medication
Jaundice,"itching, vomiting, fatigue, high fever, yellowish skin, dark urine, abdominal pain",drink plenty of water | consume milk thistle | eat fruits and high fiberous food | medication
Jaundice,"itching, vomiting, fatigue, weight loss, yellowish skin, dark urine, abdominal pain",drink plenty of water | consume milk thistle | eat fruits and high fiberous food | medication
Jaundice,"itching, vomiting, fatigue, weight loss, high fever, dark urine, abdominal pain",drink plenty of water | consume milk thistle | eat fruits and high fiberous food | medication
Jaundice,"itching, vomiting, fatigue, weight loss, high fever, yellowish skin, abdominal pain",drink plenty of water | consume milk thistle | eat fruits and high fiberous food | medication
Jaundice,"itching, vomiting, fatigue, weight loss, high fever, yellowish skin, dark urine",drink plenty of water | consume milk thistle | eat fruits and high fiberous food | medication
Malaria,"chills, vomiting, high fever, sweating, headache, nausea, muscle pain",Consult nearest hospital | avoid oily food | avoid non veg food | keep mosquitos out
Malaria,"chills, vomiting, high fever, sweating, headache, nausea, diarrhoea, muscle pain",Consult nearest hospital | avoid oily food | avoid non veg food | keep mosquitos out
Malaria,"chills, vomiting, high fever, sweating, headache, nausea, diarrhoea, muscle pain",Consult nearest hospital | avoid oily food | avoid non veg food | keep mosquitos out
Malaria,"vomiting, high fever, sweating, headache, nausea, diarrhoea, muscle pain",Consult nearest hospital | avoid oily food | avoid non veg food | keep mosquitos out
Malaria,"chills, high fever, sweating, headache, nausea, diarrhoea, muscle pain",Consult nearest hospital | avoid oily food | avoid non veg food | keep mosquitos out
Malaria,"chills, vomiting, sweating, headache, nausea, diarrhoea, muscle pain",Consult nearest hospital | avoid oily food | avoid non veg food | keep mosquitos out
Malaria,"chills, vomiting, high fever, headache, nausea, diarrhoea, muscle pain",Consult nearest hospital | avoid oily food | avoid non veg food | keep mosquitos out
Malaria,"chills, vomiting, high fever, sweating, nausea, diarrhoea, muscle pain",Consult nearest hospital | avoid oily food | avoid non veg food | keep mosquitos out
Malaria,"chills, vomiting, high fever, sweating, headache, diarrhoea, muscle pain",Consult nearest hospital | avoid oily food | avoid non veg food | keep mosquitos out
Malaria,"chills, vomiting, high fever, sweating, headache, nausea, muscle pain",Consult nearest hospital | avoid oily food | avoid non veg food | keep mosquitos out
Chicken pox,"itching, skin rash, fatigue, lethargy, high fever, headache, loss of appetite, mild fever, swelled lymph nodes, malaise, red spots over body",use neem in bathing | consume neem leaves | take vaccine | avoid public places
Chicken pox,"skin rash, fatigue, lethargy, high fever, headache, loss of appetite, mild fever, swelled lymph nodes, malaise, red spots over body",use neem in bathing | consume neem leaves | take vaccine | avoid public places
Chicken pox,"itching, fatigue, lethargy, high fever, headache, loss of appetite, mild fever, swelled lymph nodes, malaise, red spots over body",use neem in bathing | consume neem leaves | take vaccine | avoid public places
Chicken pox,"itching, skin rash, lethargy, high fever, headache, loss of appetite, mild fever, swelled lymph nodes, malaise, red spots over body",use neem in bathing | consume neem leaves | take vaccine | avoid public places
Chicken pox,"itching, skin rash, fatigue, high fever, headache, loss of appetite, mild fever, swelled lymph nodes, malaise, red spots over body",use neem in bathing | consume neem leaves | take vaccine | avoid public places
Chicken pox,"itching, skin rash, fatigue, lethargy, headache, loss of appetite, mild fever, swelled lymph nodes, malaise, red spots over body",use neem in bathing | consume neem leaves | take vaccine | avoid public places
Chicken pox,"itching, skin rash, fatigue, lethargy, high fever, loss of appetite, mild fever, swelled lymph nodes, malaise, red spots over body",use neem in bathing | consume neem leaves | take vaccine | avoid public places
Chicken pox,"itching, skin rash, fatigue, lethargy, high fever, headache, mild fever, swelled lymph nodes, malaise, red spots over body",use neem in bathing | consume neem leaves | take vaccine | avoid public places
Chicken pox,"itching, skin rash, fatigue, lethargy, high fever, headache, loss of appetite, swelled lymph nodes, malaise, red spots over body",use neem in bathing | consume neem leaves | take vaccine | avoid public places
Chicken pox,"itching, skin rash, fatigue, lethargy, high fever, headache, loss of appetite, mild fever, malaise, red spots over body",use neem in bathing | consume neem leaves | take vaccine | avoid public places
Dengue,"skin rash, chills, joint pain, vomiting, fatigue, high fever, headache, nausea, loss of appetite, pain behind the eyes, back pain, muscle pain, red spots over body",drink papaya leaf juice | avoid fatty spicy food | keep mosquitos away | keep hydrated
Dengue,"skin rash, chills, joint pain, vomiting, fatigue, high fever, headache, nausea, loss of appetite, pain behind the eyes, back pain, malaise, red spots over body",drink papaya leaf juice | avoid fatty spicy food | keep mosquitos away | keep hydrated
Dengue,"skin rash, chills, joint pain, vomiting, fatigue, high fever, headache, nausea, loss of appetite, pain behind the eyes, back pain, malaise, muscle pain",drink papaya leaf juice | avoid fatty spicy food | keep mosquitos away | keep hydrated
Dengue,"skin rash, chills, joint pain, vomiting, fatigue, high fever, headache, nausea, loss of appetite, pain behind the eyes, back pain, malaise, muscle pain, red spots over body",drink papaya leaf juice | avoid fatty spicy food | keep mosquitos away | keep hydrated
Dengue,"chills, joint pain, vomiting, fatigue, high fever, headache, nausea, loss of appetite, pain behind the eyes, back pain, malaise, muscle pain, red spots over body",drink papaya leaf juice | avoid fatty spicy food | keep mosquitos away | keep hydrated
Dengue,"skin rash, joint pain, vomiting, fatigue, high fever, headache, nausea, loss of appetite, pain behind the eyes, back pain, malaise, muscle pain, red spots over body",drink papaya leaf juice | avoid fatty spicy food | keep mosquitos away | keep hydrated
Dengue,"skin rash, chills, vomiting, fatigue, high fever, headache, nausea, loss of appetite, pain behind the eyes, back pain, malaise, muscle pain, red spots over body",drink papaya leaf juice | avoid fatty spicy food | keep mosquitos away | keep hydrated
Dengue,"skin rash, chills, joint pain, fatigue, high fever, headache, nausea, loss of appetite, pain behind the eyes, back pain, malaise, muscle pain, red spots over body",drink papaya leaf juice | avoid fatty spicy food | keep mosquitos away | keep hydrated
Dengue,"skin rash, chills, joint pain, vomiting, high fever, headache, nausea, loss of appetite, pain behind the eyes, back pain, malaise, muscle pain, red spots over body",drink papaya leaf juice | avoid fatty spicy food | keep mosquitos away | keep hydrated
Dengue,"skin rash, chills, joint pain, vomiting, fatigue, headache, nausea, loss of appetite, pain behind the eyes, back pain, malaise, muscle pain, red spots over body",drink papaya leaf juice | avoid fatty spicy food | keep mosquitos away | keep hydrated
Typhoid,"chills, vomiting, fatigue, high fever, nausea, constipation, abdominal pain, diarrhoea, toxic look (typhos), belly pain",eat high calorie vegitables | antiboitic therapy | consult doctor | medication
Typhoid,"chills, vomiting, fatigue, high fever, headache, constipation, abdominal pain, diarrhoea, toxic look (typhos), belly pain",eat high calorie vegitables | antiboitic therapy | consult doctor | medication
Typhoid,"chills, vomiting, fatigue, high fever, headache, nausea, abdominal pain, diarrhoea, toxic look (typhos), belly pain",eat high calorie vegitables | antiboitic therapy | consult doctor | medication
Typhoid,"chills, vomiting, fatigue, high fever, headache, nausea, constipation, diarrhoea, toxic look (typhos), belly pain",eat high calorie vegitables | antiboitic therapy | consult doctor | medication
Typhoid,"chills, vomiting, fatigue, high fever, headache, nausea, constipation, abdominal pain, toxic look (typhos), belly pain",eat high calorie vegitables | antiboitic therapy | consult doctor | medication
Typhoid,"chills, vomiting, fatigue, high fever, headache, nausea, constipation, abdominal pain, diarrhoea, belly pain",eat high calorie vegitables | antiboitic therapy | consult doctor | medication
Typhoid,"chills, vomiting, fatigue, high fever, headache, nausea, constipation, abdominal pain, diarrhoea, toxic look (typhos)",eat high calorie vegitables | antiboitic therapy | consult doctor | medication
Typhoid,"chills, vomiting, fatigue, high fever, headache, nausea, constipation, abdominal pain, diarrhoea, toxic look (typhos), belly pain",eat high calorie vegitables | antiboitic therapy | consult doctor | medication
Typhoid,"chills, vomiting, fatigue, high fever, headache, nausea, constipation, abdominal pain, diarrhoea, toxic look (typhos), belly pain",eat high calorie vegitables | antiboitic therapy | consult doctor | medication
Typhoid,"chills, fatigue, high fever, headache, nausea, constipation, abdominal pain, diarrhoea, toxic look (typhos), belly pain",eat high calorie vegitables | antiboitic therapy | consult doctor | medication
hepatitis A,"joint pain, vomiting, yellowish skin, dark urine, nausea, loss of appetite, abdominal pain, diarrhoea, mild fever, yellowing of eyes, muscle pain",Consult nearest hospital | wash hands through | avoid fatty spicy food | medication
hepatitis A,"joint pain, vomiting, yellowish skin, dark urine, nausea, loss of appetite, abdominal pain, diarrhoea, mild fever, yellowing of eyes, muscle pain",Consult nearest hospital | wash hands through | avoid fatty spicy food | medication
hepatitis A,"vomiting, yellowish skin, dark urine, nausea, loss of appetite, abdominal pain, diarrhoea, mild fever, yellowing of eyes, muscle pain",Consult nearest hospital | wash hands through | avoid fatty spicy food | medication
hepatitis A,"joint pain, yellowish skin, dark urine, nausea, loss of appetite, abdominal pain, diarrhoea, mild fever, yellowing of eyes, muscle pain",Consult nearest hospital | wash hands through | avoid fatty spicy food | medication
hepatitis A,"joint pain, vomiting, dark urine, nausea, loss of appetite, abdominal pain, diarrhoea, mild fever, yellowing of eyes, muscle pain",Consult nearest hospital | wash hands through | avoid fatty spicy food | medication
hepatitis A,"joint pain, vomiting, yellowish skin, nausea, loss of appetite, abdominal pain, diarrhoea, mild fever, yellowing of eyes, muscle pain",Consult nearest hospital | wash hands through | avoid fatty spicy food | medication
hepatitis A,"joint pain, vomiting, yellowish skin, dark urine, loss of appetite, abdominal pain, diarrhoea, mild fever, yellowing of eyes, muscle pain",Consult nearest hospital | wash hands through | avoid fatty spicy food | medication
hepatitis A,"joint pain, vomiting, yellowish skin, dark urine, nausea, abdominal pain, diarrhoea, mild fever, yellowing of eyes, muscle pain",Consult nearest hospital | wash hands through | avoid fatty spicy food | medication
hepatitis A,"joint pain, vomiting, yellowish skin, dark urine, nausea, loss of appetite, diarrhoea, mild fever, yellowing of eyes, muscle pain",Consult nearest hospital | wash hands through | avoid fatty spicy food | medication
hepatitis A,"joint pain, vomiting, yellowish skin, dark urine, nausea, loss of appetite, abdominal pain, mild fever, yellowing of eyes, muscle pain",Consult nearest hospital | wash hands through | avoid fatty spicy food | medication
Hepatitis B,"itching, fatigue, lethargy, yellowish skin, dark urine, loss of appetite, abdominal pain, yellow urine, yellowing of eyes, malaise, receiving blood transfusion, receiving unsterile injections",consult nearest hospital | vaccination | eat healthy | medication
Hepatitis B,"itching, fatigue, lethargy, yellowish skin, dark urine, loss of appetite, abdominal pain, yellow urine, yellowing of eyes, malaise, receiving blood transfusion, receiving unsterile injections",consult nearest hospital | vaccination | eat healthy | medication
Hepatitis B,"fatigue, lethargy, yellowish skin, dark urine, loss of appetite, abdominal pain, yellow urine, yellowing of eyes, malaise, receiving blood transfusion, receiving unsterile injections",consult nearest hospital | vaccination | eat healthy | medication
Hepatitis B,"itching, lethargy, yellowish skin, dark urine, loss of appetite, abdominal pain, yellow urine, yellowing of eyes, malaise, receiving blood transfusion, receiving unsterile injections",consult nearest hospital | vaccination | eat healthy | medication
Hepatitis B,"itching, fatigue, yellowish skin, dark urine, loss of appetite, abdominal pain, yellow urine, yellowing of eyes, malaise, receiving blood transfusion, receiving unsterile injections",consult nearest hospital | vaccination | eat healthy | medication
Hepatitis B,"itching, fatigue, lethargy, dark urine, loss of appetite, abdominal pain, yellow urine, yellowing of eyes, malaise, receiving blood transfusion, receiving unsterile injections",consult nearest hospital | vaccination | eat healthy | medication
Hepatitis B,"itching, fatigue, lethargy, yellowish skin, loss of appetite, abdominal pain, yellow urine, yellowing of eyes, malaise, receiving blood transfusion, receiving unsterile injections",consult nearest hospital | vaccination | eat healthy | medication
Hepatitis B,"itching, fatigue, lethargy, yellowish skin, dark urine, abdominal pain, yellow urine, yellowing of eyes, malaise, receiving blood transfusion, receiving unsterile injections",consult nearest hospital | vaccination | eat healthy | medication
Hepatitis B,"itching, fatigue, lethargy, yellowish skin, dark urine, loss of appetite, yellow urine, yellowing of eyes, malaise, receiving blood transfusion, receiving unsterile injections",consult nearest hospital | vaccination | eat healthy | medication
Hepatitis B,"itching, fatigue, lethargy, yellowish skin, dark urine, loss of appetite, abdominal pain, yellowing of eyes, malaise, receiving blood transfusion, receiving unsterile injections",consult nearest hospital | vaccination | eat healthy | medication
Hepatitis C,"fatigue, yellowish skin, nausea, loss of appetite, family history",Consult nearest hospital | vaccination | eat healthy | medication
Hepatitis C,"fatigue, yellowish skin, nausea, loss of appetite, yellowing of eyes, family history",Consult nearest hospital | vaccination | eat healthy | medication
Hepatitis C,"yellowish skin, nausea, loss of appetite, yellowing of eyes, family history",Consult nearest hospital | vaccination | eat healthy | medication
Hepatitis C,"fatigue, nausea, loss of appetite, yellowing of eyes, family history",Consult nearest hospital | vaccination | eat healthy | medication
Hepatitis C,"fatigue, yellowish skin, loss of appetite, yellowing of eyes, family history",Consult nearest hospital | vaccination | eat healthy | medication
Hepatitis C,"fatigue, yellowish skin, nausea, yellowing of eyes, family history",Consult nearest hospital | vaccination | eat healthy | medication
Hepatitis C,"fatigue, yellowish skin, nausea, loss of appetite, family history",Consult nearest hospital | vaccination | eat healthy | medication
Hepatitis C,"fatigue, yellowish skin, nausea, loss of appetite, yellowing of eyes",Consult nearest hospital | vaccination | eat healthy | medication
Hepatitis C,"fatigue, yellowish skin, nausea, loss of appetite, yellowing of eyes, family history",Consult nearest hospital | vaccination | eat healthy | medication
Hepatitis C,"fatigue, yellowish skin, nausea, loss of appetite, yellowing of eyes, family history",Consult nearest hospital | vaccination | eat healthy | medication
Hepatitis D,"joint pain, vomiting, fatigue, yellowish skin, dark urine, nausea, loss of appetite, abdominal pain, yellowing of eyes",consult doctor | medication | eat healthy | follow up
Hepatitis D,"vomiting, fatigue, yellowish skin, dark urine, nausea, loss of appetite, abdominal pain, yellowing of eyes",consult doctor | medication | eat healthy | follow up
Hepatitis D,"joint pain, fatigue, yellowish skin, dark urine, nausea, loss of appetite, abdominal pain, yellowing of eyes",consult doctor | medication | eat healthy | follow up
Hepatitis D,"joint pain, vomiting, yellowish skin, dark urine, nausea, loss of appetite, abdominal pain, yellowing of eyes",consult doctor | medication | eat healthy | follow up
Hepatitis D,"joint pain, vomiting, fatigue, dark urine, nausea, loss of appetite, abdominal pain, yellowing of eyes",consult doctor | medication | eat healthy | follow up
Hepatitis D,"joint pain, vomiting, fatigue, yellowish skin, nausea, loss of appetite, abdominal pain, yellowing of eyes",consult doctor | medication | eat healthy | follow up
Hepatitis D,"joint pain, vomiting, fatigue, yellowish skin, dark urine, loss of appetite, abdominal pain, yellowing of eyes",consult doctor | medication | eat healthy | follow up
Hepatitis D,"joint pain, vomiting, fatigue, yellowish skin, dark urine, nausea, abdominal pain, yellowing of eyes",consult doctor | medication | eat healthy | follow up
Hepatitis D,"joint pain, vomiting, fatigue, yellowish skin, dark urine, nausea, loss of appetite, yellowing of eyes",consult doctor | medication | eat healthy | follow up
Hepatitis D,"joint pain, vomiting, fatigue, yellowish skin, dark urine, nausea, loss of appetite, abdominal pain",consult doctor | medication | eat healthy | follow up
Hepatitis E,"joint pain, vomiting, fatigue, high fever, yellowish skin, dark urine, nausea, loss of appetite, abdominal pain, yellowing of eyes, coma, stomach bleeding",stop alcohol consumption | rest | consult doctor | medication
Hepatitis E,"joint pain, vomiting, fatigue, high fever, yellowish skin, dark urine, nausea, loss of appetite, abdominal pain, yellowing of eyes, acute liver failure, coma, stomach bleeding",stop alcohol consumption | rest | consult doctor | medication
Hepatitis E,"joint pain, vomiting, fatigue, high fever, yellowish skin, dark urine, nausea, loss of appetite, abdominal pain, yellowing of eyes, acute liver failure, coma, stomach bleeding",stop alcohol consumption | rest | consult doctor | medication
Hepatitis E,"vomiting, fatigue, high fever, yellowish skin, dark urine, nausea, loss of appetite, abdominal pain, yellowing of eyes, acute liver failure, coma, stomach bleeding",stop alcohol consumption | rest | consult doctor | medication
Hepatitis E,"joint pain, fatigue, high fever, yellowish skin, dark urine, nausea, loss of appetite, abdominal pain, yellowing of eyes, acute liver failure, coma, stomach bleeding",stop alcohol consumption | rest | consult doctor | medication
Hepatitis E,"joint pain, vomiting, high fever, yellowish skin, dark urine, nausea, loss of appetite, abdominal pain, yellowing of eyes, acute liver failure, coma, stomach bleeding",stop alcohol consumption | rest | consult doctor | medication
Hepatitis E,"joint pain, vomiting, fatigue, yellowish skin, dark urine, nausea, loss of appetite, abdominal pain, yellowing of eyes, acute liver failure, coma, stomach bleeding",stop alcohol consumption | rest | consult doctor | medication
Hepatitis E,"joint pain, vomiting, fatigue, high fever, dark urine, nausea, loss of appetite, abdominal pain, yellowing of eyes, acute liver failure, coma, stomach bleeding",stop alcohol consumption | rest | consult doctor | medication
Hepatitis E,"joint pain, vomiting, fatigue, high fever, yellowish skin, nausea, loss of appetite, abdominal pain, yellowing of eyes, acute liver failure, coma, stomach bleeding",stop alcohol consumption | rest | consult doctor | medication
Hepatitis E,"joint pain, vomiting, fatigue, high fever, yellowish skin, dark urine, loss of appetite, abdominal pain, yellowing of eyes, acute liver failure, coma, stomach bleeding",stop alcohol consumption | rest | consult doctor | medication
Alcoholic hepatitis,"vomiting, yellowish skin, abdominal pain, swelling of stomach, distention of abdomen, history of alcohol consumption, fluid overload",stop alcohol consumption | consult doctor | medication | follow up
Alcoholic hepatitis,"vomiting, yellowish skin, abdominal pain, swelling of stomach, distention of abdomen, history of alcohol consumption, fluid overload",stop alcohol consumption | consult doctor | medication | follow up
Alcoholic hepatitis,"yellowish skin, abdominal pain, swelling of stomach, distention of abdomen, history of alcohol consumption, fluid overload",stop alcohol consumption | consult doctor | medication | follow up
Alcoholic hepatitis,"vomiting, abdominal pain, swelling of stomach, distention of abdomen, history of alcohol consumption, fluid overload",stop alcohol consumption | consult doctor | medication | follow up
Alcoholic hepatitis,"vomiting, yellowish skin, swelling of stomach, distention of abdomen, history of alcohol consumption, fluid overload",stop alcohol consumption | consult doctor | medication | follow up
Alcoholic hepatitis,"vomiting, yellowish skin, abdominal pain, distention of abdomen, history of alcohol consumption, fluid overload",stop alcohol consumption | consult doctor | medication | follow up
Alcoholic hepatitis,"vomiting, yellowish skin, abdominal pain, swelling of stomach, history of alcohol consumption, fluid overload",stop alcohol consumption | consult doctor | medication | follow up
Alcoholic hepatitis,"vomiting, yellowish skin, abdominal pain, swelling of stomach, distention of abdomen, fluid overload",stop alcohol consumption | consult doctor | medication | follow up
Alcoholic hepatitis,"vomiting, yellowish skin, abdominal pain, swelling of stomach, distention of abdomen, history of alcohol consumption",stop alcohol consumption | consult doctor | medication | follow up
Alcoholic hepatitis,"vomiting, yellowish skin, abdominal pain, swelling of stomach, distention of abdomen, history of alcohol consumption, fluid overload",stop alcohol consumption | consult doctor | medication | follow up
Tuberculosis,"chills, vomiting, fatigue, weight loss, cough, high fever, breathlessness, sweating, loss of appetite, mild fever, yellowing of eyes, swelled lymph nodes, malaise, phlegm, chest pain, blood in sputum",cover mouth | consult doctor | medication | rest
Tuberculosis,"chills, vomiting, fatigue, weight loss, cough, high fever, breathlessness, sweating, loss of appetite, mild fever, yellowing of eyes, swelled lymph nodes, malaise, phlegm, chest pain, blood in sputum",cover mouth | consult doctor | medication | rest
Tuberculosis,"vomiting, fatigue, weight loss, cough, high fever, breathlessness, sweating, loss of appetite, mild fever, yellowing of eyes, swelled lymph nodes, malaise, phlegm, chest pain, blood in sputum",cover mouth | consult doctor | medication | rest
Tuberculosis,"chills, fatigue, weight loss, cough, high fever, breathlessness, sweating, loss of appetite, mild fever, yellowing of eyes, swelled lymph nodes, malaise, phlegm, chest pain, blood in sputum",cover mouth | consult doctor | medication | rest
Tuberculosis,"chills, vomiting, weight loss, cough, high fever, breathlessness, sweating, loss of appetite, mild fever, yellowing of eyes, swelled lymph nodes, malaise, phlegm, chest pain, blood in sputum",cover mouth | consult doctor | medication | rest
Tuberculosis,"chills, vomiting, fatigue, cough, high fever, breathlessness, sweating, loss of appetite, mild fever, yellowing of eyes, swelled lymph nodes, malaise, phlegm, chest pain, blood in sputum",cover mouth | consult doctor | medication | rest
Tuberculosis,"chills, vomiting, fatigue, weight loss, high fever, breathlessness, sweating, loss of appetite, mild fever, yellowing of eyes, swelled lymph nodes, malaise, phlegm, chest pain, blood in sputum",cover mouth | consult doctor | medication | rest
Tuberculosis,"chills, vomiting, fatigue, weight loss, cough, breathlessness, sweating, loss of appetite, mild fever, yellowing of eyes, swelled lymph nodes, malaise, phlegm, chest pain, blood in sputum",cover mouth | consult doctor | medication | rest
Tuberculosis,"chills, vomiting, fatigue, weight loss, cough, high fever, sweating, loss of appetite, mild fever, yellowing of eyes, swelled lymph nodes, malaise, phlegm, chest pain, blood in sputum",cover mouth | consult doctor | medication | rest
Tuberculosis,"chills, vomiting, fatigue, weight loss, cough, high fever, breathlessness, loss of appetite, mild fever, yellowing of eyes, swelled lymph nodes, malaise, phlegm, chest pain, blood in sputum",cover mouth | consult doctor | medication | rest
Common Cold,"continuous sneezing, chills, fatigue, cough, high fever, headache, swelled lymph nodes, malaise, phlegm, throat irritation, redness of eyes, sinus pressure, runny nose, congestion, chest pain, loss of smell, muscle pain",drink vitamin c rich drinks | take vapour | avoid cold food | keep fever in check
Common Cold,"continuous sneezing, chills, fatigue, cough, high fever, headache, swelled lymph nodes, malaise, phlegm, throat irritation, redness of eyes, sinus pressure, runny nose, congestion, chest pain, loss of smell, muscle pain",drink vitamin c rich drinks | take vapour | avoid cold food | keep fever in check
Common Cold,"chills, fatigue, cough, high fever, headache, swelled lymph nodes, malaise, phlegm, throat irritation, redness of eyes, sinus pressure, runny nose, congestion, chest pain, loss of smell, muscle pain",drink vitamin c rich drinks | take vapour | avoid cold food | keep fever in check
Common Cold,"continuous sneezing, fatigue, cough, high fever, headache, swelled lymph nodes, malaise, phlegm, throat irritation, redness of eyes, sinus pressure, runny nose, congestion, chest pain, loss of smell, muscle pain",drink vitamin c rich drinks | take vapour | avoid cold food | keep fever in check
Common Cold,"continuous sneezing, chills, cough, high fever, headache, swelled lymph nodes, malaise, phlegm, throat irritation, redness of eyes, sinus pressure, runny nose, congestion, chest pain, loss of smell, muscle pain",drink vitamin c rich drinks | take vapour | avoid cold food | keep fever in check
Common Cold,"continuous sneezing, chills, fatigue, high fever, headache, swelled lymph nodes, malaise, phlegm, throat irritation, redness of eyes, sinus pressure, runny nose, congestion, chest pain, loss of smell, muscle pain",drink vitamin c rich drinks | take vapour | avoid cold food | keep fever in check
Common Cold,"continuous sneezing, chills, fatigue, cough, headache, swelled lymph nodes, malaise, phlegm, throat irritation, redness of eyes, sinus pressure, runny nose, congestion, chest pain, loss of smell, muscle pain",drink vitamin c rich drinks | take vapour | avoid cold food | keep fever in check
Common Cold,"continuous sneezing, chills, fatigue, cough, high fever, swelled lymph nodes, malaise, phlegm, throat irritation, redness of eyes, sinus pressure, runny nose, congestion, chest pain, loss of smell, muscle pain",drink vitamin c rich drinks | take vapour | avoid cold food | keep fever in check
Common Cold,"continuous sneezing, chills, fatigue, cough, high fever, headache, malaise, phlegm, throat irritation, redness of eyes, sinus pressure, runny nose, congestion, chest pain, loss of smell, muscle pain",drink vitamin c rich drinks | take vapour | avoid cold food | keep fever in check
Common Cold,"continuous sneezing, chills, fatigue, cough, high fever, headache, swelled lymph nodes, phlegm, throat irritation, redness of eyes, sinus pressure, runny nose, congestion, chest pain, loss of smell, muscle pain",drink vitamin c rich drinks | take vapour | avoid cold food | keep fever in check
Pneumonia,"chills, fatigue, cough, high fever, breathlessness, sweating, malaise, chest pain, fast heart rate, rusty sputum",consult doctor | medication | rest | follow up
Pneumonia,"chills, fatigue, cough, high fever, breathlessness, sweating, malaise, phlegm, chest pain, fast heart rate, rusty sputum",consult doctor | medication | rest | follow up
Pneumonia,"chills, fatigue, cough, high fever, breathlessness, sweating, malaise, phlegm, chest pain, fast heart rate, rusty sputum",consult doctor | medication | rest | follow up
Pneumonia,"fatigue, cough, high fever, breathlessness, sweating, malaise, phlegm, chest pain, fast heart rate, rusty sputum",consult doctor | medication | rest | follow up
Pneumonia,"chills, cough, high fever, breathlessness, sweating, malaise, phlegm, chest pain, fast heart rate, rusty sputum",consult doctor | medication | rest | follow up
Pneumonia,"chills, fatigue, high fever, breathlessness, sweating, malaise, phlegm, chest pain, fast heart rate, rusty sputum",consult doctor | medication | rest | follow up
Pneumonia,"chills, fatigue, cough, breathlessness, sweating, malaise, phlegm, chest pain, fast heart rate, rusty sputum",consult doctor | medication | rest | follow up
Pneumonia,"chills, fatigue, cough, high fever, sweating, malaise, phlegm, chest pain, fast heart rate, rusty sputum",consult doctor | medication | rest | follow up
Pneumonia,"chills, fatigue, cough, high fever, breathlessness, malaise, phlegm, chest pain, fast heart rate, rusty sputum",consult doctor | medication | rest | follow up
Pneumonia,"chills, fatigue, cough, high fever, breathlessness, sweating, phlegm, chest pain, fast heart rate, rusty sputum",consult doctor | medication | rest | follow up
Dimorphic hemmorhoids(piles),"constipation, pain during bowel movements, pain in anal region, bloody stool, irritation in anus",avoid fatty spicy food | consume witch hazel | warm bath with epsom salt | consume alovera juice
Dimorphic hemmorhoids(piles),"constipation, pain during bowel movements, pain in anal region, bloody stool, irritation in anus",avoid fatty spicy food | consume witch hazel | warm bath with epsom salt | consume alovera juice
Dimorphic hemmorhoids(piles),"constipation, pain during bowel movements, pain in anal region, bloody stool, irritation in anus",avoid fatty spicy food | consume witch hazel | warm bath with epsom salt | consume alovera juice
Dimorphic hemmorhoids(piles),"pain during bowel movements, pain in anal region, bloody stool, irritation in anus",avoid fatty spicy food | consume witch hazel | warm bath with epsom salt | consume alovera juice
Dimorphic hemmorhoids(piles),"constipation, pain in anal region, bloody stool, irritation in anus",avoid fatty spicy food | consume witch hazel | warm bath with epsom salt | consume alovera juice
Dimorphic hemmorhoids(piles),"constipation, pain during bowel movements, bloody stool, irritation in anus",avoid fatty spicy food | consume witch hazel | warm bath with epsom salt | consume alovera juice
Dimorphic hemmorhoids(piles),"constipation, pain during bowel movements, pain in anal region, irritation in anus",avoid fatty spicy food | consume witch hazel | warm bath with epsom salt | consume alovera juice
Dimorphic hemmorhoids(piles),"constipation, pain during bowel movements, pain in anal region, bloody stool",avoid fatty spicy food | consume witch hazel | warm bath with epsom salt | consume alovera juice
Dimorphic hemmorhoids(piles),"constipation, pain during bowel movements, pain in anal region, bloody stool, irritation in anus",avoid fatty spicy food | consume witch hazel | warm bath with epsom salt | consume alovera juice
Dimorphic hemmorhoids(piles),"constipation, pain during bowel movements, pain in anal region, bloody stool, irritation in anus",avoid fatty spicy food | consume witch hazel | warm bath with epsom salt | consume alovera juice
Heart attack,"vomiting, breathlessness, sweating, chest pain",Consult a doctor | Get adequate rest | Stay hydrated | Follow prescribed treatment
Heart attack,"vomiting, breathlessness, sweating, chest pain",Consult a doctor | Get adequate rest | Stay hydrated | Follow prescribed treatment
Heart attack,"breathlessness, sweating, chest pain",Consult a doctor | Get adequate rest | Stay hydrated | Follow prescribed treatment
Heart attack,"vomiting, sweating, chest pain",Consult a doctor | Get adequate rest | Stay hydrated | Follow prescribed treatment
Heart attack,"vomiting, breathlessness, chest pain",Consult a doctor | Get adequate rest | Stay hydrated | Follow prescribed treatment
Heart attack,"vomiting, breathlessness, sweating",Consult a doctor | Get adequate rest | Stay hydrated | Follow prescribed treatment
Heart attack,"vomiting, breathlessness, sweating, chest pain",Consult a doctor | Get adequate rest | Stay hydrated | Follow prescribed treatment
Heart attack,"breathlessness, sweating, chest pain",Consult a doctor | Get adequate rest | Stay hydrated | Follow prescribed treatment
Heart attack,"vomiting, sweating, chest pain",Consult a doctor | Get adequate rest | Stay hydrated | Follow prescribed treatment
Heart attack,"vomiting, breathlessness, chest pain",Consult a doctor | Get adequate rest | Stay hydrated | Follow prescribed treatment
Varicose veins,"fatigue, cramps, bruising, obesity, swollen legs, swollen blood vessels, prominent veins on calf",lie down flat and raise the leg high | use oinments | use vein compression | dont stand still for long
Varicose veins,"fatigue, cramps, bruising, obesity, swollen legs, swollen blood vessels, prominent veins on calf",lie down flat and raise the leg high | use oinments | use vein compression | dont stand still for long
Varicose veins,"cramps, bruising, obesity, swollen legs, swollen blood vessels, prominent veins on calf",lie down flat and raise the leg high | use oinments | use vein compression | dont stand still for long
Varicose veins,"fatigue, bruising, obesity, swollen legs, swollen blood vessels, prominent veins on calf",lie down flat and raise the leg high | use oinments | use vein compression | dont stand still for long
Varicose veins,"fatigue, cramps, obesity, swollen legs, swollen blood vessels, prominent veins on calf",lie down flat and raise the leg high | use oinments | use vein compression | dont stand still for long
Varicose veins,"fatigue, cramps, bruising, swollen legs, swollen blood vessels, prominent veins on calf",lie down flat and raise the leg high | use oinments | use vein compression | dont stand still for long
Varicose veins,"fatigue, cramps, bruising, obesity, swollen blood vessels, prominent veins on calf",lie down flat and raise the leg high | use oinments | use vein compression | dont stand still for long
Varicose veins,"fatigue, cramps, bruising, obesity, swollen legs, prominent veins on calf",lie down flat and raise the leg high | use oinments | use vein compression | dont stand still for long
Varicose veins,"fatigue, cramps, bruising, obesity, swollen legs, swollen blood vessels",lie down flat and raise the leg high | use oinments | use vein compression | dont stand still for long
Varicose veins,"fatigue, cramps, bruising, obesity, swollen legs, prominent veins on calf",lie down flat and raise the leg high | use oinments | use vein compression | dont stand still for long
Hypothyroidism,"fatigue, weight gain, cold hands and feets, mood swings, lethargy, dizziness, puffy face and eyes, enlarged thyroid, brittle nails, swollen extremeties, depression, irritability, abnormal menstruation",reduce stress | exercise | eat healthy | get proper sleep
Hypothyroidism,"fatigue, weight gain, cold hands and feets, mood swings, lethargy, dizziness, puffy face and eyes, enlarged thyroid, brittle nails, swollen extremeties, depression, irritability, abnormal menstruation",reduce stress | exercise | eat healthy | get proper sleep
Hypothyroidism,"weight gain, cold hands and feets, mood swings, lethargy, dizziness, puffy face and eyes, enlarged thyroid, brittle nails, swollen extremeties, depression, irritability, abnormal menstruation",reduce stress | exercise | eat healthy | get proper sleep
Hypothyroidism,"weight gain, cold hands and feets, mood swings, lethargy, dizziness, puffy face and eyes, enlarged thyroid, brittle nails, swollen extremeties, depression, irritability, abnormal menstruation",reduce stress | exercise | eat healthy | get proper sleep
Hypothyroidism,"fatigue, cold hands and feets, mood swings, lethargy, dizziness, puffy face and eyes, enlarged thyroid, brittle nails, swollen extremeties, depression, irritability, abnormal menstruation",reduce stress | exercise | eat healthy | get proper sleep
Hypothyroidism,"fatigue, weight gain, mood swings, lethargy, dizziness, puffy face and eyes, enlarged thyroid, brittle nails, swollen extremeties, depression, irritability, abnormal menstruation",reduce stress | exercise | eat healthy | get proper sleep
Hypothyroidism,"fatigue, weight gain, cold hands and feets, lethargy, dizziness, puffy face and eyes, enlarged thyroid, brittle nails, swollen extremeties, depression, irritability, abnormal menstruation",reduce stress | exercise | eat healthy | get proper sleep
Hypothyroidism,"fatigue, weight gain, cold hands and feets, mood swings, dizziness, puffy face and eyes, enlarged thyroid, brittle nails, swollen extremeties, depression, irritability, abnormal menstruation",reduce stress | exercise | eat healthy | get proper sleep
Hypothyroidism,"fatigue, weight gain, cold hands and feets, mood swings, lethargy, puffy face and eyes, enlarged thyroid, brittle nails, swollen extremeties, depression, irritability, abnormal menstruation",reduce stress | exercise | eat healthy | get proper sleep
Hypothyroidism,"fatigue, weight gain, cold hands and feets, mood swings, lethargy, dizziness, enlarged thyroid, brittle nails, swollen extremeties, depression, irritability, abnormal menstruation",reduce stress | exercise | eat healthy | get proper sleep
Hyperthyroidism,"fatigue, mood swings, weight loss, restlessness, sweating, diarrhoea, fast heart rate, excessive hunger, muscle weakness, irritability, abnormal menstruation",eat healthy | massage | use lemon balm | take radioactive iodine treatment
Hyperthyroidism,"fatigue, mood swings, weight loss, restlessness, sweating, diarrhoea, fast heart rate, excessive hunger, muscle weakness, irritability, abnormal menstruation",eat healthy | massage | use lemon balm | take radioactive iodine treatment
Hyperthyroidism,"mood swings, weight loss, restlessness, sweating, diarrhoea, fast heart rate, excessive hunger, muscle weakness, irritability, abnormal menstruation",eat healthy | massage | use lemon balm | take radioactive iodine treatment
Hyperthyroidism,"fatigue, weight loss, restlessness, sweating, diarrhoea, fast heart rate, excessive hunger, muscle weakness, irritability, abnormal menstruation",eat healthy | massage | use lemon balm | take radioactive iodine treatment
Hyperthyroidism,"fatigue, mood swings, restlessness, sweating, diarrhoea, fast heart rate, excessive hunger, muscle weakness, irritability, abnormal menstruation",eat healthy | massage | use lemon balm | take radioactive iodine treatment
Hyperthyroidism,"fatigue, mood swings, weight loss, sweating, diarrhoea, fast heart rate, excessive hunger, muscle weakness, irritability, abnormal menstruation",eat healthy | massage | use lemon balm | take radioactive iodine treatment
Hyperthyroidism,"fatigue, mood swings, weight loss, restlessness, diarrhoea, fast heart rate, excessive hunger, muscle weakness, irritability, abnormal menstruation",eat healthy | massage | use lemon balm | take radioactive iodine treatment
Hyperthyroidism,"fatigue, mood swings, weight loss, restlessness, sweating, fast heart rate, excessive hunger, muscle weakness, irritability, abnormal menstruation",eat healthy | massage | use lemon balm | take radioactive iodine treatment
Hyperthyroidism,"fatigue, mood swings, weight loss, restlessness, sweating, diarrhoea, excessive hunger, muscle weakness, irritability, abnormal menstruation",eat healthy | massage | use lemon balm | take radioactive iodine treatment
Hyperthyroidism,"fatigue, mood swings, weight loss, restlessness, sweating, diarrhoea, fast heart rate, muscle weakness, irritability, abnormal menstruation",eat healthy | massage | use lemon balm | take radioactive iodine treatment
Hypoglycemia,"vomiting, fatigue, anxiety, sweating, headache, nausea, blurred and distorted vision, excessive hunger, slurred speech, irritability, palpitations",lie down on side | check in pulse | drink sugary drinks | consult doctor
Hypoglycemia,"vomiting, fatigue, anxiety, sweating, headache, nausea, blurred and distorted vision, excessive hunger, drying and tingling lips, slurred speech, irritability, palpitations",lie down on side | check in pulse | drink sugary drinks | consult doctor
Hypoglycemia,"vomiting, fatigue, anxiety, sweating, headache, nausea, blurred and distorted vision, excessive hunger, drying and tingling lips, slurred speech, irritability, palpitations",lie down on side | check in pulse | drink sugary drinks | consult doctor
Hypoglycemia,"fatigue, anxiety, sweating, headache, nausea, blurred and distorted vision, excessive hunger, drying and tingling lips, slurred speech, irritability, palpitations",lie down on side | check in pulse | drink sugary drinks | consult doctor
Hypoglycemia,"vomiting, anxiety, sweating, headache, nausea, blurred and distorted vision, excessive hunger, drying and tingling lips, slurred speech, irritability, palpitations",lie down on side | check in pulse | drink sugary drinks | consult doctor
Hypoglycemia,"vomiting, fatigue, sweating, headache, nausea, blurred and distorted vision, excessive hunger, drying and tingling lips, slurred speech, irritability, palpitations",lie down on side | check in pulse | drink sugary drinks | consult doctor
Hypoglycemia,"vomiting, fatigue, anxiety, headache, nausea, blurred and distorted vision, excessive hunger, drying and tingling lips, slurred speech, irritability, palpitations",lie down on side | check in pulse | drink sugary drinks | consult doctor
Hypoglycemia,"vomiting, fatigue, anxiety, sweating, nausea, blurred and distorted vision, excessive hunger, drying and tingling lips, slurred speech, irritability, palpitations",lie down on side | check in pulse | drink sugary drinks | consult doctor
Hypoglycemia,"vomiting, fatigue, anxiety, sweating, headache, blurred and distorted vision, excessive hunger, drying and tingling lips, slurred speech, irritability, palpitations",lie down on side | check in pulse | drink sugary drinks | consult doctor
Hypoglycemia,"vomiting, fatigue, anxiety, sweating, headache, nausea, excessive hunger, drying and tingling lips, slurred speech, irritability, palpitations",lie down on side | check in pulse | drink sugary drinks | consult doctor
Osteoarthristis,"joint pain, neck pain, knee pain, hip joint pain, swelling joints, painful walking",acetaminophen | consult nearest hospital | follow up | salt baths
Osteoarthristis,"joint pain, neck pain, knee pain, hip joint pain, swelling joints, painful walking",acetaminophen | consult nearest hospital | follow up | salt baths
Osteoarthristis,"neck pain, knee pain, hip joint pain, swelling joints, painful walking",acetaminophen | consult nearest hospital | follow up | salt baths
Osteoarthristis,"joint pain, knee pain, hip joint pain, swelling joints, painful walking",acetaminophen | consult nearest hospital | follow up | salt baths
Osteoarthristis,"joint pain, neck pain, hip joint pain, swelling joints, painful walking",acetaminophen | consult nearest hospital | follow up | salt baths
Osteoarthristis,"joint pain, neck pain, knee pain, swelling joints, painful walking",acetaminophen | consult nearest hospital | follow up | salt baths
Osteoarthristis,"joint pain, neck pain, knee pain, hip joint pain, painful walking",acetaminophen | consult nearest hospital | follow up | salt baths
Osteoarthristis,"joint pain, neck pain, knee pain, hip joint pain, swelling joints",acetaminophen | consult nearest hospital | follow up | salt baths
Osteoarthristis,"joint pain, neck pain, knee pain, hip joint pain, swelling joints, painful walking",acetaminophen | consult nearest hospital | follow up | salt baths
Osteoarthristis,"joint pain, neck pain, knee pain, hip joint pain, swelling joints, painful walking",acetaminophen | consult nearest hospital | follow up | salt baths
Arthritis,"muscle weakness, stiff neck, swelling joints, movement stiffness, painful walking",exercise | use hot and cold therapy | try acupuncture | massage
Arthritis,"muscle weakness, stiff neck, swelling joints, movement stiffness, painful walking",exercise | use hot and cold therapy | try acupuncture | massage
Arthritis,"stiff neck, swelling joints, movement stiffness, painful walking",exercise | use hot and cold therapy | try acupuncture | massage
Arthritis,"muscle weakness, swelling joints, movement stiffness, painful walking",exercise | use hot and cold therapy | try acupuncture | massage
Arthritis,"muscle weakness, stiff neck, movement stiffness, painful walking",exercise | use hot and cold therapy | try acupuncture | massage
Arthritis,"muscle weakness, stiff neck, swelling joints, painful walking",exercise | use hot and cold therapy | try acupuncture | massage
Arthritis,"muscle weakness, stiff neck, swelling joints, movement stiffness, painful walking",exercise | use hot and cold therapy | try acupuncture | massage
Arthritis,"muscle weakness, stiff neck, swelling joints, movement stiffness",exercise | use hot and cold therapy | try acupuncture | massage
Arthritis,"muscle weakness, stiff neck, swelling joints, movement stiffness, painful walking",exercise | use hot and cold therapy | try acupuncture | massage
Arthritis,"muscle weakness, stiff neck, swelling joints, movement stiffness, painful walking",exercise | use hot and cold therapy | try acupuncture | massage
(vertigo) Paroymsal  Positional Vertigo,"vomiting, headache, nausea, spinning movements, loss of balance, unsteadiness",lie down | avoid sudden change in body | avoid abrupt head movment | relax
(vertigo) Paroymsal  Positional Vertigo,"vomiting, headache, nausea, spinning movements, loss of balance, unsteadiness",lie down | avoid sudden change in body | avoid abrupt head movment | relax
(vertigo) Paroymsal  Positional Vertigo,"headache, nausea, spinning movements, loss of balance, unsteadiness",lie down | avoid sudden change in body | avoid abrupt head movment | relax
(vertigo) Paroymsal  Positional Vertigo,"vomiting, nausea, spinning movements, loss of balance, unsteadiness",lie down | avoid sudden change in body | avoid abrupt head movment | relax
(vertigo) Paroymsal  Positional Vertigo,"vomiting, headache, spinning movements, loss of balance, unsteadiness",lie down | avoid sudden change in body | avoid abrupt head movment | relax
(vertigo) Paroymsal  Positional Vertigo,"vomiting, headache, nausea, loss of balance, unsteadiness",lie down | avoid sudden change in body | avoid abrupt head movment | relax
(vertigo) Paroymsal  Positional Vertigo,"vomiting, headache, nausea, spinning movements, unsteadiness",lie down | avoid sudden change in body | avoid abrupt head movment | relax
(vertigo) Paroymsal  Positional Vertigo,"vomiting, headache, nausea, spinning movements, loss of balance",lie down | avoid sudden change in body | avoid abrupt head movment | relax
(vertigo) Paroymsal  Positional Vertigo,"vomiting, headache, nausea, spinning movements, loss of balance, unsteadiness",lie down | avoid sudden change in body | avoid abrupt head movment | relax
(vertigo) Paroymsal  Positional Vertigo,"vomiting, headache, nausea, loss of balance, unsteadiness",lie down | avoid sudden change in body | avoid abrupt head movment | relax
Acne,"skin rash, pus filled pimples, blackheads, scurring",bath twice | avoid fatty spicy food | drink plenty of water | avoid too many products
Acne,"skin rash, pus filled pimples, blackheads, scurring",bath twice | avoid fatty spicy food | drink plenty of water | avoid too many products
Acne,"pus filled pimples, blackheads, scurring",bath twice | avoid fatty spicy food | drink plenty of water | avoid too many products
Acne,"skin rash, blackheads, scurring",bath twice | avoid fatty spicy food | drink plenty of water | avoid too many products
Acne,"skin rash, pus filled pimples, scurring",bath twice | avoid fatty spicy food | drink plenty of water | avoid too many products
Acne,"skin rash, pus filled pimples, blackheads",bath twice | avoid fatty spicy food | drink plenty of water | avoid too many products
Acne,"skin rash, pus filled pimples, blackheads, scurring",bath twice | avoid fatty spicy food | drink plenty of water | avoid too many products
Acne,"skin rash, pus filled pimples, blackheads",bath twice | avoid fatty spicy food | drink plenty of water | avoid too many products
Acne,"skin rash, pus filled pimples, scurring",bath twice | avoid fatty spicy food | drink plenty of water | avoid too many products
Acne,"skin rash, blackheads, scurring",bath twice | avoid fatty spicy food | drink plenty of water | avoid too many products
Urinary tract infection,"burning micturition, bladder discomfort, foul smell of urine, continuous feel of urine",drink plenty of water | increase vitamin c intake | drink cranberry juice | take probiotics
Urinary tract infection,"burning micturition, bladder discomfort, foul smell of urine, continuous feel of urine",drink plenty of water | increase vitamin c intake | drink cranberry juice | take probiotics
Urinary tract infection,"bladder discomfort, foul smell of urine, continuous feel of urine",drink plenty of water | increase vitamin c intake | drink cranberry juice | take probiotics
Urinary tract infection,"burning micturition, foul smell of urine, continuous feel of urine",drink plenty of water | increase vitamin c intake | drink cranberry juice | take probiotics
Urinary tract infection,"burning micturition, bladder discomfort, continuous feel of urine",drink plenty of water | increase vitamin c intake | drink cranberry juice | take probiotics
Urinary tract infection,"burning micturition, bladder discomfort, foul smell of urine",drink plenty of water | increase vitamin c intake | drink cranberry juice | take probiotics
Urinary tract infection,"burning micturition, bladder discomfort, foul smell of urine, continuous feel of urine",drink plenty of water | increase vitamin c intake | drink cranberry juice | take probiotics
Urinary tract infection,"burning micturition, bladder discomfort, continuous feel of urine",drink plenty of water | increase vitamin c intake | drink cranberry juice | take probiotics
Urinary tract infection,"bladder discomfort, foul smell of urine, continuous feel of urine",drink plenty of water | increase vitamin c intake | drink cranberry juice | take probiotics
Urinary tract infection,"burning micturition, bladder discomfort, continuous feel of urine",drink plenty of water | increase vitamin c intake | drink cranberry juice | take probiotics
Psoriasis,"skin rash, joint pain, skin peeling, silver like dusting, small dents in nails, inflammatory nails",wash hands with warm soapy water | stop bleeding using pressure | consult doctor | salt baths
Psoriasis,"skin rash, joint pain, skin peeling, silver like dusting, small dents in nails, inflammatory nails",wash hands with warm soapy water | stop bleeding using pressure | consult doctor | salt baths
Psoriasis,"joint pain, skin peeling, silver like dusting, small dents in nails, inflammatory nails",wash hands with warm soapy water | stop bleeding using pressure | consult doctor | salt baths
Psoriasis,"skin rash, skin peeling, silver like dusting, small dents in nails, inflammatory nails",wash hands with warm soapy water | stop bleeding using pressure | consult doctor | salt baths
Psoriasis,"skin rash, joint pain, silver like dusting, small dents in nails, inflammatory nails",wash hands with warm soapy water | stop bleeding using pressure | consult doctor | salt baths
Psoriasis,"skin rash, joint pain, skin peeling, small dents in nails, inflammatory nails",wash hands with warm soapy water | stop bleeding using pressure | consult doctor | salt baths
Psoriasis,"skin rash, joint pain, skin peeling, silver like dusting, inflammatory nails",wash hands with warm soapy water | stop bleeding using pressure | consult doctor | salt baths
Psoriasis,"skin rash, joint pain, skin peeling, silver like dusting, small dents in nails",wash hands with warm soapy water | stop bleeding using pressure | consult doctor | salt baths
Psoriasis,"skin rash, joint pain, skin peeling, silver like dusting, small dents in nails, inflammatory nails",wash hands with warm soapy water | stop bleeding using pressure | consult doctor | salt baths
Psoriasis,"skin rash, joint pain, skin peeling, silver like dusting, small dents in nails, inflammatory nails",wash hands with warm soapy water | stop bleeding using pressure | consult doctor | salt baths
Impetigo,"skin rash, high fever, blister, red sore around nose, yellow crust ooze",soak affected area in warm water | use antibiotics | remove scabs with wet compressed cloth | consult doctor
Impetigo,"skin rash, high fever, blister, red sore around nose, yellow crust ooze",soak affected area in warm water | use antibiotics | remove scabs with wet compressed cloth | consult doctor
Impetigo,"high fever, blister, red sore around nose, yellow crust ooze",soak affected area in warm water | use antibiotics | remove scabs with wet compressed cloth | consult doctor
Impetigo,"skin rash, blister, red sore around nose, yellow crust ooze",soak affected area in warm water | use antibiotics | remove scabs with wet compressed cloth | consult doctor
Impetigo,"skin rash, blister, red sore around nose, yellow crust ooze",soak affected area in warm water | use antibiotics | remove scabs with wet compressed cloth | consult doctor
Impetigo,"skin rash, high fever, red sore around nose, yellow crust ooze",soak affected area in warm water | use antibiotics | remove scabs with wet compressed cloth | consult doctor
Impetigo,"skin rash, high fever, blister, yellow crust ooze",soak affected area in warm water | use antibiotics | remove scabs with wet compressed cloth | consult doctor
Impetigo,"skin rash, high fever, blister, red sore around nose",soak affected area in warm water | use antibiotics | remove scabs with wet compressed cloth | consult doctor
Impetigo,"skin rash, high fever, blister, red sore around nose, yellow crust ooze",soak affected area in warm water | use antibiotics | remove scabs with wet compressed cloth | consult doctor
Impetigo,"skin rash, blister, red sore around nose, yellow crust ooze",soak affected area in warm water | use antibiotics | remove scabs with wet compressed cloth | consult doctor
Fungal infection,"itching, skin rash, nodal skin eruptions, dischromic  patches",bath twice | use detol or neem in bathing water | keep infected area dry | use clean cloths
Fungal infection,"skin rash, nodal skin eruptions, dischromic  patches",bath twice | use detol or neem in bathing water | keep infected area dry | use clean cloths
Fungal infection,"itching, nodal skin eruptions, dischromic  patches",bath twice | use detol or neem in bathing water | keep infected area dry | use clean cloths
Fungal infection,"itching, skin rash, dischromic  patches",bath twice | use detol or neem in bathing water | keep infected area dry | use clean cloths
Fungal infection,"itching, skin rash, nodal skin eruptions",bath twice | use detol or neem in bathing water | keep infected area dry | use clean cloths
Fungal infection,"skin rash, nodal skin eruptions, dischromic  patches",bath twice | use detol or neem in bathing water | keep infected area dry | use clean cloths
Fungal infection,"itching, nodal skin eruptions, dischromic  patches",bath twice | use detol or neem in bathing water | keep infected area dry | use clean cloths
Fungal infection,"itching, skin rash, dischromic  patches",bath twice | use detol or neem in bathing water | keep infected area dry | use clean cloths
Fungal infection,"itching, skin rash, nodal skin eruptions",bath twice | use detol or neem in bathing water | keep infected area dry | use clean cloths
Fungal infection,"itching, skin rash, nodal skin eruptions, dischromic  patches",bath twice | use detol or neem in bathing water | keep infected area dry | use clean cloths
Allergy,"continuous sneezing, shivering, chills, watering from eyes",Consult a doctor | Get adequate rest | Stay hydrated | Follow prescribed treatment
Allergy,"shivering, chills, watering from eyes",Consult a doctor | Get adequate rest | Stay hydrated | Follow prescribed treatment
Allergy,"continuous sneezing, chills, watering from eyes",Consult a doctor | Get adequate rest | Stay hydrated | Follow prescribed treatment
Allergy,"continuous sneezing, shivering, watering from eyes",Consult a doctor | Get adequate rest | Stay hydrated | Follow prescribed treatment
Allergy,"continuous sneezing, shivering, chills",Consult a doctor | Get adequate rest | Stay hydrated | Follow prescribed treatment
Allergy,"shivering, chills, watering from eyes",Consult a doctor | Get adequate rest | Stay hydrated | Follow prescribed treatment
Allergy,"continuous sneezing, chills, watering from eyes",Consult a doctor | Get adequate rest | Stay hydrated | Follow prescribed treatment
Allergy,"continuous sneezing, shivering, watering from eyes",Consult a doctor | Get adequate rest | Stay hydrated | Follow prescribed treatment
Allergy,"continuous sneezing, shivering, chills",Consult a doctor | Get adequate rest | Stay hydrated | Follow prescribed treatment
Allergy,"continuous sneezing, shivering, chills, watering from eyes",Consult a doctor | Get adequate rest | Stay hydrated | Follow prescribed treatment
GERD,"stomach pain, acidity, ulcers on tongue, vomiting, cough, chest pain",avoid fatty spicy food | avoid lying down after eating | maintain healthy weight | exercise
GERD,"stomach pain, ulcers on tongue, vomiting, cough, chest pain",avoid fatty spicy food | avoid lying down after eating | maintain healthy weight | exercise
GERD,"stomach pain, acidity, vomiting, cough, chest pain",avoid fatty spicy food | avoid lying down after eating | maintain healthy weight | exercise
GERD,"stomach pain, acidity, ulcers on tongue, cough, chest pain",avoid fatty spicy food | avoid lying down after eating | maintain healthy weight | exercise
GERD,"stomach pain, acidity, ulcers on tongue, vomiting, chest pain",avoid fatty spicy food | avoid lying down after eating | maintain healthy weight | exercise
GERD,"stomach pain, acidity, ulcers on tongue, vomiting, cough",avoid fatty spicy food | avoid lying down after eating | maintain healthy weight | exercise
GERD,"acidity, ulcers on tongue, vomiting, cough, chest pain",avoid fatty spicy food | avoid lying down after eating | maintain healthy weight | exercise
GERD,"stomach pain, ulcers on tongue, vomiting, cough, chest pain",avoid fatty spicy food | avoid lying down after eating | maintain healthy weight | exercise
GERD,"stomach pain, acidity, vomiting, cough, chest pain",avoid fatty spicy food | avoid lying down after eating | maintain healthy weight | exercise
GERD,"stomach pain, acidity, ulcers on tongue, cough, chest pain",avoid fatty spicy food | avoid lying down after eating | maintain healthy weight | exercise
Chronic cholestasis,"itching, vomiting, yellowish skin, nausea, loss of appetite, abdominal pain, yellowing of eyes",cold baths | anti itch medicine | consult doctor | eat healthy
Chronic cholestasis,"vomiting, yellowish skin, nausea, loss of appetite, abdominal pain, yellowing of eyes",cold baths | anti itch medicine | consult doctor | eat healthy
Chronic cholestasis,"itching, yellowish skin, nausea, loss of appetite, abdominal pain, yellowing of eyes",cold baths | anti itch medicine | consult doctor | eat healthy
Chronic cholestasis,"itching, vomiting, nausea, loss of appetite, abdominal pain, yellowing of eyes",cold baths | anti itch medicine | consult doctor | eat healthy
Chronic cholestasis,"itching, vomiting, yellowish skin, loss of appetite, abdominal pain, yellowing of eyes",cold baths | anti itch medicine | consult doctor | eat healthy
Chronic cholestasis,"itching, vomiting, yellowish skin, nausea, abdominal pain, yellowing of eyes",cold baths | anti itch medicine | consult doctor | eat healthy
Chronic cholestasis,"itching, vomiting, yellowish skin, nausea, loss of appetite, yellowing of eyes",cold baths | anti itch medicine | consult doctor | eat healthy
Chronic cholestasis,"itching, vomiting, yellowish skin, nausea, loss of appetite, abdominal pain",cold baths | anti itch medicine | consult doctor | eat healthy
Chronic cholestasis,"itching, vomiting, yellowish skin, nausea, loss of appetite, abdominal pain, yellowing of eyes",cold baths | anti itch medicine | consult doctor | eat healthy
Chronic cholestasis,"itching, vomiting, yellowish skin, nausea, loss of appetite, abdominal pain, yellowing of eyes",cold baths | anti itch medicine | consult doctor | eat healthy
Drug Reaction,"itching, skin rash, stomach pain, burning micturition, spotting  urination",Consult a doctor | Get adequate rest | Stay hydrated | Follow prescribed treatment
Drug Reaction,"itching, stomach pain, burning micturition, spotting  urination",Consult a doctor | Get adequate rest | Stay hydrated | Follow prescribed treatment
Drug Reaction,"itching, skin rash, burning micturition, spotting  urination",Consult a doctor | Get adequate rest | Stay hydrated | Follow prescribed treatment
Drug Reaction,"itching, skin rash, stomach pain, spotting  urination",Consult a doctor | Get adequate rest | Stay hydrated | Follow prescribed treatment
Drug Reaction,"itching, skin rash, stomach pain, burning micturition",Consult a doctor | Get adequate rest | Stay hydrated | Follow prescribed treatment
Drug Reaction,"skin rash, stomach pain, burning micturition, spotting  urination",Consult a doctor | Get adequate rest | Stay hydrated | Follow prescribed treatment
Drug Reaction,"itching, stomach pain, burning micturition, spotting  urination",Consult a doctor | Get adequate rest | Stay hydrated | Follow prescribed treatment
Drug Reaction,"itching, skin rash, burning micturition, spotting  urination",Consult a doctor | Get adequate rest | Stay hydrated | Follow prescribed treatment
Drug Reaction,"itching, skin rash, stomach pain, spotting  urination",Consult a doctor | Get adequate rest | Stay hydrated | Follow prescribed treatment
Drug Reaction,"itching, skin rash, stomach pain, burning micturition",Consult a doctor | Get adequate rest | Stay hydrated | Follow prescribed treatment
Peptic ulcer diseae,"vomiting, loss of appetite, abdominal pain, passage of gases, internal itching",avoid fatty spicy food | consume probiotic food | eliminate milk | limit alcohol
Peptic ulcer diseae,"vomiting, indigestion, abdominal pain, passage of gases, internal itching",avoid fatty spicy food | consume probiotic food | eliminate milk | limit alcohol
Peptic ulcer diseae,"indigestion, loss of appetite, abdominal pain, passage of gases, internal itching",avoid fatty spicy food | consume probiotic food | eliminate milk | limit alcohol
Peptic ulcer diseae,"vomiting, loss of appetite, abdominal pain, passage of gases, internal itching",avoid fatty spicy food | consume probiotic food | eliminate milk | limit alcohol
Peptic ulcer diseae,"vomiting, indigestion, abdominal pain, passage of gases, internal itching",avoid fatty spicy food | consume probiotic food | eliminate milk | limit alcohol
Peptic ulcer diseae,"vomiting, indigestion, loss of appetite, passage of gases, internal itching",avoid fatty spicy food | consume probiotic food | eliminate milk | limit alcohol
Peptic ulcer diseae,"vomiting, indigestion, loss of appetite, abdominal pain, internal itching",avoid fatty spicy food | consume probiotic food | eliminate milk | limit alcohol
Peptic ulcer diseae,"vomiting, indigestion, loss of appetite, abdominal pain, passage of gases",avoid fatty spicy food | consume probiotic food | eliminate milk | limit alcohol
Peptic ulcer diseae,"vomiting, indigestion, loss of appetite, abdominal pain, passage of gases, internal itching",avoid fatty spicy food | consume probiotic food | eliminate milk | limit alcohol
Peptic ulcer diseae,"vomiting, indigestion, loss of appetite, abdominal pain, passage of gases, internal itching",avoid fatty spicy food | consume probiotic food | eliminate milk | limit alcohol
AIDS,"muscle wasting, patches in throat, high fever, extra marital contacts",avoid open cuts | wear ppe if possible | consult doctor | follow up
AIDS,"patches in throat, high fever, extra marital contacts",avoid open cuts | wear ppe if possible | consult doctor | follow up
AIDS,"muscle wasting, high fever, extra marital contacts",avoid open cuts | wear ppe if possible | consult doctor | follow up
AIDS,"muscle wasting, patches in throat, extra marital contacts",avoid open cuts | wear ppe if possible | consult doctor | follow up
AIDS,"muscle wasting, patches in throat, high fever",avoid open cuts | wear ppe if possible | consult doctor | follow up
AIDS,"muscle wasting, patches in throat, high fever, extra marital contacts",avoid open cuts | wear ppe if possible | consult doctor | follow up
AIDS,"muscle wasting, patches in throat, high fever, extra marital contacts",avoid open cuts | wear ppe if possible | consult doctor | follow up
AIDS,"patches in throat, high fever, extra marital contacts",avoid open cuts | wear ppe if possible | consult doctor | follow up
AIDS,"muscle wasting, high fever, extra marital contacts",avoid open cuts | wear ppe if possible | consult doctor | follow up
AIDS,"muscle wasting, patches in throat, high fever",avoid open cuts | wear ppe if possible | consult doctor | follow up
Diabetes ,"fatigue, weight loss, restlessness, lethargy, irregular sugar level, blurred and distorted vision, obesity, excessive hunger, increased appetite, polyuria",have balanced diet | exercise | consult doctor | follow up
Diabetes ,"fatigue, weight loss, restlessness, lethargy, irregular sugar level, blurred and distorted vision, obesity, excessive hunger, increased appetite, polyuria",have balanced diet | exercise | consult doctor | follow up
Diabetes ,"weight loss, restlessness, lethargy, irregular sugar level, blurred and distorted vision, obesity, excessive hunger, increased appetite, polyuria",have balanced diet | exercise | consult doctor | follow up
Diabetes ,"fatigue, restlessness, lethargy, irregular sugar level, blurred and distorted vision, obesity, excessive hunger, increased appetite, polyuria",have balanced diet | exercise | consult doctor | follow up
Diabetes ,"fatigue, weight loss, lethargy, irregular sugar level, blurred and distorted vision, obesity, excessive hunger, increased appetite, polyuria",have balanced diet | exercise | consult doctor | follow up
Diabetes ,"fatigue, weight loss, restlessness, irregular sugar level, blurred and distorted vision, obesity, excessive hunger, increased appetite, polyuria",have balanced diet | exercise | consult doctor | follow up
Diabetes ,"fatigue, weight loss, restlessness, lethargy, blurred and distorted vision, obesity, excessive hunger, increased appetite, polyuria",have balanced diet | exercise | consult doctor | follow up
Diabetes ,"fatigue, weight loss, restlessness, lethargy, irregular sugar level, obesity, excessive hunger, increased appetite, polyuria",have balanced diet | exercise | consult doctor | follow up
Diabetes ,"fatigue, weight loss, restlessness, lethargy, irregular sugar level, blurred and distorted vision, excessive hunger, increased appetite, polyuria",have balanced diet | exercise | consult doctor | follow up
Diabetes ,"fatigue, weight loss, restlessness, lethargy, irregular sugar level, blurred and distorted vision, obesity, increased appetite, polyuria",have balanced diet | exercise | consult doctor | follow up
Gastroenteritis,"vomiting, sunken eyes, dehydration, diarrhoea",stop eating solid food for while | try taking small sips of water | rest | ease back into eating
Gastroenteritis,"vomiting, sunken eyes, dehydration, diarrhoea",stop eating solid food for while | try taking small sips of water | rest | ease back into eating
Gastroenteritis,"sunken eyes, dehydration, diarrhoea",stop eating solid food for while | try taking small sips of water | rest | ease back into eating
Gastroenteritis,"vomiting, dehydration, diarrhoea",stop eating solid food for while | try taking small sips of water | rest | ease back into eating
Gastroenteritis,"vomiting, sunken eyes, diarrhoea",stop eating solid food for while | try taking small sips of water | rest | ease back into eating
Gastroenteritis,"vomiting, sunken eyes, dehydration",stop eating solid food for while | try taking small sips of water | rest | ease back into eating
Gastroenteritis,"vomiting, sunken eyes, dehydration, diarrhoea",stop eating solid food for while | try taking small sips of water | rest | ease back into eating
Gastroenteritis,"sunken eyes, dehydration, diarrhoea",stop eating solid food for while | try taking small sips of water | rest | ease back into eating
Gastroenteritis,"vomiting, dehydration, diarrhoea",stop eating solid food for while | try taking small sips of water | rest | ease back into eating
Gastroenteritis,"vomiting, sunken eyes, diarrhoea",stop eating solid food for while | try taking small sips of water | rest | ease back into eating
Bronchial Asthma,"fatigue, cough, high fever, breathlessness, family history, mucoid sputum",switch to loose cloothing | take deep breaths | get away from trigger | seek help
Bronchial Asthma,"cough, high fever, breathlessness, family history, mucoid sputum",switch to loose cloothing | take deep breaths | get away from trigger | seek help
Bronchial Asthma,"fatigue, high fever, breathlessness, family history, mucoid sputum",switch to loose cloothing | take deep breaths | get away from trigger | seek help
Bronchial Asthma,"fatigue, cough, breathlessness, family history, mucoid sputum",switch to loose cloothing | take deep breaths | get away from trigger | seek help
Bronchial Asthma,"fatigue, cough, high fever, family history, mucoid sputum",switch to loose cloothing | take deep breaths | get away from trigger | seek help
Bronchial Asthma,"fatigue, cough, high fever, breathlessness, mucoid sputum",switch to loose cloothing | take deep breaths | get away from trigger | seek help
Bronchial Asthma,"fatigue, cough, high fever, breathlessness, family history",switch to loose cloothing | take deep breaths | get away from trigger | seek help
Bronchial Asthma,"fatigue, cough, high fever, breathlessness, family history, mucoid sputum",switch to loose cloothing | take deep breaths | get away from trigger | seek help
Bronchial Asthma,"cough, high fever, breathlessness, family history, mucoid sputum",switch to loose cloothing | take deep breaths | get away from trigger | seek help
Bronchial Asthma,"fatigue, high fever, breathlessness, family history, mucoid sputum",switch to loose cloothing | take deep breaths | get away from trigger | seek help
Hypertension ,"headache, chest pain, dizziness, loss of balance, lack of concentration",meditation | salt baths | reduce stress | get proper sleep
Hypertension ,"chest pain, dizziness, loss of balance, lack of concentration",meditation | salt baths | reduce stress | get proper sleep
Hypertension ,"headache, dizziness, loss of balance, lack of concentration",meditation | salt baths | reduce stress | get proper sleep
Hypertension ,"headache, chest pain, loss of balance, lack of concentration",meditation | salt baths | reduce stress | get proper sleep
Hypertension ,"headache, chest pain, dizziness, lack of concentration",meditation | salt baths | reduce stress | get proper sleep
Hypertension ,"headache, chest pain, dizziness, loss of balance",meditation | salt baths | reduce stress | get proper sleep
Hypertension ,"headache, chest pain, dizziness, loss of balance, lack of concentration",meditation | salt baths | reduce stress | get proper sleep
Hypertension ,"chest pain, dizziness, loss of balance, lack of concentration",meditation | salt baths | reduce stress | get proper sleep
Hypertension ,"headache, dizziness, loss of balance, lack of concentration",meditation | salt baths | reduce stress | get proper sleep
Hypertension ,"headache, chest pain, loss of balance, lack of concentration",meditation | salt baths | reduce stress | get proper sleep
Migraine,"acidity, indigestion, headache, blurred and distorted vision, excessive hunger, stiff neck, depression, irritability, visual disturbances",meditation | reduce stress | use poloroid glasses in sun | consult doctor
Migraine,"indigestion, headache, blurred and distorted vision, excessive hunger, stiff neck, depression, irritability, visual disturbances",meditation | reduce stress | use poloroid glasses in sun | consult doctor
Migraine,"acidity, headache, blurred and distorted vision, excessive hunger, stiff neck, depression, irritability, visual disturbances",meditation | reduce stress | use poloroid glasses in sun | consult doctor
Migraine,"acidity, indigestion, blurred and distorted vision, excessive hunger, stiff neck, depression, irritability, visual disturbances",meditation | reduce stress | use poloroid glasses in sun | consult doctor
Migraine,"acidity, indigestion, headache, excessive hunger, stiff neck, depression, irritability, visual disturbances",meditation | reduce stress | use poloroid glasses in sun | consult doctor
Migraine,"acidity, indigestion, headache, blurred and distorted vision, stiff neck, depression, irritability, visual disturbances",meditation | reduce stress | use poloroid glasses in sun | consult doctor
Migraine,"acidity, indigestion, headache, blurred and distorted vision, excessive hunger, depression, irritability, visual disturbances",meditation | reduce stress | use poloroid glasses in sun | consult doctor
Migraine,"acidity, indigestion, headache, blurred and distorted vision, excessive hunger, stiff neck, irritability, visual disturbances",meditation | reduce stress | use poloroid glasses in sun | consult doctor
Migraine,"acidity, indigestion, headache, blurred and distorted vision, excessive hunger, stiff neck, depression, visual disturbances",meditation | reduce stress | use poloroid glasses in sun | consult doctor
Migraine,"acidity, indigestion, headache, blurred and distorted vision, excessive hunger, stiff neck, depression, irritability",meditation | reduce stress | use poloroid glasses in sun | consult doctor
Cervical spondylosis,"back pain, weakness in limbs, neck pain, dizziness, loss of balance",use heating pad or cold pack | exercise | take otc pain reliver | consult doctor
Cervical spondylosis,"back pain, weakness in limbs, neck pain, dizziness, loss of balance",use heating pad or cold pack | exercise | take otc pain reliver | consult doctor
Cervical spondylosis,"weakness in limbs, neck pain, dizziness, loss of balance",use heating pad or cold pack | exercise | take otc pain reliver | consult doctor
Cervical spondylosis,"back pain, neck pain, dizziness, loss of balance",use heating pad or cold pack | exercise | take otc pain reliver | consult doctor
Cervical spondylosis,"back pain, weakness in limbs, dizziness, loss of balance",use heating pad or cold pack | exercise | take otc pain reliver | consult doctor
Cervical spondylosis,"back pain, weakness in limbs, neck pain, loss of balance",use heating pad or cold pack | exercise | take otc pain reliver | consult doctor
Cervical spondylosis,"back pain, weakness in limbs, neck pain, dizziness",use heating pad or cold pack | exercise | take otc pain reliver | consult doctor
Cervical spondylosis,"back pain, weakness in limbs, neck pain, dizziness, loss of balance",use heating pad or cold pack | exercise | take otc pain reliver | consult doctor
Cervical spondylosis,"weakness in limbs, neck pain, dizziness, loss of balance",use heating pad or cold pack | exercise | take otc pain reliver | consult doctor
Cervical spondylosis,"back pain, neck pain, dizziness, loss of balance",use heating pad or cold pack | exercise | take otc pain reliver | consult doctor
Paralysis (brain hemorrhage),"vomiting, headache, weakness of one body side, altered sensorium",massage | eat healthy | exercise | consult doctor
Paralysis (brain hemorrhage),"vomiting, headache, weakness of one body side, altered sensorium",massage | eat healthy | exercise | consult doctor
Paralysis (brain hemorrhage),"headache, weakness of one body side, altered sensorium",massage | eat healthy | exercise | consult doctor
Paralysis (brain hemorrhage),"vomiting, weakness of one body side, altered sensorium",massage | eat healthy | exercise | consult doctor
Paralysis (brain hemorrhage),"vomiting, headache, altered sensorium",massage | eat healthy | exercise | consult doctor
Paralysis (brain hemorrhage),"vomiting, headache, weakness of one body side",massage | eat healthy | exercise | consult doctor
Paralysis (brain hemorrhage),"vomiting, headache, weakness of one body side, altered sensorium",massage | eat healthy | exercise | consult doctor
Paralysis (brain hemorrhage),"headache, weakness of one body side, altered sensorium",massage | eat healthy | exercise | consult doctor
Paralysis (brain hemorrhage),"vomiting, weakness of one body side, altered sensorium",massage | eat healthy | exercise | consult doctor
Paralysis (brain hemorrhage),"vomiting, headache, altered sensorium",massage | eat healthy | exercise | consult doctor
Jaundice,"itching, vomiting, fatigue, weight loss, high fever, yellowish skin, dark urine, abdominal pain",drink plenty of water | consume milk thistle | eat fruits and high fiberous food | medication
Jaundice,"itching, vomiting, fatigue, weight loss, high fever, yellowish skin, dark urine, abdominal pain",drink plenty of water | consume milk thistle | eat fruits and high fiberous food | medication
Jaundice,"vomiting, fatigue, weight loss, high fever, yellowish skin, dark urine, abdominal pain",drink plenty of water | consume milk thistle | eat fruits and high fiberous food | medication
Jaundice,"itching, fatigue, weight loss, high fever, yellowish skin, dark urine, abdominal pain",drink plenty of water | consume milk thistle | eat fruits and high fiberous food | medication
Jaundice,"itching, vomiting, weight loss, high fever, yellowish skin, dark urine, abdominal pain",drink plenty of water | consume milk thistle | eat fruits and high fiberous food | medication
Jaundice,"itching, vomiting, fatigue, high fever, yellowish skin, dark urine, abdominal pain",drink plenty of water | consume milk thistle | eat fruits and high fiberous food | medication
Jaundice,"itching, vomiting, fatigue, weight loss, yellowish skin, dark urine, abdominal pain",drink plenty of water | consume milk thistle | eat fruits and high fiberous food | medication
Jaundice,"itching, vomiting, fatigue, weight loss, high fever, dark urine, abdominal pain",drink plenty of water | consume milk thistle | eat fruits and high fiberous food | medication
Jaundice,"itching, vomiting, fatigue, weight loss, high fever, yellowish skin, abdominal pain",drink plenty of water | consume milk thistle | eat fruits and high fiberous food | medication
Jaundice,"itching, vomiting, fatigue, weight loss, high fever, yellowish skin, dark urine",drink plenty of water | consume milk thistle | eat fruits and high fiberous food | medication
Malaria,"chills, vomiting, high fever, sweating, headache, nausea, muscle pain",Consult nearest hospital | avoid oily food | avoid non veg food | keep mosquitos out
Malaria,"chills, vomiting, high fever, sweating, headache, nausea, diarrhoea, muscle pain",Consult nearest hospital | avoid oily food | avoid non veg food | keep mosquitos out
Malaria,"chills, vomiting, high fever, sweating, headache, nausea, diarrhoea, muscle pain",Consult nearest hospital | avoid oily food | avoid non veg food | keep mosquitos out
Malaria,"vomiting, high fever, sweating, headache, nausea, diarrhoea, muscle pain",Consult nearest hospital | avoid oily food | avoid non veg food | keep mosquitos out
Malaria,"chills, high fever, sweating, headache, nausea, diarrhoea, muscle pain",Consult nearest hospital | avoid oily food | avoid non veg food | keep mosquitos out
Malaria,"chills, vomiting, sweating, headache, nausea, diarrhoea, muscle pain",Consult nearest hospital | avoid oily food | avoid non veg food | keep mosquitos out
Malaria,"chills, vomiting, high fever, headache, nausea, diarrhoea, muscle pain",Consult nearest hospital | avoid oily food | avoid non veg food | keep mosquitos out
Malaria,"chills, vomiting, high fever, sweating, nausea, diarrhoea, muscle pain",Consult nearest hospital | avoid oily food | avoid non veg food | keep mosquitos out
Malaria,"chills, vomiting, high fever, sweating, headache, diarrhoea, muscle pain",Consult nearest hospital | avoid oily food | avoid non veg food | keep mosquitos out
Malaria,"chills, vomiting, high fever, sweating, headache, nausea, muscle pain",Consult nearest hospital | avoid oily food | avoid non veg food | keep mosquitos out
Chicken pox,"itching, skin rash, fatigue, lethargy, high fever, headache, loss of appetite, mild fever, swelled lymph nodes, malaise, red spots over body",use neem in bathing | consume neem leaves | take vaccine | avoid public places
Chicken pox,"skin rash, fatigue, lethargy, high fever, headache, loss of appetite, mild fever, swelled lymph nodes, malaise, red spots over body",use neem in bathing | consume neem leaves | take vaccine | avoid public places
Chicken pox,"itching, fatigue, lethargy, high fever, headache, loss of appetite, mild fever, swelled lymph nodes, malaise, red spots over body",use neem in bathing | consume neem leaves | take vaccine | avoid public places
Chicken pox,"itching, skin rash, lethargy, high fever, headache, loss of appetite, mild fever, swelled lymph nodes, malaise, red spots over body",use neem in bathing | consume neem leaves | take vaccine | avoid public places
Chicken pox,"itching, skin rash, fatigue, high fever, headache, loss of appetite, mild fever, swelled lymph nodes, malaise, red spots over body",use neem in bathing | consume neem leaves | take vaccine | avoid public places
Chicken pox,"itching, skin rash, fatigue, lethargy, headache, loss of appetite, mild fever, swelled lymph nodes, malaise, red spots over body",use neem in bathing | consume neem leaves | take vaccine | avoid public places
Chicken pox,"itching, skin rash, fatigue, lethargy, high fever, loss of appetite, mild fever, swelled lymph nodes, malaise, red spots over body",use neem in bathing | consume neem leaves | take vaccine | avoid public places
Chicken pox,"itching, skin rash, fatigue, lethargy, high fever, headache, mild fever, swelled lymph nodes, malaise, red spots over body",use neem in bathing | consume neem leaves | take vaccine | avoid public places
Chicken pox,"itching, skin rash, fatigue, lethargy, high fever, headache, loss of appetite, swelled lymph nodes, malaise, red spots over body",use neem in bathing | consume neem leaves | take vaccine | avoid public places
Chicken pox,"itching, skin rash, fatigue, lethargy, high fever, headache, loss of appetite, mild fever, malaise, red spots over body",use neem in bathing | consume neem leaves | take vaccine | avoid public places
Dengue,"skin rash, chills, joint pain, vomiting, fatigue, high fever, headache, nausea, loss of appetite, pain behind the eyes, back pain, muscle pain, red spots over body",drink papaya leaf juice | avoid fatty spicy food | keep mosquitos away | keep hydrated
Dengue,"skin rash, chills, joint pain, vomiting, fatigue, high fever, headache, nausea, loss of appetite, pain behind the eyes, back pain, malaise, red spots over body",drink papaya leaf juice | avoid fatty spicy food | keep mosquitos away | keep hydrated
Dengue,"skin rash, chills, joint pain, vomiting, fatigue, high fever, headache, nausea, loss of appetite, pain behind the eyes, back pain, malaise, muscle pain",drink papaya leaf juice | avoid fatty spicy food | keep mosquitos away | keep hydrated
Dengue,"skin rash, chills, joint pain, vomiting, fatigue, high fever, headache, nausea, loss of appetite, pain behind the eyes, back pain, malaise, muscle pain, red spots over body",drink papaya leaf juice | avoid fatty spicy food | keep mosquitos away | keep hydrated
Dengue,"chills, joint pain, vomiting, fatigue, high fever, headache, nausea, loss of appetite, pain behind the eyes, back pain, malaise, muscle pain, red spots over body",drink papaya leaf juice | avoid fatty spicy food | keep mosquitos away | keep hydrated
Dengue,"skin rash, joint pain, vomiting, fatigue, high fever, headache, nausea, loss of appetite, pain behind the eyes, back pain, malaise, muscle pain, red spots over body",drink papaya leaf juice | avoid fatty spicy food | keep mosquitos away | keep hydrated
Dengue,"skin rash, chills, vomiting, fatigue, high fever, headache, nausea, loss of appetite, pain behind the eyes, back pain, malaise, muscle pain, red spots over body",drink papaya leaf juice | avoid fatty spicy food | keep mosquitos away | keep hydrated
Dengue,"skin rash, chills, joint pain, fatigue, high fever, headache, nausea, loss of appetite, pain behind the eyes, back pain, malaise, muscle pain, red spots over body",drink papaya leaf juice | avoid fatty spicy food | keep mosquitos away | keep hydrated
Dengue,"skin rash, chills, joint pain, vomiting, high fever, headache, nausea, loss of appetite, pain behind the eyes, back pain, malaise, muscle pain, red spots over body",drink papaya leaf juice | avoid fatty spicy food | keep mosquitos away | keep hydrated
Dengue,"skin rash, chills, joint pain, vomiting, fatigue, headache, nausea, loss of appetite, pain behind the eyes, back pain, malaise, muscle pain, red spots over body",drink papaya leaf juice | avoid fatty spicy food | keep mosquitos away | keep hydrated
Typhoid,"chills, vomiting, fatigue, high fever, nausea, constipation, abdominal pain, diarrhoea, toxic look (typhos), belly pain",eat high calorie vegitables | antiboitic therapy | consult doctor | medication
Typhoid,"chills, vomiting, fatigue, high fever, headache, constipation, abdominal pain, diarrhoea, toxic look (typhos), belly pain",eat high calorie vegitables | antiboitic therapy | consult doctor | medication
Typhoid,"chills, vomiting, fatigue, high fever, headache, nausea, abdominal pain, diarrhoea, toxic look (typhos), belly pain",eat high calorie vegitables | antiboitic therapy | consult doctor | medication
Typhoid,"chills, vomiting, fatigue, high fever, headache, nausea, constipation, diarrhoea, toxic look (typhos), belly pain",eat high calorie vegitables | antiboitic therapy | consult doctor | medication
Typhoid,"chills, vomiting, fatigue, high fever, headache, nausea, constipation, abdominal pain, toxic look (typhos), belly pain",eat high calorie vegitables | antiboitic therapy | consult doctor | medication
Typhoid,"chills, vomiting, fatigue, high fever, headache, nausea, constipation, abdominal pain, diarrhoea, belly pain",eat high calorie vegitables | antiboitic therapy | consult doctor | medication
Typhoid,"chills, vomiting, fatigue, high fever, headache, nausea, constipation, abdominal pain, diarrhoea, toxic look (typhos)",eat high calorie vegitables | antiboitic therapy | consult doctor | medication
Typhoid,"chills, vomiting, fatigue, high fever, headache, nausea, constipation, abdominal pain, diarrhoea, toxic look (typhos), belly pain",eat high calorie vegitables | antiboitic therapy | consult doctor | medication
Typhoid,"chills, vomiting, fatigue, high fever, headache, nausea, constipation, abdominal pain, diarrhoea, toxic look (typhos), belly pain",eat high calorie vegitables | antiboitic therapy | consult doctor | medication
Typhoid,"chills, fatigue, high fever, headache, nausea, constipation, abdominal pain, diarrhoea, toxic look (typhos), belly pain",eat high calorie vegitables | antiboitic therapy | consult doctor | medication
hepatitis A,"joint pain, vomiting, yellowish skin, dark urine, nausea, loss of appetite, abdominal pain, diarrhoea, mild fever, yellowing of eyes, muscle pain",Consult nearest hospital | wash hands through | avoid fatty spicy food | medication
hepatitis A,"joint pain, vomiting, yellowish skin, dark urine, nausea, loss of appetite, abdominal pain, diarrhoea, mild fever, yellowing of eyes, muscle pain",Consult nearest hospital | wash hands through | avoid fatty spicy food | medication
hepatitis A,"vomiting, yellowish skin, dark urine, nausea, loss of appetite, abdominal pain, diarrhoea, mild fever, yellowing of eyes, muscle pain",Consult nearest hospital | wash hands through | avoid fatty spicy food | medication
hepatitis A,"joint pain, yellowish skin, dark urine, nausea, loss of appetite, abdominal pain, diarrhoea, mild fever, yellowing of eyes, muscle pain",Consult nearest hospital | wash hands through | avoid fatty spicy food | medication
hepatitis A,"joint pain, vomiting, dark urine, nausea, loss of appetite, abdominal pain, diarrhoea, mild fever, yellowing of eyes, muscle pain",Consult nearest hospital | wash hands through | avoid fatty spicy food | medication
hepatitis A,"joint pain, vomiting, yellowish skin, nausea, loss of appetite, abdominal pain, diarrhoea, mild fever, yellowing of eyes, muscle pain",Consult nearest hospital | wash hands through | avoid fatty spicy food | medication
hepatitis A,"joint pain, vomiting, yellowish skin, dark urine, loss of appetite, abdominal pain, diarrhoea, mild fever, yellowing of eyes, muscle pain",Consult nearest hospital | wash hands through | avoid fatty spicy food | medication
hepatitis A,"joint pain, vomiting, yellowish skin, dark urine, nausea, abdominal pain, diarrhoea, mild fever, yellowing of eyes, muscle pain",Consult nearest hospital | wash hands through | avoid fatty spicy food | medication
hepatitis A,"joint pain, vomiting, yellowish skin, dark urine, nausea, loss of appetite, diarrhoea, mild fever, yellowing of eyes, muscle pain",Consult nearest hospital | wash hands through | avoid fatty spicy food | medication
hepatitis A,"joint pain, vomiting, yellowish skin, dark urine, nausea, loss of appetite, abdominal pain, mild fever, yellowing of eyes, muscle pain",Consult nearest hospital | wash hands through | avoid fatty spicy food | medication
Hepatitis B,"itching, fatigue, lethargy, yellowish skin, dark urine, loss of appetite, abdominal pain, yellow urine, yellowing of eyes, malaise, receiving blood transfusion, receiving unsterile injections",consult nearest hospital | vaccination | eat healthy | medication
Hepatitis B,"itching, fatigue, lethargy, yellowish skin, dark urine, loss of appetite, abdominal pain, yellow urine, yellowing of eyes, malaise, receiving blood transfusion, receiving unsterile injections",consult nearest hospital | vaccination | eat healthy | medication
Hepatitis B,"fatigue, lethargy, yellowish skin, dark urine, loss of appetite, abdominal pain, yellow urine, yellowing of eyes, malaise, receiving blood transfusion, receiving unsterile injections",consult nearest hospital | vaccination | eat healthy | medication
Hepatitis B,"itching, lethargy, yellowish skin, dark urine, loss of appetite, abdominal pain, yellow urine, yellowing of eyes, malaise, receiving blood transfusion, receiving unsterile injections",consult nearest hospital | vaccination | eat healthy | medication
Hepatitis B,"itching, fatigue, yellowish skin, dark urine, loss of appetite, abdominal pain, yellow urine, yellowing of eyes, malaise, receiving blood transfusion, receiving unsterile injections",consult nearest hospital | vaccination | eat healthy | medication
Hepatitis B,"itching, fatigue, lethargy, dark urine, loss of appetite, abdominal pain, yellow urine, yellowing of eyes, malaise, receiving blood transfusion, receiving unsterile injections",consult nearest hospital | vaccination | eat healthy | medication
Hepatitis B,"itching, fatigue, lethargy, yellowish skin, loss of appetite, abdominal pain, yellow urine, yellowing of eyes, malaise, receiving blood transfusion, receiving unsterile injections",consult nearest hospital | vaccination | eat healthy | medication
Hepatitis B,"itching, fatigue, lethargy, yellowish skin, dark urine, abdominal pain, yellow urine, yellowing of eyes, malaise, receiving blood transfusion, receiving unsterile injections",consult nearest hospital | vaccination | eat healthy | medication
Hepatitis B,"itching, fatigue, lethargy, yellowish skin, dark urine, loss of appetite, yellow urine, yellowing of eyes, malaise, receiving blood transfusion, receiving unsterile injections",consult nearest hospital | vaccination | eat healthy | medication
Hepatitis B,"itching, fatigue, lethargy, yellowish skin, dark urine, loss of appetite, abdominal pain, yellowing of eyes, malaise, receiving blood transfusion, receiving unsterile injections",consult nearest hospital | vaccination | eat healthy | medication
Hepatitis C,"fatigue, yellowish skin, nausea, loss of appetite, family history",Consult nearest hospital | vaccination | eat healthy | medication
Hepatitis C,"fatigue, yellowish skin, nausea, loss of appetite, yellowing of eyes, family history",Consult nearest hospital | vaccination | eat healthy | medication
Hepatitis C,"yellowish skin, nausea, loss of appetite, yellowing of eyes, family history",Consult nearest hospital | vaccination | eat healthy | medication
Hepatitis C,"fatigue, nausea, loss of appetite, yellowing of eyes, family history",Consult nearest hospital | vaccination | eat healthy | medication
Hepatitis C,"fatigue, yellowish skin, loss of appetite, yellowing of eyes, family history",Consult nearest hospital | vaccination | eat healthy | medication
Hepatitis C,"fatigue, yellowish skin, nausea, yellowing of eyes, family history",Consult nearest hospital | vaccination | eat healthy | medication
Hepatitis C,"fatigue, yellowish skin, nausea, loss of appetite, family history",Consult nearest hospital | vaccination | eat healthy | medication
Hepatitis C,"fatigue, yellowish skin, nausea, loss of appetite, yellowing of eyes",Consult nearest hospital | vaccination | eat healthy | medication
Hepatitis C,"fatigue, yellowish skin, nausea, loss of appetite, yellowing of eyes, family history",Consult nearest hospital | vaccination | eat healthy | medication
Hepatitis C,"fatigue, yellowish skin, nausea, loss of appetite, yellowing of eyes, family history",Consult nearest hospital | vaccination | eat healthy | medication
Hepatitis D,"joint pain, vomiting, fatigue, yellowish skin, dark urine, nausea, loss of appetite, abdominal pain, yellowing of eyes",consult doctor | medication | eat healthy | follow up
Hepatitis D,"vomiting, fatigue, yellowish skin, dark urine, nausea, loss of appetite, abdominal pain, yellowing of eyes",consult doctor | medication | eat healthy | follow up
Hepatitis D,"joint pain, fatigue, yellowish skin, dark urine, nausea, loss of appetite, abdominal pain, yellowing of eyes",consult doctor | medication | eat healthy | follow up
Hepatitis D,"joint pain, vomiting, yellowish skin, dark urine, nausea, loss of appetite, abdominal pain, yellowing of eyes",consult doctor | medication | eat healthy | follow up
Hepatitis D,"joint pain, vomiting, fatigue, dark urine, nausea, loss of appetite, abdominal pain, yellowing of eyes",consult doctor | medication | eat healthy | follow up
Hepatitis D,"joint pain, vomiting, fatigue, yellowish skin, nausea, loss of appetite, abdominal pain, yellowing of eyes",consult doctor | medication | eat healthy | follow up
Hepatitis D,"joint pain, vomiting, fatigue, yellowish skin, dark urine, loss of appetite, abdominal pain, yellowing of eyes",consult doctor | medication | eat healthy | follow up
Hepatitis D,"joint pain, vomiting, fatigue, yellowish skin, dark urine, nausea, abdominal pain, yellowing of eyes",consult doctor | medication | eat healthy | follow up
Hepatitis D,"joint pain, vomiting, fatigue, yellowish skin, dark urine, nausea, loss of appetite, yellowing of eyes",consult doctor | medication | eat healthy | follow up
Hepatitis D,"joint pain, vomiting, fatigue, yellowish skin, dark urine, nausea, loss of appetite, abdominal pain",consult doctor | medication | eat healthy | follow up
Hepatitis E,"joint pain, vomiting, fatigue, high fever, yellowish skin, dark urine, nausea, loss of appetite, abdominal pain, yellowing of eyes, coma, stomach bleeding",stop alcohol consumption | rest | consult doctor | medication
Hepatitis E,"joint pain, vomiting, fatigue, high fever, yellowish skin, dark urine, nausea, loss of appetite, abdominal pain, yellowing of eyes, acute liver failure, coma, stomach bleeding",stop alcohol consumption | rest | consult doctor | medication
Hepatitis E,"joint pain, vomiting, fatigue, high fever, yellowish skin, dark urine, nausea, loss of appetite, abdominal pain, yellowing of eyes, acute liver failure, coma, stomach bleeding",stop alcohol consumption | rest | consult doctor | medication
Hepatitis E,"vomiting, fatigue, high fever, yellowish skin, dark urine, nausea, loss of appetite, abdominal pain, yellowing of eyes, acute liver failure, coma, stomach bleeding",stop alcohol consumption | rest | consult doctor | medication
Hepatitis E,"joint pain, fatigue, high fever, yellowish skin, dark urine, nausea, loss of appetite, abdominal pain, yellowing of eyes, acute liver failure, coma, stomach bleeding",stop alcohol consumption | rest | consult doctor | medication
Hepatitis E,"joint pain, vomiting, high fever, yellowish skin, dark urine, nausea, loss of appetite, abdominal pain, yellowing of eyes, acute liver failure, coma, stomach bleeding",stop alcohol consumption | rest | consult doctor | medication
Hepatitis E,"joint pain, vomiting, fatigue, yellowish skin, dark urine, nausea, loss of appetite, abdominal pain, yellowing of eyes, acute liver failure, coma, stomach bleeding",stop alcohol consumption | rest | consult doctor | medication
Hepatitis E,"joint pain, vomiting, fatigue, high fever, dark urine, nausea, loss of appetite, abdominal pain, yellowing of eyes, acute liver failure, coma, stomach bleeding",stop alcohol consumption | rest | consult doctor | medication
Hepatitis E,"joint pain, vomiting, fatigue, high fever, yellowish skin, nausea, loss of appetite, abdominal pain, yellowing of eyes, acute liver failure, coma, stomach bleeding",stop alcohol consumption | rest | consult doctor | medication
Hepatitis E,"joint pain, vomiting, fatigue, high fever, yellowish skin, dark urine, loss of appetite, abdominal pain, yellowing of eyes, acute liver failure, coma, stomach bleeding",stop alcohol consumption | rest | consult doctor | medication
Alcoholic hepatitis,"vomiting, yellowish skin, abdominal pain, swelling of stomach, distention of abdomen, history of alcohol consumption, fluid overload",stop alcohol consumption | consult doctor | medication | follow up
Alcoholic hepatitis,"vomiting, yellowish skin, abdominal pain, swelling of stomach, distention of abdomen, history of alcohol consumption, fluid overload",stop alcohol consumption | consult doctor | medication | follow up
Alcoholic hepatitis,"yellowish skin, abdominal pain, swelling of stomach, distention of abdomen, history of alcohol consumption, fluid overload",stop alcohol consumption | consult doctor | medication | follow up
Alcoholic hepatitis,"vomiting, abdominal pain, swelling of stomach, distention of abdomen, history of alcohol consumption, fluid overload",stop alcohol consumption | consult doctor | medication | follow up
Alcoholic hepatitis,"vomiting, yellowish skin, swelling of stomach, distention of abdomen, history of alcohol consumption, fluid overload",stop alcohol consumption | consult doctor | medication | follow up
Alcoholic hepatitis,"vomiting, yellowish skin, abdominal pain, distention of abdomen, history of alcohol consumption, fluid overload",stop alcohol consumption | consult doctor | medication | follow up
Alcoholic hepatitis,"vomiting, yellowish skin, abdominal pain, swelling of stomach, history of alcohol consumption, fluid overload",stop alcohol consumption | consult doctor | medication | follow up
Alcoholic hepatitis,"vomiting, yellowish skin, abdominal pain, swelling of stomach, distention of abdomen, fluid overload",stop alcohol consumption | consult doctor | medication | follow up
Alcoholic hepatitis,"vomiting, yellowish skin, abdominal pain, swelling of stomach, distention of abdomen, history of alcohol consumption",stop alcohol consumption | consult doctor | medication | follow up
Alcoholic hepatitis,"vomiting, yellowish skin, abdominal pain, swelling of stomach, distention of abdomen, history of alcohol consumption, fluid overload",stop alcohol consumption | consult doctor | medication | follow up
Tuberculosis,"chills, vomiting, fatigue, weight loss, cough, high fever, breathlessness, sweating, loss of appetite, mild fever, yellowing of eyes, swelled lymph nodes, malaise, phlegm, chest pain, blood in sputum",cover mouth | consult doctor | medication | rest
Tuberculosis,"chills, vomiting, fatigue, weight loss, cough, high fever, breathlessness, sweating, loss of appetite, mild fever, yellowing of eyes, swelled lymph nodes, malaise, phlegm, chest pain, blood in sputum",cover mouth | consult doctor | medication | rest
Tuberculosis,"vomiting, fatigue, weight loss, cough, high fever, breathlessness, sweating, loss of appetite, mild fever, yellowing of eyes, swelled lymph nodes, malaise, phlegm, chest pain, blood in sputum",cover mouth | consult doctor | medication | rest
Tuberculosis,"chills, fatigue, weight loss, cough, high fever, breathlessness, sweating, loss of appetite, mild fever, yellowing of eyes, swelled lymph nodes, malaise, phlegm, chest pain, blood in sputum",cover mouth | consult doctor | medication | rest
Tuberculosis,"chills, vomiting, weight loss, cough, high fever, breathlessness, sweating, loss of appetite, mild fever, yellowing of eyes, swelled lymph nodes, malaise, phlegm, chest pain, blood in sputum",cover mouth | consult doctor | medication | rest
Tuberculosis,"chills, vomiting, fatigue, cough, high fever, breathlessness, sweating, loss of appetite, mild fever, yellowing of eyes, swelled lymph nodes, malaise, phlegm, chest pain, blood in sputum",cover mouth | consult doctor | medication | rest
Tuberculosis,"chills, vomiting, fatigue, weight loss, high fever, breathlessness, sweating, loss of appetite, mild fever, yellowing of eyes, swelled lymph nodes, malaise, phlegm, chest pain, blood in sputum",cover mouth | consult doctor | medication | rest
Tuberculosis,"chills, vomiting, fatigue, weight loss, cough, breathlessness, sweating, loss of appetite, mild fever, yellowing of eyes, swelled lymph nodes, malaise, phlegm, chest pain, blood in sputum",cover mouth | consult doctor | medication | rest
Tuberculosis,"chills, vomiting, fatigue, weight loss, cough, high fever, sweating, loss of appetite, mild fever, yellowing of eyes, swelled lymph nodes, malaise, phlegm, chest pain, blood in sputum",cover mouth | consult doctor | medication | rest
Tuberculosis,"chills, vomiting, fatigue, weight loss, cough, high fever, breathlessness, loss of appetite, mild fever, yellowing of eyes, swelled lymph nodes, malaise, phlegm, chest pain, blood in sputum",cover mouth | consult doctor | medication | rest
Common Cold,"continuous sneezing, chills, fatigue, cough, high fever, headache, swelled lymph nodes, malaise, phlegm, throat irritation, redness of eyes, sinus pressure, runny nose, congestion, chest pain, loss of smell, muscle pain",drink vitamin c rich drinks | take vapour | avoid cold food | keep fever in check
Common Cold,"continuous sneezing, chills, fatigue, cough, high fever, headache, swelled lymph nodes, malaise, phlegm, throat irritation, redness of eyes, sinus pressure, runny nose, congestion, chest pain, loss of smell, muscle pain",drink vitamin c rich drinks | take vapour | avoid cold food | keep fever in check
Common Cold,"chills, fatigue, cough, high fever, headache, swelled lymph nodes, malaise, phlegm, throat irritation, redness of eyes, sinus pressure, runny nose, congestion, chest pain, loss of smell, muscle pain",drink vitamin c rich drinks | take vapour | avoid cold food | keep fever in check
Common Cold,"continuous sneezing, fatigue, cough, high fever, headache, swelled lymph nodes, malaise, phlegm, throat irritation, redness of eyes, sinus pressure, runny nose, congestion, chest pain, loss of smell, muscle pain",drink vitamin c rich drinks | take vapour | avoid cold food | keep fever in check
Common Cold,"continuous sneezing, chills, cough, high fever, headache, swelled lymph nodes, malaise, phlegm, throat irritation, redness of eyes, sinus pressure, runny nose, congestion, chest pain, loss of smell, muscle pain",drink vitamin c rich drinks | take vapour | avoid cold food | keep fever in check
Common Cold,"continuous sneezing, chills, fatigue, high fever, headache, swelled lymph nodes, malaise, phlegm, throat irritation, redness of eyes, sinus pressure, runny nose, congestion, chest pain, loss of smell, muscle pain",drink vitamin c rich drinks | take vapour | avoid cold food | keep fever in check
Common Cold,"continuous sneezing, chills, fatigue, cough, headache, swelled lymph nodes, malaise, phlegm, throat irritation, redness of eyes, sinus pressure, runny nose, congestion, chest pain, loss of smell, muscle pain",drink vitamin c rich drinks | take vapour | avoid cold food | keep fever in check
Common Cold,"continuous sneezing, chills, fatigue, cough, high fever, swelled lymph nodes, malaise, phlegm, throat irritation, redness of eyes, sinus pressure, runny nose, congestion, chest pain, loss of smell, muscle pain",drink vitamin c rich drinks | take vapour | avoid cold food | keep fever in check
Common Cold,"continuous sneezing, chills, fatigue, cough, high fever, headache, malaise, phlegm, throat irritation, redness of eyes, sinus pressure, runny nose, congestion, chest pain, loss of smell, muscle pain",drink vitamin c rich drinks | take vapour | avoid cold food | keep fever in check
Common Cold,"continuous sneezing, chills, fatigue, cough, high fever, headache, swelled lymph nodes, phlegm, throat irritation, redness of eyes, sinus pressure, runny nose, congestion, chest pain, loss of smell, muscle pain",drink vitamin c rich drinks | take vapour | avoid cold food | keep fever in check
Pneumonia,"chills, fatigue, cough, high fever, breathlessness, sweating, malaise, chest pain, fast heart rate, rusty sputum",consult doctor | medication | rest | follow up
Pneumonia,"chills, fatigue, cough, high fever, breathlessness, sweating, malaise, phlegm, chest pain, fast heart rate, rusty sputum",consult doctor | medication | rest | follow up
Pneumonia,"chills, fatigue, cough, high fever, breathlessness, sweating, malaise, phlegm, chest pain, fast heart rate, rusty sputum",consult doctor | medication | rest | follow up
Pneumonia,"fatigue, cough, high fever, breathlessness, sweating, malaise, phlegm, chest pain, fast heart rate, rusty sputum",consult doctor | medication | rest | follow up
Pneumonia,"chills, cough, high fever, breathlessness, sweating, malaise, phlegm, chest pain, fast heart rate, rusty sputum",consult doctor | medication | rest | follow up
Pneumonia,"chills, fatigue, high fever, breathlessness, sweating, malaise, phlegm, chest pain, fast heart rate, rusty sputum",consult doctor | medication | rest | follow up
Pneumonia,"chills, fatigue, cough, breathlessness, sweating, malaise, phlegm, chest pain, fast heart rate, rusty sputum",consult doctor | medication | rest | follow up
Pneumonia,"chills, fatigue, cough, high fever, sweating, malaise, phlegm, chest pain, fast heart rate, rusty sputum",consult doctor | medication | rest | follow up
Pneumonia,"chills, fatigue, cough, high fever, breathlessness, malaise, phlegm, chest pain, fast heart rate, rusty sputum",consult doctor | medication | rest | follow up
Pneumonia,"chills, fatigue, cough, high fever, breathlessness, sweating, phlegm, chest pain, fast heart rate, rusty sputum",consult doctor | medication | rest | follow up
Dimorphic hemmorhoids(piles),"constipation, pain during bowel movements, pain in anal region, bloody stool, irritation in anus",avoid fatty spicy food | consume witch hazel | warm bath with epsom salt | consume alovera juice
Dimorphic hemmorhoids(piles),"constipation, pain during bowel movements, pain in anal region, bloody stool, irritation in anus",avoid fatty spicy food | consume witch hazel | warm bath with epsom salt | consume alovera juice
Dimorphic hemmorhoids(piles),"constipation, pain during bowel movements, pain in anal region, bloody stool, irritation in anus",avoid fatty spicy food | consume witch hazel | warm bath with epsom salt | consume alovera juice
Dimorphic hemmorhoids(piles),"pain during bowel movements, pain in anal region, bloody stool, irritation in anus",avoid fatty spicy food | consume witch hazel | warm bath with epsom salt | consume alovera juice
Dimorphic hemmorhoids(piles),"constipation, pain in anal region, bloody stool, irritation in anus",avoid fatty spicy food | consume witch hazel | warm bath with epsom salt | consume alovera juice
Dimorphic hemmorhoids(piles),"constipation, pain during bowel movements, bloody stool, irritation in anus",avoid fatty spicy food | consume witch hazel | warm bath with epsom salt | consume alovera juice
Dimorphic hemmorhoids(piles),"constipation, pain during bowel movements, pain in anal region, irritation in anus",avoid fatty spicy food | consume witch hazel | warm bath with epsom salt | consume alovera juice
Dimorphic hemmorhoids(piles),"constipation, pain during bowel movements, pain in anal region, bloody stool",avoid fatty spicy food | consume witch hazel | warm bath with epsom salt | consume alovera juice
Dimorphic hemmorhoids(piles),"constipation, pain during bowel movements, pain in anal region, bloody stool, irritation in anus",avoid fatty spicy food | consume witch hazel | warm bath with epsom salt | consume alovera juice
Dimorphic hemmorhoids(piles),"constipation, pain during bowel movements, pain in anal region, bloody stool, irritation in anus",avoid fatty spicy food | consume witch hazel | warm bath with epsom salt | consume alovera juice
Heart attack,"vomiting, breathlessness, sweating, chest pain",Consult a doctor | Get adequate rest | Stay hydrated | Follow prescribed treatment
Heart attack,"vomiting, breathlessness, sweating, chest pain",Consult a doctor | Get adequate rest | Stay hydrated | Follow prescribed treatment
Heart attack,"breathlessness, sweating, chest pain",Consult a doctor | Get adequate rest | Stay hydrated | Follow prescribed treatment
Heart attack,"vomiting, sweating, chest pain",Consult a doctor | Get adequate rest | Stay hydrated | Follow prescribed treatment
Heart attack,"vomiting, breathlessness, chest pain",Consult a doctor | Get adequate rest | Stay hydrated | Follow prescribed treatment
Heart attack,"vomiting, breathlessness, sweating",Consult a doctor | Get adequate rest | Stay hydrated | Follow prescribed treatment
Heart attack,"vomiting, breathlessness, sweating, chest pain",Consult a doctor | Get adequate rest | Stay hydrated | Follow prescribed treatment
Heart attack,"breathlessness, sweating, chest pain",Consult a doctor | Get adequate rest | Stay hydrated | Follow prescribed treatment
Heart attack,"vomiting, sweating, chest pain",Consult a doctor | Get adequate rest | Stay hydrated | Follow prescribed treatment
Heart attack,"vomiting, breathlessness, chest pain",Consult a doctor | Get adequate rest | Stay hydrated | Follow prescribed treatment
Varicose veins,"fatigue, cramps, bruising, obesity, swollen legs, swollen blood vessels, prominent veins on calf",lie down flat and raise the leg high | use oinments | use vein compression | dont stand still for long
Varicose veins,"fatigue, cramps, bruising, obesity, swollen legs, swollen blood vessels, prominent veins on calf",lie down flat and raise the leg high | use oinments | use vein compression | dont stand still for long
Varicose veins,"cramps, bruising, obesity, swollen legs, swollen blood vessels, prominent veins on calf",lie down flat and raise the leg high | use oinments | use vein compression | dont stand still for long
Varicose veins,"fatigue, bruising, obesity, swollen legs, swollen blood vessels, prominent veins on calf",lie down flat and raise the leg high | use oinments | use vein compression | dont stand still for long
Varicose veins,"fatigue, cramps, obesity, swollen legs, swollen blood vessels, prominent veins on calf",lie down flat and raise the leg high | use oinments | use vein compression | dont stand still for long
Varicose veins,"fatigue, cramps, bruising, swollen legs, swollen blood vessels, prominent veins on calf",lie down flat and raise the leg high | use oinments | use vein compression | dont stand still for long
Varicose veins,"fatigue, cramps, bruising, obesity, swollen blood vessels, prominent veins on calf",lie down flat and raise the leg high | use oinments | use vein compression | dont stand still for long
Varicose veins,"fatigue, cramps, bruising, obesity, swollen legs, prominent veins on calf",lie down flat and raise the leg high | use oinments | use vein compression | dont stand still for long
Varicose veins,"fatigue, cramps, bruising, obesity, swollen legs, swollen blood vessels",lie down flat and raise the leg high | use oinments | use vein compression | dont stand still for long
Varicose veins,"fatigue, cramps, bruising, obesity, swollen legs, prominent veins on calf",lie down flat and raise the leg high | use oinments | use vein compression | dont stand still for long
Hypothyroidism,"fatigue, weight gain, cold hands and feets, mood swings, lethargy, dizziness, puffy face and eyes, enlarged thyroid, brittle nails, swollen extremeties, depression, irritability, abnormal menstruation",reduce stress | exercise | eat healthy | get proper sleep
Hypothyroidism,"fatigue, weight gain, cold hands and feets, mood swings, lethargy, dizziness, puffy face and eyes, enlarged thyroid, brittle nails, swollen extremeties, depression, irritability, abnormal menstruation",reduce stress | exercise | eat healthy | get proper sleep
Hypothyroidism,"weight gain, cold hands and feets, mood swings, lethargy, dizziness, puffy face and eyes, enlarged thyroid, brittle nails, swollen extremeties, depression, irritability, abnormal menstruation",reduce stress | exercise | eat healthy | get proper sleep
Hypothyroidism,"weight gain, cold hands and feets, mood swings, lethargy, dizziness, puffy face and eyes, enlarged thyroid, brittle nails, swollen extremeties, depression, irritability, abnormal menstruation",reduce stress | exercise | eat healthy | get proper sleep
Hypothyroidism,"fatigue, cold hands and feets, mood swings, lethargy, dizziness, puffy face and eyes, enlarged thyroid, brittle nails, swollen extremeties, depression, irritability, abnormal menstruation",reduce stress | exercise | eat healthy | get proper sleep
Hypothyroidism,"fatigue, weight gain, mood swings, lethargy, dizziness, puffy face and eyes, enlarged thyroid, brittle nails, swollen extremeties, depression, irritability, abnormal menstruation",reduce stress | exercise | eat healthy | get proper sleep
Hypothyroidism,"fatigue, weight gain, cold hands and feets, lethargy, dizziness, puffy face and eyes, enlarged thyroid, brittle nails, swollen extremeties, depression, irritability, abnormal menstruation",reduce stress | exercise | eat healthy | get proper sleep
Hypothyroidism,"fatigue, weight gain, cold hands and feets, mood swings, dizziness, puffy face and eyes, enlarged thyroid, brittle nails, swollen extremeties, depression, irritability, abnormal menstruation",reduce stress | exercise | eat healthy | get proper sleep
Hypothyroidism,"fatigue, weight gain, cold hands and feets, mood swings, lethargy, puffy face and eyes, enlarged thyroid, brittle nails, swollen extremeties, depression, irritability, abnormal menstruation",reduce stress | exercise | eat healthy | get proper sleep
Hypothyroidism,"fatigue, weight gain, cold hands and feets, mood swings, lethargy, dizziness, enlarged thyroid, brittle nails, swollen extremeties, depression, irritability, abnormal menstruation",reduce stress | exercise | eat healthy | get proper sleep
Hyperthyroidism,"fatigue, mood swings, weight loss, restlessness, sweating, diarrhoea, fast heart rate, excessive hunger, muscle weakness, irritability, abnormal menstruation",eat healthy | massage | use lemon balm | take radioactive iodine treatment
Hyperthyroidism,"fatigue, mood swings, weight loss, restlessness, sweating, diarrhoea, fast heart rate, excessive hunger, muscle weakness, irritability, abnormal menstruation",eat healthy | massage | use lemon balm | take radioactive iodine treatment
Hyperthyroidism,"mood swings, weight loss, restlessness, sweating, diarrhoea, fast heart rate, excessive hunger, muscle weakness, irritability, abnormal menstruation",eat healthy | massage | use lemon balm | take radioactive iodine treatment
Hyperthyroidism,"fatigue, weight loss, restlessness, sweating, diarrhoea, fast heart rate, excessive hunger, muscle weakness, irritability, abnormal menstruation",eat healthy | massage | use lemon balm | take radioactive iodine treatment
Hyperthyroidism,"fatigue, mood swings, restlessness, sweating, diarrhoea, fast heart rate, excessive hunger, muscle weakness, irritability, abnormal menstruation",eat healthy | massage | use lemon balm | take radioactive iodine treatment
Hyperthyroidism,"fatigue, mood swings, weight loss, sweating, diarrhoea, fast heart rate, excessive hunger, muscle weakness, irritability, abnormal menstruation",eat healthy | massage | use lemon balm | take radioactive iodine treatment
Hyperthyroidism,"fatigue, mood swings, weight loss, restlessness, diarrhoea, fast heart rate, excessive hunger, muscle weakness, irritability, abnormal menstruation",eat healthy | massage | use lemon balm | take radioactive iodine treatment
Hyperthyroidism,"fatigue, mood swings, weight loss, restlessness, sweating, fast heart rate, excessive hunger, muscle weakness, irritability, abnormal menstruation",eat healthy | massage | use lemon balm | take radioactive iodine treatment
Hyperthyroidism,"fatigue, mood swings, weight loss, restlessness, sweating, diarrhoea, excessive hunger, muscle weakness, irritability, abnormal menstruation",eat healthy | massage | use lemon balm | take radioactive iodine treatment
Hyperthyroidism,"fatigue, mood swings, weight loss, restlessness, sweating, diarrhoea, fast heart rate, muscle weakness, irritability, abnormal menstruation",eat healthy | massage | use lemon balm | take radioactive iodine treatment
Hypoglycemia,"vomiting, fatigue, anxiety, sweating, headache, nausea, blurred and distorted vision, excessive hunger, slurred speech, irritability, palpitations",lie down on side | check in pulse | drink sugary drinks | consult doctor
Hypoglycemia,"vomiting, fatigue, anxiety, sweating, headache, nausea, blurred and distorted vision, excessive hunger, drying and tingling lips, slurred speech, irritability, palpitations",lie down on side | check in pulse | drink sugary drinks | consult doctor
Hypoglycemia,"vomiting, fatigue, anxiety, sweating, headache, nausea, blurred and distorted vision, excessive hunger, drying and tingling lips, slurred speech, irritability, palpitations",lie down on side | check in pulse | drink sugary drinks | consult doctor
Hypoglycemia,"fatigue, anxiety, sweating, headache, nausea, blurred and distorted vision, excessive hunger, drying and tingling lips, slurred speech, irritability, palpitations",lie down on side | check in pulse | drink sugary drinks | consult doctor
Hypoglycemia,"vomiting, anxiety, sweating, headache, nausea, blurred and distorted vision, excessive hunger, drying and tingling lips, slurred speech, irritability, palpitations",lie down on side | check in pulse | drink sugary drinks | consult doctor
Hypoglycemia,"vomiting, fatigue, sweating, headache, nausea, blurred and distorted vision, excessive hunger, drying and tingling lips, slurred speech, irritability, palpitations",lie down on side | check in pulse | drink sugary drinks | consult doctor
Hypoglycemia,"vomiting, fatigue, anxiety, headache, nausea, blurred and distorted vision, excessive hunger, drying and tingling lips, slurred speech, irritability, palpitations",lie down on side | check in pulse | drink sugary drinks | consult doctor
Hypoglycemia,"vomiting, fatigue, anxiety, sweating, nausea, blurred and distorted vision, excessive hunger, drying and tingling lips, slurred speech, irritability, palpitations",lie down on side | check in pulse | drink sugary drinks | consult doctor
Hypoglycemia,"vomiting, fatigue, anxiety, sweating, headache, blurred and distorted vision, excessive hunger, drying and tingling lips, slurred speech, irritability, palpitations",lie down on side | check in pulse | drink sugary drinks | consult doctor
Hypoglycemia,"vomiting, fatigue, anxiety, sweating, headache, nausea, excessive hunger, drying and tingling lips, slurred speech, irritability, palpitations",lie down on side | check in pulse | drink sugary drinks | consult doctor
Osteoarthristis,"joint pain, neck pain, knee pain, hip joint pain, swelling joints, painful walking",acetaminophen | consult nearest hospital | follow up | salt baths
Osteoarthristis,"joint pain, neck pain, knee pain, hip joint pain, swelling joints, painful walking",acetaminophen | consult nearest hospital | follow up | salt baths
Osteoarthristis,"neck pain, knee pain, hip joint pain, swelling joints, painful walking",acetaminophen | consult nearest hospital | follow up | salt baths
Osteoarthristis,"joint pain, knee pain, hip joint pain, swelling joints, painful walking",acetaminophen | consult nearest hospital | follow up | salt baths
Osteoarthristis,"joint pain, neck pain, hip joint pain, swelling joints, painful walking",acetaminophen | consult nearest hospital | follow up | salt baths
Osteoarthristis,"joint pain, neck pain, knee pain, swelling joints, painful walking",acetaminophen | consult nearest hospital | follow up | salt baths
Osteoarthristis,"joint pain, neck pain, knee pain, hip joint pain, painful walking",acetaminophen | consult nearest hospital | follow up | salt baths
Osteoarthristis,"joint pain, neck pain, knee pain, hip joint pain, swelling joints",acetaminophen | consult nearest hospital | follow up | salt baths
Osteoarthristis,"joint pain, neck pain, knee pain, hip joint pain, swelling joints, painful walking",acetaminophen | consult nearest hospital | follow up | salt baths
Osteoarthristis,"joint pain, neck pain, knee pain, hip joint pain, swelling joints, painful walking",acetaminophen | consult nearest hospital | follow up | salt baths
Arthritis,"muscle weakness, stiff neck, swelling joints, movement stiffness, painful walking",exercise | use hot and cold therapy | try acupuncture | massage
Arthritis,"muscle weakness, stiff neck, swelling joints, movement stiffness, painful walking",exercise | use hot and cold therapy | try acupuncture | massage
Arthritis,"stiff neck, swelling joints, movement stiffness, painful walking",exercise | use hot and cold therapy | try acupuncture | massage
Arthritis,"muscle weakness, swelling joints, movement stiffness, painful walking",exercise | use hot and cold therapy | try acupuncture | massage
Arthritis,"muscle weakness, stiff neck, movement stiffness, painful walking",exercise | use hot and cold therapy | try acupuncture | massage
Arthritis,"muscle weakness, stiff neck, swelling joints, painful walking",exercise | use hot and cold therapy | try acupuncture | massage
Arthritis,"muscle weakness, stiff neck, swelling joints, movement stiffness, painful walking",exercise | use hot and cold therapy | try acupuncture | massage
Arthritis,"muscle weakness, stiff neck, swelling joints, movement stiffness",exercise | use hot and cold therapy | try acupuncture | massage
Arthritis,"muscle weakness, stiff neck, swelling joints, movement stiffness, painful walking",exercise | use hot and cold therapy | try acupuncture | massage
Arthritis,"muscle weakness, stiff neck, swelling joints, movement stiffness, painful walking",exercise | use hot and cold therapy | try acupuncture | massage
(vertigo) Paroymsal  Positional Vertigo,"vomiting, headache, nausea, spinning movements, loss of balance, unsteadiness",lie down | avoid sudden change in body | avoid abrupt head movment | relax
(vertigo) Paroymsal  Positional Vertigo,"vomiting, headache, nausea, spinning movements, loss of balance, unsteadiness",lie down | avoid sudden change in body | avoid abrupt head movment | relax
(vertigo) Paroymsal  Positional Vertigo,"headache, nausea, spinning movements, loss of balance, unsteadiness",lie down | avoid sudden change in body | avoid abrupt head movment | relax
(vertigo) Paroymsal  Positional Vertigo,"vomiting, nausea, spinning movements, loss of balance, unsteadiness",lie down | avoid sudden change in body | avoid abrupt head movment | relax
(vertigo) Paroymsal  Positional Vertigo,"vomiting, headache, spinning movements, loss of balance, unsteadiness",lie down | avoid sudden change in body | avoid abrupt head movment | relax
(vertigo) Paroymsal  Positional Vertigo,"vomiting, headache, nausea, loss of balance, unsteadiness",lie down | avoid sudden change in body | avoid abrupt head movment | relax
(vertigo) Paroymsal  Positional Vertigo,"vomiting, headache, nausea, spinning movements, unsteadiness",lie down | avoid sudden change in body | avoid abrupt head movment | relax
(vertigo) Paroymsal  Positional Vertigo,"vomiting, headache, nausea, spinning movements, loss of balance",lie down | avoid sudden change in body | avoid abrupt head movment | relax
(vertigo) Paroymsal  Positional Vertigo,"vomiting, headache, nausea, spinning movements, loss of balance, unsteadiness",lie down | avoid sudden change in body | avoid abrupt head movment | relax
(vertigo) Paroymsal  Positional Vertigo,"vomiting, headache, nausea, loss of balance, unsteadiness",lie down | avoid sudden change in body | avoid abrupt head movment | relax
Acne,"skin rash, pus filled pimples, blackheads, scurring",bath twice | avoid fatty spicy food | drink plenty of water | avoid too many products
Acne,"skin rash, pus filled pimples, blackheads, scurring",bath twice | avoid fatty spicy food | drink plenty of water | avoid too many products
Acne,"pus filled pimples, blackheads, scurring",bath twice | avoid fatty spicy food | drink plenty of water | avoid too many products
Acne,"skin rash, blackheads, scurring",bath twice | avoid fatty spicy food | drink plenty of water | avoid too many products
Acne,"skin rash, pus filled pimples, scurring",bath twice | avoid fatty spicy food | drink plenty of water | avoid too many products
Acne,"skin rash, pus filled pimples, blackheads",bath twice | avoid fatty spicy food | drink plenty of water | avoid too many products
Acne,"skin rash, pus filled pimples, blackheads, scurring",bath twice | avoid fatty spicy food | drink plenty of water | avoid too many products
Acne,"skin rash, pus filled pimples, blackheads",bath twice | avoid fatty spicy food | drink plenty of water | avoid too many products
Acne,"skin rash, pus filled pimples, scurring",bath twice | avoid fatty spicy food | drink plenty of water | avoid too many products
Acne,"skin rash, blackheads, scurring",bath twice | avoid fatty spicy food | drink plenty of water | avoid too many products
Urinary tract infection,"burning micturition, bladder discomfort, foul smell of urine, continuous feel of urine",drink plenty of water | increase vitamin c intake | drink cranberry juice | take probiotics
Urinary tract infection,"burning micturition, bladder discomfort, foul smell of urine, continuous feel of urine",drink plenty of water | increase vitamin c intake | drink cranberry juice | take probiotics
Urinary tract infection,"bladder discomfort, foul smell of urine, continuous feel of urine",drink plenty of water | increase vitamin c intake | drink cranberry juice | take probiotics
Urinary tract infection,"burning micturition, foul smell of urine, continuous feel of urine",drink plenty of water | increase vitamin c intake | drink cranberry juice | take probiotics
Urinary tract infection,"burning micturition, bladder discomfort, continuous feel of urine",drink plenty of water | increase vitamin c intake | drink cranberry juice | take probiotics
Urinary tract infection,"burning micturition, bladder discomfort, foul smell of urine",drink plenty of water | increase vitamin c intake | drink cranberry juice | take probiotics
Urinary tract infection,"burning micturition, bladder discomfort, foul smell of urine, continuous feel of urine",drink plenty of water | increase vitamin c intake | drink cranberry juice | take probiotics
Urinary tract infection,"burning micturition, bladder discomfort, continuous feel of urine",drink plenty of water | increase vitamin c intake | drink cranberry juice | take probiotics
Urinary tract infection,"bladder discomfort, foul smell of urine, continuous feel of urine",drink plenty of water | increase vitamin c intake | drink cranberry juice | take probiotics
Urinary tract infection,"burning micturition, bladder discomfort, continuous feel of urine",drink plenty of water | increase vitamin c intake | drink cranberry juice | take probiotics
Psoriasis,"skin rash, joint pain, skin peeling, silver like dusting, small dents in nails, inflammatory nails",wash hands with warm soapy water | stop bleeding using pressure | consult doctor | salt baths
Psoriasis,"skin rash, joint pain, skin peeling, silver like dusting, small dents in nails, inflammatory nails",wash hands with warm soapy water | stop bleeding using pressure | consult doctor | salt baths
Psoriasis,"joint pain, skin peeling, silver like dusting, small dents in nails, inflammatory nails",wash hands with warm soapy water | stop bleeding using pressure | consult doctor | salt baths
Psoriasis,"skin rash, skin peeling, silver like dusting, small dents in nails, inflammatory nails",wash hands with warm soapy water | stop bleeding using pressure | consult doctor | salt baths
Psoriasis,"skin rash, joint pain, silver like dusting, small dents in nails, inflammatory nails",wash hands with warm soapy water | stop bleeding using pressure | consult doctor | salt baths
Psoriasis,"skin rash, joint pain, skin peeling, small dents in nails, inflammatory nails",wash hands with warm soapy water | stop bleeding using pressure | consult doctor | salt baths
Psoriasis,"skin rash, joint pain, skin peeling, silver like dusting, inflammatory nails",wash hands with warm soapy water | stop bleeding using pressure | consult doctor | salt baths
Psoriasis,"skin rash, joint pain, skin peeling, silver like dusting, small dents in nails",wash hands with warm soapy water | stop bleeding using pressure | consult doctor | salt baths
Psoriasis,"skin rash, joint pain, skin peeling, silver like dusting, small dents in nails, inflammatory nails",wash hands with warm soapy water | stop bleeding using pressure | consult doctor | salt baths
Psoriasis,"skin rash, joint pain, skin peeling, silver like dusting, small dents in nails, inflammatory nails",wash hands with warm soapy water | stop bleeding using pressure | consult doctor | salt baths
Impetigo,"skin rash, high fever, blister, red sore around nose, yellow crust ooze",soak affected area in warm water | use antibiotics | remove scabs with wet compressed cloth | consult doctor
Impetigo,"skin rash, high fever, blister, red sore around nose, yellow crust ooze",soak affected area in warm water | use antibiotics | remove scabs with wet compressed cloth | consult doctor
Impetigo,"high fever, blister, red sore around nose, yellow crust ooze",soak affected area in warm water | use antibiotics | remove scabs with wet compressed cloth | consult doctor
Impetigo,"skin rash, blister, red sore around nose, yellow crust ooze",soak affected area in warm water | use antibiotics | remove scabs with wet compressed cloth | consult doctor
Impetigo,"skin rash, blister, red sore around nose, yellow crust ooze",soak affected area in warm water | use antibiotics | remove scabs with wet compressed cloth | consult doctor
Impetigo,"skin rash, high fever, red sore around nose, yellow crust ooze",soak affected area in warm water | use antibiotics | remove scabs with wet compressed cloth | consult doctor
Impetigo,"skin rash, high fever, blister, yellow crust ooze",soak affected area in warm water | use antibiotics | remove scabs with wet compressed cloth | consult doctor
Impetigo,"skin rash, high fever, blister, red sore around nose",soak affected area in warm water | use antibiotics | remove scabs with wet compressed cloth | consult doctor
Impetigo,"skin rash, high fever, blister, red sore around nose, yellow crust ooze",soak affected area in warm water | use antibiotics | remove scabs with wet compressed cloth | consult doctor
Impetigo,"skin rash, blister, red sore around nose, yellow crust ooze",soak affected area in warm water | use antibiotics | remove scabs with wet compressed cloth | consult doctor
Fungal infection,"itching, skin rash, nodal skin eruptions, dischromic  patches",bath twice | use detol or neem in bathing water | keep infected area dry | use clean cloths
Fungal infection,"skin rash, nodal skin eruptions, dischromic  patches",bath twice | use detol or neem in bathing water | keep infected area dry | use clean cloths
Fungal infection,"itching, nodal skin eruptions, dischromic  patches",bath twice | use detol or neem in bathing water | keep infected area dry | use clean cloths
Fungal infection,"itching, skin rash, dischromic  patches",bath twice | use detol or neem in bathing water | keep infected area dry | use clean cloths
Fungal infection,"itching, skin rash, nodal skin eruptions",bath twice | use detol or neem in bathing water | keep infected area dry | use clean cloths
Fungal infection,"skin rash, nodal skin eruptions, dischromic  patches",bath twice | use detol or neem in bathing water | keep infected area dry | use clean cloths
Fungal infection,"itching, nodal skin eruptions, dischromic  patches",bath twice | use detol or neem in bathing water | keep infected area dry | use clean cloths
Fungal infection,"itching, skin rash, dischromic  patches",bath twice | use detol or neem in bathing water | keep infected area dry | use clean cloths
Fungal infection,"itching, skin rash, nodal skin eruptions",bath twice | use detol or neem in bathing water | keep infected area dry | use clean cloths
Fungal infection,"itching, skin rash, nodal skin eruptions, dischromic  patches",bath twice | use detol or neem in bathing water | keep infected area dry | use clean cloths
Allergy,"continuous sneezing, shivering, chills, watering from eyes",Consult a doctor | Get adequate rest | Stay hydrated | Follow prescribed treatment
Allergy,"shivering, chills, watering from eyes",Consult a doctor | Get adequate rest | Stay hydrated | Follow prescribed treatment
Allergy,"continuous sneezing, chills, watering from eyes",Consult a doctor | Get adequate rest | Stay hydrated | Follow prescribed treatment
Allergy,"continuous sneezing, shivering, watering from eyes",Consult a doctor | Get adequate rest | Stay hydrated | Follow prescribed treatment
Allergy,"continuous sneezing, shivering, chills",Consult a doctor | Get adequate rest | Stay hydrated | Follow prescribed treatment
Allergy,"shivering, chills, watering from eyes",Consult a doctor | Get adequate rest | Stay hydrated | Follow prescribed treatment
Allergy,"continuous sneezing, chills, watering from eyes",Consult a doctor | Get adequate rest | Stay hydrated | Follow prescribed treatment
Allergy,"continuous sneezing, shivering, watering from eyes",Consult a doctor | Get adequate rest | Stay hydrated | Follow prescribed treatment
Allergy,"continuous sneezing, shivering, chills",Consult a doctor | Get adequate rest | Stay hydrated | Follow prescribed treatment
Allergy,"continuous sneezing, shivering, chills, watering from eyes",Consult a doctor | Get adequate rest | Stay hydrated | Follow prescribed treatment
GERD,"stomach pain, acidity, ulcers on tongue, vomiting, cough, chest pain",avoid fatty spicy food | avoid lying down after eating | maintain healthy weight | exercise
GERD,"stomach pain, ulcers on tongue, vomiting, cough, chest pain",avoid fatty spicy food | avoid lying down after eating | maintain healthy weight | exercise
GERD,"stomach pain, acidity, vomiting, cough, chest pain",avoid fatty spicy food | avoid lying down after eating | maintain healthy weight | exercise
GERD,"stomach pain, acidity, ulcers on tongue, cough, chest pain",avoid fatty spicy food | avoid lying down after eating | maintain healthy weight | exercise
GERD,"stomach pain, acidity, ulcers on tongue, vomiting, chest pain",avoid fatty spicy food | avoid lying down after eating | maintain healthy weight | exercise
GERD,"stomach pain, acidity, ulcers on tongue, vomiting, cough",avoid fatty spicy food | avoid lying down after eating | maintain healthy weight | exercise
GERD,"acidity, ulcers on tongue, vomiting, cough, chest pain",avoid fatty spicy food | avoid lying down after eating | maintain healthy weight | exercise
GERD,"stomach pain, ulcers on tongue, vomiting, cough, chest pain",avoid fatty spicy food | avoid lying down after eating | maintain healthy weight | exercise
GERD,"stomach pain, acidity, vomiting, cough, chest pain",avoid fatty spicy food | avoid lying down after eating | maintain healthy weight | exercise
GERD,"stomach pain, acidity, ulcers on tongue, cough, chest pain",avoid fatty spicy food | avoid lying down after eating | maintain healthy weight | exercise
Chronic cholestasis,"itching, vomiting, yellowish skin, nausea, loss of appetite, abdominal pain, yellowing of eyes",cold baths | anti itch medicine | consult doctor | eat healthy
Chronic cholestasis,"vomiting, yellowish skin, nausea, loss of appetite, abdominal pain, yellowing of eyes",cold baths | anti itch medicine | consult doctor | eat healthy
Chronic cholestasis,"itching, yellowish skin, nausea, loss of appetite, abdominal pain, yellowing of eyes",cold baths | anti itch medicine | consult doctor | eat healthy
Chronic cholestasis,"itching, vomiting, nausea, loss of appetite, abdominal pain, yellowing of eyes",cold baths | anti itch medicine | consult doctor | eat healthy
Chronic cholestasis,"itching, vomiting, yellowish skin, loss of appetite, abdominal pain, yellowing of eyes",cold baths | anti itch medicine | consult doctor | eat healthy
Chronic cholestasis,"itching, vomiting, yellowish skin, nausea, abdominal pain, yellowing of eyes",cold baths | anti itch medicine | consult doctor | eat healthy
Chronic cholestasis,"itching, vomiting, yellowish skin, nausea, loss of appetite, yellowing of eyes",cold baths | anti itch medicine | consult doctor | eat healthy
Chronic cholestasis,"itching, vomiting, yellowish skin, nausea, loss of appetite, abdominal pain",cold baths | anti itch medicine | consult doctor | eat healthy
Chronic cholestasis,"itching, vomiting, yellowish skin, nausea, loss of appetite, abdominal pain, yellowing of eyes",cold baths | anti itch medicine | consult doctor | eat healthy
Chronic cholestasis,"itching, vomiting, yellowish skin, nausea, loss of appetite, abdominal pain, yellowing of eyes",cold baths | anti itch medicine | consult doctor | eat healthy
Drug Reaction,"itching, skin rash, stomach pain, burning micturition, spotting  urination",Consult a doctor | Get adequate rest | Stay hydrated | Follow prescribed treatment
Drug Reaction,"itching, stomach pain, burning micturition, spotting  urination",Consult a doctor | Get adequate rest | Stay hydrated | Follow prescribed treatment
Drug Reaction,"itching, skin rash, burning micturition, spotting  urination",Consult a doctor | Get adequate rest | Stay hydrated | Follow prescribed treatment
Drug Reaction,"itching, skin rash, stomach pain, spotting  urination",Consult a doctor | Get adequate rest | Stay hydrated | Follow prescribed treatment
Drug Reaction,"itching, skin rash, stomach pain, burning micturition",Consult a doctor | Get adequate rest | Stay hydrated | Follow prescribed treatment
Drug Reaction,"skin rash, stomach pain, burning micturition, spotting  urination",Consult a doctor | Get adequate rest | Stay hydrated | Follow prescribed treatment
Drug Reaction,"itching, stomach pain, burning micturition, spotting  urination",Consult a doctor | Get adequate rest | Stay hydrated | Follow prescribed treatment
Drug Reaction,"itching, skin rash, burning micturition, spotting  urination",Consult a doctor | Get adequate rest | Stay hydrated | Follow prescribed treatment
Drug Reaction,"itching, skin rash, stomach pain, spotting  urination",Consult a doctor | Get adequate rest | Stay hydrated | Follow prescribed treatment
Drug Reaction,"itching, skin rash, stomach pain, burning micturition",Consult a doctor | Get adequate rest | Stay hydrated | Follow prescribed treatment
Peptic ulcer diseae,"vomiting, loss of appetite, abdominal pain, passage of gases, internal itching",avoid fatty spicy food | consume probiotic food | eliminate milk | limit alcohol
Peptic ulcer diseae,"vomiting, indigestion, abdominal pain, passage of gases, internal itching",avoid fatty spicy food | consume probiotic food | eliminate milk | limit alcohol
Peptic ulcer diseae,"indigestion, loss of appetite, abdominal pain, passage of gases, internal itching",avoid fatty spicy food | consume probiotic food | eliminate milk | limit alcohol
Peptic ulcer diseae,"vomiting, loss of appetite, abdominal pain, passage of gases, internal itching",avoid fatty spicy food | consume probiotic food | eliminate milk | limit alcohol
Peptic ulcer diseae,"vomiting, indigestion, abdominal pain, passage of gases, internal itching",avoid fatty spicy food | consume probiotic food | eliminate milk | limit alcohol
Peptic ulcer diseae,"vomiting, indigestion, loss of appetite, passage of gases, internal itching",avoid fatty spicy food | consume probiotic food | eliminate milk | limit alcohol
Peptic ulcer diseae,"vomiting, indigestion, loss of appetite, abdominal pain, internal itching",avoid fatty spicy food | consume probiotic food | eliminate milk | limit alcohol
Peptic ulcer diseae,"vomiting, indigestion, loss of appetite, abdominal pain, passage of gases",avoid fatty spicy food | consume probiotic food | eliminate milk | limit alcohol
Peptic ulcer diseae,"vomiting, indigestion, loss of appetite, abdominal pain, passage of gases, internal itching",avoid fatty spicy food | consume probiotic food | eliminate milk | limit alcohol
Peptic ulcer diseae,"vomiting, indigestion, loss of appetite, abdominal pain, passage of gases, internal itching",avoid fatty spicy food | consume probiotic food | eliminate milk | limit alcohol
AIDS,"muscle wasting, patches in throat, high fever, extra marital contacts",avoid open cuts | wear ppe if possible | consult doctor | follow up
AIDS,"patches in throat, high fever, extra marital contacts",avoid open cuts | wear ppe if possible | consult doctor | follow up
AIDS,"muscle wasting, high fever, extra marital contacts",avoid open cuts | wear ppe if possible | consult doctor | follow up
AIDS,"muscle wasting, patches in throat, extra marital contacts",avoid open cuts | wear ppe if possible | consult doctor | follow up
AIDS,"muscle wasting, patches in throat, high fever",avoid open cuts | wear ppe if possible | consult doctor | follow up
AIDS,"muscle wasting, patches in throat, high fever, extra marital contacts",avoid open cuts | wear ppe if possible | consult doctor | follow up
AIDS,"muscle wasting, patches in throat, high fever, extra marital contacts",avoid open cuts | wear ppe if possible | consult doctor | follow up
AIDS,"patches in throat, high fever, extra marital contacts",avoid open cuts | wear ppe if possible | consult doctor | follow up
AIDS,"muscle wasting, high fever, extra marital contacts",avoid open cuts | wear ppe if possible | consult doctor | follow up
AIDS,"muscle wasting, patches in throat, high fever",avoid open cuts | wear ppe if possible | consult doctor | follow up
Diabetes ,"fatigue, weight loss, restlessness, lethargy, irregular sugar level, blurred and distorted vision, obesity, excessive hunger, increased appetite, polyuria",have balanced diet | exercise | consult doctor | follow up
Diabetes ,"fatigue, weight loss, restlessness, lethargy, irregular sugar level, blurred and distorted vision, obesity, excessive hunger, increased appetite, polyuria",have balanced diet | exercise | consult doctor | follow up
Diabetes ,"weight loss, restlessness, lethargy, irregular sugar level, blurred and distorted vision, obesity, excessive hunger, increased appetite, polyuria",have balanced diet | exercise | consult doctor | follow up
Diabetes ,"fatigue, restlessness, lethargy, irregular sugar level, blurred and distorted vision, obesity, excessive hunger, increased appetite, polyuria",have balanced diet | exercise | consult doctor | follow up
Diabetes ,"fatigue, weight loss, lethargy, irregular sugar level, blurred and distorted vision, obesity, excessive hunger, increased appetite, polyuria",have balanced diet | exercise | consult doctor | follow up
Diabetes ,"fatigue, weight loss, restlessness, irregular sugar level, blurred and distorted vision, obesity, excessive hunger, increased appetite, polyuria",have balanced diet | exercise | consult doctor | follow up
Diabetes ,"fatigue, weight loss, restlessness, lethargy, blurred and distorted vision, obesity, excessive hunger, increased appetite, polyuria",have balanced diet | exercise | consult doctor | follow up
Diabetes ,"fatigue, weight loss, restlessness, lethargy, irregular sugar level, obesity, excessive hunger, increased appetite, polyuria",have balanced diet | exercise | consult doctor | follow up
Diabetes ,"fatigue, weight loss, restlessness, lethargy, irregular sugar level, blurred and distorted vision, excessive hunger, increased appetite, polyuria",have balanced diet | exercise | consult doctor | follow up
Diabetes ,"fatigue, weight loss, restlessness, lethargy, irregular sugar level, blurred and distorted vision, obesity, increased appetite, polyuria",have balanced diet | exercise | consult doctor | follow up
Gastroenteritis,"vomiting, sunken eyes, dehydration, diarrhoea",stop eating solid food for while | try taking small sips of water | rest | ease back into eating
Gastroenteritis,"vomiting, sunken eyes, dehydration, diarrhoea",stop eating solid food for while | try taking small sips of water | rest | ease back into eating
Gastroenteritis,"sunken eyes, dehydration, diarrhoea",stop eating solid food for while | try taking small sips of water | rest | ease back into eating
Gastroenteritis,"vomiting, dehydration, diarrhoea",stop eating solid food for while | try taking small sips of water | rest | ease back into eating
Gastroenteritis,"vomiting, sunken eyes, diarrhoea",stop eating solid food for while | try taking small sips of water | rest | ease back into eating
Gastroenteritis,"vomiting, sunken eyes, dehydration",stop eating solid food for while | try taking small sips of water | rest | ease back into eating
Gastroenteritis,"vomiting, sunken eyes, dehydration, diarrhoea",stop eating solid food for while | try taking small sips of water | rest | ease back into eating
Gastroenteritis,"sunken eyes, dehydration, diarrhoea",stop eating solid food for while | try taking small sips of water | rest | ease back into eating
Gastroenteritis,"vomiting, dehydration, diarrhoea",stop eating solid food for while | try taking small sips of water | rest | ease back into eating
Gastroenteritis,"vomiting, sunken eyes, diarrhoea",stop eating solid food for while | try taking small sips of water | rest | ease back into eating
Bronchial Asthma,"fatigue, cough, high fever, breathlessness, family history, mucoid sputum",switch to loose cloothing | take deep breaths | get away from trigger | seek help
Bronchial Asthma,"cough, high fever, breathlessness, family history, mucoid sputum",switch to loose cloothing | take deep breaths | get away from trigger | seek help
Bronchial Asthma,"fatigue, high fever, breathlessness, family history, mucoid sputum",switch to loose cloothing | take deep breaths | get away from trigger | seek help
Bronchial Asthma,"fatigue, cough, breathlessness, family history, mucoid sputum",switch to loose cloothing | take deep breaths | get away from trigger | seek help
Bronchial Asthma,"fatigue, cough, high fever, family history, mucoid sputum",switch to loose cloothing | take deep breaths | get away from trigger | seek help
Bronchial Asthma,"fatigue, cough, high fever, breathlessness, mucoid sputum",switch to loose cloothing | take deep breaths | get away from trigger | seek help
Bronchial Asthma,"fatigue, cough, high fever, breathlessness, family history",switch to loose cloothing | take deep breaths | get away from trigger | seek help
Bronchial Asthma,"fatigue, cough, high fever, breathlessness, family history, mucoid sputum",switch to loose cloothing | take deep breaths | get away from trigger | seek help
Bronchial Asthma,"cough, high fever, breathlessness, family history, mucoid sputum",switch to loose cloothing | take deep breaths | get away from trigger | seek help
Bronchial Asthma,"fatigue, high fever, breathlessness, family history, mucoid sputum",switch to loose cloothing | take deep breaths | get away from trigger | seek help
Hypertension ,"headache, chest pain, dizziness, loss of balance, lack of concentration",meditation | salt baths | reduce stress | get proper sleep
Hypertension ,"chest pain, dizziness, loss of balance, lack of concentration",meditation | salt baths | reduce stress | get proper sleep
Hypertension ,"headache, dizziness, loss of balance, lack of concentration",meditation | salt baths | reduce stress | get proper sleep
Hypertension ,"headache, chest pain, loss of balance, lack of concentration",meditation | salt baths | reduce stress | get proper sleep
Hypertension ,"headache, chest pain, dizziness, lack of concentration",meditation | salt baths | reduce stress | get proper sleep
Hypertension ,"headache, chest pain, dizziness, loss of balance",meditation | salt baths | reduce stress | get proper sleep
Hypertension ,"headache, chest pain, dizziness, loss of balance, lack of concentration",meditation | salt baths | reduce stress | get proper sleep
Hypertension ,"chest pain, dizziness, loss of balance, lack of concentration",meditation | salt baths | reduce stress | get proper sleep
Hypertension ,"headache, dizziness, loss of balance, lack of concentration",meditation | salt baths | reduce stress | get proper sleep
Hypertension ,"headache, chest pain, loss of balance, lack of concentration",meditation | salt baths | reduce stress | get proper sleep
Migraine,"acidity, indigestion, headache, blurred and distorted vision, excessive hunger, stiff neck, depression, irritability, visual disturbances",meditation | reduce stress | use poloroid glasses in sun | consult doctor
Migraine,"indigestion, headache, blurred and distorted vision, excessive hunger, stiff neck, depression, irritability, visual disturbances",meditation | reduce stress | use poloroid glasses in sun | consult doctor
Migraine,"acidity, headache, blurred and distorted vision, excessive hunger, stiff neck, depression, irritability, visual disturbances",meditation | reduce stress | use poloroid glasses in sun | consult doctor
Migraine,"acidity, indigestion, blurred and distorted vision, excessive hunger, stiff neck, depression, irritability, visual disturbances",meditation | reduce stress | use poloroid glasses in sun | consult doctor
Migraine,"acidity, indigestion, headache, excessive hunger, stiff neck, depression, irritability, visual disturbances",meditation | reduce stress | use poloroid glasses in sun | consult doctor
Migraine,"acidity, indigestion, headache, blurred and distorted vision, stiff neck, depression, irritability, visual disturbances",meditation | reduce stress | use poloroid glasses in sun | consult doctor
Migraine,"acidity, indigestion, headache, blurred and distorted vision, excessive hunger, depression, irritability, visual disturbances",meditation | reduce stress | use poloroid glasses in sun | consult doctor
Migraine,"acidity, indigestion, headache, blurred and distorted vision, excessive hunger, stiff neck, irritability, visual disturbances",meditation | reduce stress | use poloroid glasses in sun | consult doctor
Migraine,"acidity, indigestion, headache, blurred and distorted vision, excessive hunger, stiff neck, depression, visual disturbances",meditation | reduce stress | use poloroid glasses in sun | consult doctor
Migraine,"acidity, indigestion, headache, blurred and distorted vision, excessive hunger, stiff neck, depression, irritability",meditation | reduce stress | use poloroid glasses in sun | consult doctor
Cervical spondylosis,"back pain, weakness in limbs, neck pain, dizziness, loss of balance",use heating pad or cold pack | exercise | take otc pain reliver | consult doctor
Cervical spondylosis,"back pain, weakness in limbs, neck pain, dizziness, loss of balance",use heating pad or cold pack | exercise | take otc pain reliver | consult doctor
Cervical spondylosis,"weakness in limbs, neck pain, dizziness, loss of balance",use heating pad or cold pack | exercise | take otc pain reliver | consult doctor
Cervical spondylosis,"back pain, neck pain, dizziness, loss of balance",use heating pad or cold pack | exercise | take otc pain reliver | consult doctor
Cervical spondylosis,"back pain, weakness in limbs, dizziness, loss of balance",use heating pad or cold pack | exercise | take otc pain reliver | consult doctor
Cervical spondylosis,"back pain, weakness in limbs, neck pain, loss of balance",use heating pad or cold pack | exercise | take otc pain reliver | consult doctor
Cervical spondylosis,"back pain, weakness in limbs, neck pain, dizziness",use heating pad or cold pack | exercise | take otc pain reliver | consult doctor
Cervical spondylosis,"back pain, weakness in limbs, neck pain, dizziness, loss of balance",use heating pad or cold pack | exercise | take otc pain reliver | consult doctor
Cervical spondylosis,"weakness in limbs, neck pain, dizziness, loss of balance",use heating pad or cold pack | exercise | take otc pain reliver | consult doctor
Cervical spondylosis,"back pain, neck pain, dizziness, loss of balance",use heating pad or cold pack | exercise | take otc pain reliver | consult doctor
Paralysis (brain hemorrhage),"vomiting, headache, weakness of one body side, altered sensorium",massage | eat healthy | exercise | consult doctor
Paralysis (brain hemorrhage),"vomiting, headache, weakness of one body side, altered sensorium",massage | eat healthy | exercise | consult doctor
Paralysis (brain hemorrhage),"headache, weakness of one body side, altered sensorium",massage | eat healthy | exercise | consult doctor
Paralysis (brain hemorrhage),"vomiting, weakness of one body side, altered sensorium",massage | eat healthy | exercise | consult doctor
Paralysis (brain hemorrhage),"vomiting, headache, altered sensorium",massage | eat healthy | exercise | consult doctor
Paralysis (brain hemorrhage),"vomiting, headache, weakness of one body side",massage | eat healthy | exercise | consult doctor
Paralysis (brain hemorrhage),"vomiting, headache, weakness of one body side, altered sensorium",massage | eat healthy | exercise | consult doctor
Paralysis (brain hemorrhage),"headache, weakness of one body side, altered sensorium",massage | eat healthy | exercise | consult doctor
Paralysis (brain hemorrhage),"vomiting, weakness of one body side, altered sensorium",massage | eat healthy | exercise | consult doctor
Paralysis (brain hemorrhage),"vomiting, headache, altered sensorium",massage | eat healthy | exercise | consult doctor
Jaundice,"itching, vomiting, fatigue, weight loss, high fever, yellowish skin, dark urine, abdominal pain",drink plenty of water | consume milk thistle | eat fruits and high fiberous food | medication
Jaundice,"itching, vomiting, fatigue, weight loss, high fever, yellowish skin, dark urine, abdominal pain",drink plenty of water | consume milk thistle | eat fruits and high fiberous food | medication
Jaundice,"vomiting, fatigue, weight loss, high fever, yellowish skin, dark urine, abdominal pain",drink plenty of water | consume milk thistle | eat fruits and high fiberous food | medication
Jaundice,"itching, fatigue, weight loss, high fever, yellowish skin, dark urine, abdominal pain",drink plenty of water | consume milk thistle | eat fruits and high fiberous food | medication
Jaundice,"itching, vomiting, weight loss, high fever, yellowish skin, dark urine, abdominal pain",drink plenty of water | consume milk thistle | eat fruits and high fiberous food | medication
Jaundice,"itching, vomiting, fatigue, high fever, yellowish skin, dark urine, abdominal pain",drink plenty of water | consume milk thistle | eat fruits and high fiberous food | medication
Jaundice,"itching, vomiting, fatigue, weight loss, yellowish skin, dark urine, abdominal pain",drink plenty of water | consume milk thistle | eat fruits and high fiberous food | medication
Jaundice,"itching, vomiting, fatigue, weight loss, high fever, dark urine, abdominal pain",drink plenty of water | consume milk thistle | eat fruits and high fiberous food | medication
Jaundice,"itching, vomiting, fatigue, weight loss, high fever, yellowish skin, abdominal pain",drink plenty of water | consume milk thistle | eat fruits and high fiberous food | medication
Jaundice,"itching, vomiting, fatigue, weight loss, high fever, yellowish skin, dark urine",drink plenty of water | consume milk thistle | eat fruits and high fiberous food | medication
Malaria,"chills, vomiting, high fever, sweating, headache, nausea, muscle pain",Consult nearest hospital | avoid oily food | avoid non veg food | keep mosquitos out
Malaria,"chills, vomiting, high fever, sweating, headache, nausea, diarrhoea, muscle pain",Consult nearest hospital | avoid oily food | avoid non veg food | keep mosquitos out
Malaria,"chills, vomiting, high fever, sweating, headache, nausea, diarrhoea, muscle pain",Consult nearest hospital | avoid oily food | avoid non veg food | keep mosquitos out
Malaria,"vomiting, high fever, sweating, headache, nausea, diarrhoea, muscle pain",Consult nearest hospital | avoid oily food | avoid non veg food | keep mosquitos out
Malaria,"chills, high fever, sweating, headache, nausea, diarrhoea, muscle pain",Consult nearest hospital | avoid oily food | avoid non veg food | keep mosquitos out
Malaria,"chills, vomiting, sweating, headache, nausea, diarrhoea, muscle pain",Consult nearest hospital | avoid oily food | avoid non veg food | keep mosquitos out
Malaria,"chills, vomiting, high fever, headache, nausea, diarrhoea, muscle pain",Consult nearest hospital | avoid oily food | avoid non veg food | keep mosquitos out
Malaria,"chills, vomiting, high fever, sweating, nausea, diarrhoea, muscle pain",Consult nearest hospital | avoid oily food | avoid non veg food | keep mosquitos out
Malaria,"chills, vomiting, high fever, sweating, headache, diarrhoea, muscle pain",Consult nearest hospital | avoid oily food | avoid non veg food | keep mosquitos out
Malaria,"chills, vomiting, high fever, sweating, headache, nausea, muscle pain",Consult nearest hospital | avoid oily food | avoid non veg food | keep mosquitos out
Chicken pox,"itching, skin rash, fatigue, lethargy, high fever, headache, loss of appetite, mild fever, swelled lymph nodes, malaise, red spots over body",use neem in bathing | consume neem leaves | take vaccine | avoid public places
Chicken pox,"skin rash, fatigue, lethargy, high fever, headache, loss of appetite, mild fever, swelled lymph nodes, malaise, red spots over body",use neem in bathing | consume neem leaves | take vaccine | avoid public places
Chicken pox,"itching, fatigue, lethargy, high fever, headache, loss of appetite, mild fever, swelled lymph nodes, malaise, red spots over body",use neem in bathing | consume neem leaves | take vaccine | avoid public places
Chicken pox,"itching, skin rash, lethargy, high fever, headache, loss of appetite, mild fever, swelled lymph nodes, malaise, red spots over body",use neem in bathing | consume neem leaves | take vaccine | avoid public places
Chicken pox,"itching, skin rash, fatigue, high fever, headache, loss of appetite, mild fever, swelled lymph nodes, malaise, red spots over body",use neem in bathing | consume neem leaves | take vaccine | avoid public places
Chicken pox,"itching, skin rash, fatigue, lethargy, headache, loss of appetite, mild fever, swelled lymph nodes, malaise, red spots over body",use neem in bathing | consume neem leaves | take vaccine | avoid public places
Chicken pox,"itching, skin rash, fatigue, lethargy, high fever, loss of appetite, mild fever, swelled lymph nodes, malaise, red spots over body",use neem in bathing | consume neem leaves | take vaccine | avoid public places
Chicken pox,"itching, skin rash, fatigue, lethargy, high fever, headache, mild fever, swelled lymph nodes, malaise, red spots over body",use neem in bathing | consume neem leaves | take vaccine | avoid public places
Chicken pox,"itching, skin rash, fatigue, lethargy, high fever, headache, loss of appetite, swelled lymph nodes, malaise, red spots over body",use neem in bathing | consume neem leaves | take vaccine | avoid public places
Chicken pox,"itching, skin rash, fatigue, lethargy, high fever, headache, loss of appetite, mild fever, malaise, red spots over body",use neem in bathing | consume neem leaves | take vaccine | avoid public places
Dengue,"skin rash, chills, joint pain, vomiting, fatigue, high fever, headache, nausea, loss of appetite, pain behind the eyes, back pain, muscle pain, red spots over body",drink papaya leaf juice | avoid fatty spicy food | keep mosquitos away | keep hydrated
Dengue,"skin rash, chills, joint pain, vomiting, fatigue, high fever, headache, nausea, loss of appetite, pain behind the eyes, back pain, malaise, red spots over body",drink papaya leaf juice | avoid fatty spicy food | keep mosquitos away | keep hydrated
Dengue,"skin rash, chills, joint pain, vomiting, fatigue, high fever, headache, nausea, loss of appetite, pain behind the eyes, back pain, malaise, muscle pain",drink papaya leaf juice | avoid fatty spicy food | keep mosquitos away | keep hydrated
Dengue,"skin rash, chills, joint pain, vomiting, fatigue, high fever, headache, nausea, loss of appetite, pain behind the eyes, back pain, malaise, muscle pain, red spots over body",drink papaya leaf juice | avoid fatty spicy food | keep mosquitos away | keep hydrated
Dengue,"chills, joint pain, vomiting, fatigue, high fever, headache, nausea, loss of appetite, pain behind the eyes, back pain, malaise, muscle pain, red spots over body",drink papaya leaf juice | avoid fatty spicy food | keep mosquitos away | keep hydrated
Dengue,"skin rash, joint pain, vomiting, fatigue, high fever, headache, nausea, loss of appetite, pain behind the eyes, back pain, malaise, muscle pain, red spots over body",drink papaya leaf juice | avoid fatty spicy food | keep mosquitos away | keep hydrated
Dengue,"skin rash, chills, vomiting, fatigue, high fever, headache, nausea, loss of appetite, pain behind the eyes, back pain, malaise, muscle pain, red spots over body",drink papaya leaf juice | avoid fatty spicy food | keep mosquitos away | keep hydrated
Dengue,"skin rash, chills, joint pain, fatigue, high fever, headache, nausea, loss of appetite, pain behind the eyes, back pain, malaise, muscle pain, red spots over body",drink papaya leaf juice | avoid fatty spicy food | keep mosquitos away | keep hydrated
Dengue,"skin rash, chills, joint pain, vomiting, high fever, headache, nausea, loss of appetite, pain behind the eyes, back pain, malaise, muscle pain, red spots over body",drink papaya leaf juice | avoid fatty spicy food | keep mosquitos away | keep hydrated
Dengue,"skin rash, chills, joint pain, vomiting, fatigue, headache, nausea, loss of appetite, pain behind the eyes, back pain, malaise, muscle pain, red spots over body",drink papaya leaf juice | avoid fatty spicy food | keep mosquitos away | keep hydrated
Typhoid,"chills, vomiting, fatigue, high fever, nausea, constipation, abdominal pain, diarrhoea, toxic look (typhos), belly pain",eat high calorie vegitables | antiboitic therapy | consult doctor | medication
Typhoid,"chills, vomiting, fatigue, high fever, headache, constipation, abdominal pain, diarrhoea, toxic look (typhos), belly pain",eat high calorie vegitables | antiboitic therapy | consult doctor | medication
Typhoid,"chills, vomiting, fatigue, high fever, headache, nausea, abdominal pain, diarrhoea, toxic look (typhos), belly pain",eat high calorie vegitables | antiboitic therapy | consult doctor | medication
Typhoid,"chills, vomiting, fatigue, high fever, headache, nausea, constipation, diarrhoea, toxic look (typhos), belly pain",eat high calorie vegitables | antiboitic therapy | consult doctor | medication
Typhoid,"chills, vomiting, fatigue, high fever, headache, nausea, constipation, abdominal pain, toxic look (typhos), belly pain",eat high calorie vegitables | antiboitic therapy | consult doctor | medication
Typhoid,"chills, vomiting, fatigue, high fever, headache, nausea, constipation, abdominal pain, diarrhoea, belly pain",eat high calorie vegitables | antiboitic therapy | consult doctor | medication
Typhoid,"chills, vomiting, fatigue, high fever, headache, nausea, constipation, abdominal pain, diarrhoea, toxic look (typhos)",eat high calorie vegitables | antiboitic therapy | consult doctor | medication
Typhoid,"chills, vomiting, fatigue, high fever, headache, nausea, constipation, abdominal pain, diarrhoea, toxic look (typhos), belly pain",eat high calorie vegitables | antiboitic therapy | consult doctor | medication
Typhoid,"chills, vomiting, fatigue, high fever, headache, nausea, constipation, abdominal pain, diarrhoea, toxic look (typhos), belly pain",eat high calorie vegitables | antiboitic therapy | consult doctor | medication
Typhoid,"chills, fatigue, high fever, headache, nausea, constipation, abdominal pain, diarrhoea, toxic look (typhos), belly pain",eat high calorie vegitables | antiboitic therapy | consult doctor | medication
hepatitis A,"joint pain, vomiting, yellowish skin, dark urine, nausea, loss of appetite, abdominal pain, diarrhoea, mild fever, yellowing of eyes, muscle pain",Consult nearest hospital | wash hands through | avoid fatty spicy food | medication
hepatitis A,"joint pain, vomiting, yellowish skin, dark urine, nausea, loss of appetite, abdominal pain, diarrhoea, mild fever, yellowing of eyes, muscle pain",Consult nearest hospital | wash hands through | avoid fatty spicy food | medication
hepatitis A,"vomiting, yellowish skin, dark urine, nausea, loss of appetite, abdominal pain, diarrhoea, mild fever, yellowing of eyes, muscle pain",Consult nearest hospital | wash hands through | avoid fatty spicy food | medication
hepatitis A,"joint pain, yellowish skin, dark urine, nausea, loss of appetite, abdominal pain, diarrhoea, mild fever, yellowing of eyes, muscle pain",Consult nearest hospital | wash hands through | avoid fatty spicy food | medication
hepatitis A,"joint pain, vomiting, dark urine, nausea, loss of appetite, abdominal pain, diarrhoea, mild fever, yellowing of eyes, muscle pain",Consult nearest hospital | wash hands through | avoid fatty spicy food | medication
hepatitis A,"joint pain, vomiting, yellowish skin, nausea, loss of appetite, abdominal pain, diarrhoea, mild fever, yellowing of eyes, muscle pain",Consult nearest hospital | wash hands through | avoid fatty spicy food | medication
hepatitis A,"joint pain, vomiting, yellowish skin, dark urine, loss of appetite, abdominal pain, diarrhoea, mild fever, yellowing of eyes, muscle pain",Consult nearest hospital | wash hands through | avoid fatty spicy food | medication
hepatitis A,"joint pain, vomiting, yellowish skin, dark urine, nausea, abdominal pain, diarrhoea, mild fever, yellowing of eyes, muscle pain",Consult nearest hospital | wash hands through | avoid fatty spicy food | medication
hepatitis A,"joint pain, vomiting, yellowish skin, dark urine, nausea, loss of appetite, diarrhoea, mild fever, yellowing of eyes, muscle pain",Consult nearest hospital | wash hands through | avoid fatty spicy food | medication
hepatitis A,"joint pain, vomiting, yellowish skin, dark urine, nausea, loss of appetite, abdominal pain, mild fever, yellowing of eyes, muscle pain",Consult nearest hospital | wash hands through | avoid fatty spicy food | medication
Hepatitis B,"itching, fatigue, lethargy, yellowish skin, dark urine, loss of appetite, abdominal pain, yellow urine, yellowing of eyes, malaise, receiving blood transfusion, receiving unsterile injections",consult nearest hospital | vaccination | eat healthy | medication
Hepatitis B,"itching, fatigue, lethargy, yellowish skin, dark urine, loss of appetite, abdominal pain, yellow urine, yellowing of eyes, malaise, receiving blood transfusion, receiving unsterile injections",consult nearest hospital | vaccination | eat healthy | medication
Hepatitis B,"fatigue, lethargy, yellowish skin, dark urine, loss of appetite, abdominal pain, yellow urine, yellowing of eyes, malaise, receiving blood transfusion, receiving unsterile injections",consult nearest hospital | vaccination | eat healthy | medication
Hepatitis B,"itching, lethargy, yellowish skin, dark urine, loss of appetite, abdominal pain, yellow urine, yellowing of eyes, malaise, receiving blood transfusion, receiving unsterile injections",consult nearest hospital | vaccination | eat healthy | medication
Hepatitis B,"itching, fatigue, yellowish skin, dark urine, loss of appetite, abdominal pain, yellow urine, yellowing of eyes, malaise, receiving blood transfusion, receiving unsterile injections",consult nearest hospital | vaccination | eat healthy | medication
Hepatitis B,"itching, fatigue, lethargy, dark urine, loss of appetite, abdominal pain, yellow urine, yellowing of eyes, malaise, receiving blood transfusion, receiving unsterile injections",consult nearest hospital | vaccination | eat healthy | medication
Hepatitis B,"itching, fatigue, lethargy, yellowish skin, loss of appetite, abdominal pain, yellow urine, yellowing of eyes, malaise, receiving blood transfusion, receiving unsterile injections",consult nearest hospital | vaccination | eat healthy | medication
Hepatitis B,"itching, fatigue, lethargy, yellowish skin, dark urine, abdominal pain, yellow urine, yellowing of eyes, malaise, receiving blood transfusion, receiving unsterile injections",consult nearest hospital | vaccination | eat healthy | medication
Hepatitis B,"itching, fatigue, lethargy, yellowish skin, dark urine, loss of appetite, yellow urine, yellowing of eyes, malaise, receiving blood transfusion, receiving unsterile injections",consult nearest hospital | vaccination | eat healthy | medication
Hepatitis B,"itching, fatigue, lethargy, yellowish skin, dark urine, loss of appetite, abdominal pain, yellowing of eyes, malaise, receiving blood transfusion, receiving unsterile injections",consult nearest hospital | vaccination | eat healthy | medication
Hepatitis C,"fatigue, yellowish skin, nausea, loss of appetite, family history",Consult nearest hospital | vaccination | eat healthy | medication
Hepatitis C,"fatigue, yellowish skin, nausea, loss of appetite, yellowing of eyes, family history",Consult nearest hospital | vaccination | eat healthy | medication
Hepatitis C,"yellowish skin, nausea, loss of appetite, yellowing of eyes, family history",Consult nearest hospital | vaccination | eat healthy | medication
Hepatitis C,"fatigue, nausea, loss of appetite, yellowing of eyes, family history",Consult nearest hospital | vaccination | eat healthy | medication
Hepatitis C,"fatigue, yellowish skin, loss of appetite, yellowing of eyes, family history",Consult nearest hospital | vaccination | eat healthy | medication
Hepatitis C,"fatigue, yellowish skin, nausea, yellowing of eyes, family history",Consult nearest hospital | vaccination | eat healthy | medication
Hepatitis C,"fatigue, yellowish skin, nausea, loss of appetite, family history",Consult nearest hospital | vaccination | eat healthy | medication
Hepatitis C,"fatigue, yellowish skin, nausea, loss of appetite, yellowing of eyes",Consult nearest hospital | vaccination | eat healthy | medication
Hepatitis C,"fatigue, yellowish skin, nausea, loss of appetite, yellowing of eyes, family history",Consult nearest hospital | vaccination | eat healthy | medication
Hepatitis C,"fatigue, yellowish skin, nausea, loss of appetite, yellowing of eyes, family history",Consult nearest hospital | vaccination | eat healthy | medication
Hepatitis D,"joint pain, vomiting, fatigue, yellowish skin, dark urine, nausea, loss of appetite, abdominal pain, yellowing of eyes",consult doctor | medication | eat healthy | follow up
Hepatitis D,"vomiting, fatigue, yellowish skin, dark urine, nausea, loss of appetite, abdominal pain, yellowing of eyes",consult doctor | medication | eat healthy | follow up
Hepatitis D,"joint pain, fatigue, yellowish skin, dark urine, nausea, loss of appetite, abdominal pain, yellowing of eyes",consult doctor | medication | eat healthy | follow up
Hepatitis D,"joint pain, vomiting, yellowish skin, dark urine, nausea, loss of appetite, abdominal pain, yellowing of eyes",consult doctor | medication | eat healthy | follow up
Hepatitis D,"joint pain, vomiting, fatigue, dark urine, nausea, loss of appetite, abdominal pain, yellowing of eyes",consult doctor | medication | eat healthy | follow up
Hepatitis D,"joint pain, vomiting, fatigue, yellowish skin, nausea, loss of appetite, abdominal pain, yellowing of eyes",consult doctor | medication | eat healthy | follow up
Hepatitis D,"joint pain, vomiting, fatigue, yellowish skin, dark urine, loss of appetite, abdominal pain, yellowing of eyes",consult doctor | medication | eat healthy | follow up
Hepatitis D,"joint pain, vomiting, fatigue, yellowish skin, dark urine, nausea, abdominal pain, yellowing of eyes",consult doctor | medication | eat healthy | follow up
Hepatitis D,"joint pain, vomiting, fatigue, yellowish skin, dark urine, nausea, loss of appetite, yellowing of eyes",consult doctor | medication | eat healthy | follow up
Hepatitis D,"joint pain, vomiting, fatigue, yellowish skin, dark urine, nausea, loss of appetite, abdominal pain",consult doctor | medication | eat healthy | follow up
Hepatitis E,"joint pain, vomiting, fatigue, high fever, yellowish skin, dark urine, nausea, loss of appetite, abdominal pain, yellowing of eyes, coma, stomach bleeding",stop alcohol consumption | rest | consult doctor | medication
Hepatitis E,"joint pain, vomiting, fatigue, high fever, yellowish skin, dark urine, nausea, loss of appetite, abdominal pain, yellowing of eyes, acute liver failure, coma, stomach bleeding",stop alcohol consumption | rest | consult doctor | medication
Hepatitis E,"joint pain, vomiting, fatigue, high fever, yellowish skin, dark urine, nausea, loss of appetite, abdominal pain, yellowing of eyes, acute liver failure, coma, stomach bleeding",stop alcohol consumption | rest | consult doctor | medication
Hepatitis E,"vomiting, fatigue, high fever, yellowish skin, dark urine, nausea, loss of appetite, abdominal pain, yellowing of eyes, acute liver failure, coma, stomach bleeding",stop alcohol consumption | rest | consult doctor | medication
Hepatitis E,"joint pain, fatigue, high fever, yellowish skin, dark urine, nausea, loss of appetite, abdominal pain, yellowing of eyes, acute liver failure, coma, stomach bleeding",stop alcohol consumption | rest | consult doctor | medication
Hepatitis E,"joint pain, vomiting, high fever, yellowish skin, dark urine, nausea, loss of appetite, abdominal pain, yellowing of eyes, acute liver failure, coma, stomach bleeding",stop alcohol consumption | rest | consult doctor | medication
Hepatitis E,"joint pain, vomiting, fatigue, yellowish skin, dark urine, nausea, loss of appetite, abdominal pain, yellowing of eyes, acute liver failure, coma, stomach bleeding",stop alcohol consumption | rest | consult doctor | medication
Hepatitis E,"joint pain, vomiting, fatigue, high fever, dark urine, nausea, loss of appetite, abdominal pain, yellowing of eyes, acute liver failure, coma, stomach bleeding",stop alcohol consumption | rest | consult doctor | medication
Hepatitis E,"joint pain, vomiting, fatigue, high fever, yellowish skin, nausea, loss of appetite, abdominal pain, yellowing of eyes, acute liver failure, coma, stomach bleeding",stop alcohol consumption | rest | consult doctor | medication
Hepatitis E,"joint pain, vomiting, fatigue, high fever, yellowish skin, dark urine, loss of appetite, abdominal pain, yellowing of eyes, acute liver failure, coma, stomach bleeding",stop alcohol consumption | rest | consult doctor | medication
Alcoholic hepatitis,"vomiting, yellowish skin, abdominal pain, swelling of stomach, distention of abdomen, history of alcohol consumption, fluid overload",stop alcohol consumption | consult doctor | medication | follow up
Alcoholic hepatitis,"vomiting, yellowish skin, abdominal pain, swelling of stomach, distention of abdomen, history of alcohol consumption, fluid overload",stop alcohol consumption | consult doctor | medication | follow up
Alcoholic hepatitis,"yellowish skin, abdominal pain, swelling of stomach, distention of abdomen, history of alcohol consumption, fluid overload",stop alcohol consumption | consult doctor | medication | follow up
Alcoholic hepatitis,"vomiting, abdominal pain, swelling of stomach, distention of abdomen, history of alcohol consumption, fluid overload",stop alcohol consumption | consult doctor | medication | follow up
Alcoholic hepatitis,"vomiting, yellowish skin, swelling of stomach, distention of abdomen, history of alcohol consumption, fluid overload",stop alcohol consumption | consult doctor | medication | follow up
Alcoholic hepatitis,"vomiting, yellowish skin, abdominal pain, distention of abdomen, history of alcohol consumption, fluid overload",stop alcohol consumption | consult doctor | medication | follow up
Alcoholic hepatitis,"vomiting, yellowish skin, abdominal pain, swelling of stomach, history of alcohol consumption, fluid overload",stop alcohol consumption | consult doctor | medication | follow up
Alcoholic hepatitis,"vomiting, yellowish skin, abdominal pain, swelling of stomach, distention of abdomen, fluid overload",stop alcohol consumption | consult doctor | medication | follow up
Alcoholic hepatitis,"vomiting, yellowish skin, abdominal pain, swelling of stomach, distention of abdomen, history of alcohol consumption",stop alcohol consumption | consult doctor | medication | follow up
Alcoholic hepatitis,"vomiting, yellowish skin, abdominal pain, swelling of stomach, distention of abdomen, history of alcohol consumption, fluid overload",stop alcohol consumption | consult doctor | medication | follow up
Tuberculosis,"chills, vomiting, fatigue, weight loss, cough, high fever, breathlessness, sweating, loss of appetite, mild fever, yellowing of eyes, swelled lymph nodes, malaise, phlegm, chest pain, blood in sputum",cover mouth | consult doctor | medication | rest
Tuberculosis,"chills, vomiting, fatigue, weight loss, cough, high fever, breathlessness, sweating, loss of appetite, mild fever, yellowing of eyes, swelled lymph nodes, malaise, phlegm, chest pain, blood in sputum",cover mouth | consult doctor | medication | rest
Tuberculosis,"vomiting, fatigue, weight loss, cough, high fever, breathlessness, sweating, loss of appetite, mild fever, yellowing of eyes, swelled lymph nodes, malaise, phlegm, chest pain, blood in sputum",cover mouth | consult doctor | medication | rest
Tuberculosis,"chills, fatigue, weight loss, cough, high fever, breathlessness, sweating, loss of appetite, mild fever, yellowing of eyes, swelled lymph nodes, malaise, phlegm, chest pain, blood in sputum",cover mouth | consult doctor | medication | rest
Tuberculosis,"chills, vomiting, weight loss, cough, high fever, breathlessness, sweating, loss of appetite, mild fever, yellowing of eyes, swelled lymph nodes, malaise, phlegm, chest pain, blood in sputum",cover mouth | consult doctor | medication | rest
Tuberculosis,"chills, vomiting, fatigue, cough, high fever, breathlessness, sweating, loss of appetite, mild fever, yellowing of eyes, swelled lymph nodes, malaise, phlegm, chest pain, blood in sputum",cover mouth | consult doctor | medication | rest
Tuberculosis,"chills, vomiting, fatigue, weight loss, high fever, breathlessness, sweating, loss of appetite, mild fever, yellowing of eyes, swelled lymph nodes, malaise, phlegm, chest pain, blood in sputum",cover mouth | consult doctor | medication | rest
Tuberculosis,"chills, vomiting, fatigue, weight loss, cough, breathlessness, sweating, loss of appetite, mild fever, yellowing of eyes, swelled lymph nodes, malaise, phlegm, chest pain, blood in sputum",cover mouth | consult doctor | medication | rest
Tuberculosis,"chills, vomiting, fatigue, weight loss, cough, high fever, sweating, loss of appetite, mild fever, yellowing of eyes, swelled lymph nodes, malaise, phlegm, chest pain, blood in sputum",cover mouth | consult doctor | medication | rest
Tuberculosis,"chills, vomiting, fatigue, weight loss, cough, high fever, breathlessness, loss of appetite, mild fever, yellowing of eyes, swelled lymph nodes, malaise, phlegm, chest pain, blood in sputum",cover mouth | consult doctor | medication | rest
Common Cold,"continuous sneezing, chills, fatigue, cough, high fever, headache, swelled lymph nodes, malaise, phlegm, throat irritation, redness of eyes, sinus pressure, runny nose, congestion, chest pain, loss of smell, muscle pain",drink vitamin c rich drinks | take vapour | avoid cold food | keep fever in check
Common Cold,"continuous sneezing, chills, fatigue, cough, high fever, headache, swelled lymph nodes, malaise, phlegm, throat irritation, redness of eyes, sinus pressure, runny nose, congestion, chest pain, loss of smell, muscle pain",drink vitamin c rich drinks | take vapour | avoid cold food | keep fever in check
Common Cold,"chills, fatigue, cough, high fever, headache, swelled lymph nodes, malaise, phlegm, throat irritation, redness of eyes, sinus pressure, runny nose, congestion, chest pain, loss of smell, muscle pain",drink vitamin c rich drinks | take vapour | avoid cold food | keep fever in check
Common Cold,"continuous sneezing, fatigue, cough, high fever, headache, swelled lymph nodes, malaise, phlegm, throat irritation, redness of eyes, sinus pressure, runny nose, congestion, chest pain, loss of smell, muscle pain",drink vitamin c rich drinks | take vapour | avoid cold food | keep fever in check
Common Cold,"continuous sneezing, chills, cough, high fever, headache, swelled lymph nodes, malaise, phlegm, throat irritation, redness of eyes, sinus pressure, runny nose, congestion, chest pain, loss of smell, muscle pain",drink vitamin c rich drinks | take vapour | avoid cold food | keep fever in check
Common Cold,"continuous sneezing, chills, fatigue, high fever, headache, swelled lymph nodes, malaise, phlegm, throat irritation, redness of eyes, sinus pressure, runny nose, congestion, chest pain, loss of smell, muscle pain",drink vitamin c rich drinks | take vapour | avoid cold food | keep fever in check
Common Cold,"continuous sneezing, chills, fatigue, cough, headache, swelled lymph nodes, malaise, phlegm, throat irritation, redness of eyes, sinus pressure, runny nose, congestion, chest pain, loss of smell, muscle pain",drink vitamin c rich drinks | take vapour | avoid cold food | keep fever in check
Common Cold,"continuous sneezing, chills, fatigue, cough, high fever, swelled lymph nodes, malaise, phlegm, throat irritation, redness of eyes, sinus pressure, runny nose, congestion, chest pain, loss of smell, muscle pain",drink vitamin c rich drinks | take vapour | avoid cold food | keep fever in check
Common Cold,"continuous sneezing, chills, fatigue, cough, high fever, headache, malaise, phlegm, throat irritation, redness of eyes, sinus pressure, runny nose, congestion, chest pain, loss of smell, muscle pain",drink vitamin c rich drinks | take vapour | avoid cold food | keep fever in check
Common Cold,"continuous sneezing, chills, fatigue, cough, high fever, headache, swelled lymph nodes, phlegm, throat irritation, redness of eyes, sinus pressure, runny nose, congestion, chest pain, loss of smell, muscle pain",drink vitamin c rich drinks | take vapour | avoid cold food | keep fever in check
Pneumonia,"chills, fatigue, cough, high fever, breathlessness, sweating, malaise, chest pain, fast heart rate, rusty sputum",consult doctor | medication | rest | follow up
Pneumonia,"chills, fatigue, cough, high fever, breathlessness, sweating, malaise, phlegm, chest pain, fast heart rate, rusty sputum",consult doctor | medication | rest | follow up
Pneumonia,"chills, fatigue, cough, high fever, breathlessness, sweating, malaise, phlegm, chest pain, fast heart rate, rusty sputum",consult doctor | medication | rest | follow up
Pneumonia,"fatigue, cough, high fever, breathlessness, sweating, malaise, phlegm, chest pain, fast heart rate, rusty sputum",consult doctor | medication | rest | follow up
Pneumonia,"chills, cough, high fever, breathlessness, sweating, malaise, phlegm, chest pain, fast heart rate, rusty sputum",consult doctor | medication | rest | follow up
Pneumonia,"chills, fatigue, high fever, breathlessness, sweating, malaise, phlegm, chest pain, fast heart rate, rusty sputum",consult doctor | medication | rest | follow up
Pneumonia,"chills, fatigue, cough, breathlessness, sweating, malaise, phlegm, chest pain, fast heart rate, rusty sputum",consult doctor | medication | rest | follow up
Pneumonia,"chills, fatigue, cough, high fever, sweating, malaise, phlegm, chest pain, fast heart rate, rusty sputum",consult doctor | medication | rest | follow up
Pneumonia,"chills, fatigue, cough, high fever, breathlessness, malaise, phlegm, chest pain, fast heart rate, rusty sputum",consult doctor | medication | rest | follow up
Pneumonia,"chills, fatigue, cough, high fever, breathlessness, sweating, phlegm, chest pain, fast heart rate, rusty sputum",consult doctor | medication | rest | follow up
Dimorphic hemmorhoids(piles),"constipation, pain during bowel movements, pain in anal region, bloody stool, irritation in anus",avoid fatty spicy food | consume witch hazel | warm bath with epsom salt | consume alovera juice
Dimorphic hemmorhoids(piles),"constipation, pain during bowel movements, pain in anal region, bloody stool, irritation in anus",avoid fatty spicy food | consume witch hazel | warm bath with epsom salt | consume alovera juice
Dimorphic hemmorhoids(piles),"constipation, pain during bowel movements, pain in anal region, bloody stool, irritation in anus",avoid fatty spicy food | consume witch hazel | warm bath with epsom salt | consume alovera juice
Dimorphic hemmorhoids(piles),"pain during bowel movements, pain in anal region, bloody stool, irritation in anus",avoid fatty spicy food | consume witch hazel | warm bath with epsom salt | consume alovera juice
Dimorphic hemmorhoids(piles),"constipation, pain in anal region, bloody stool, irritation in anus",avoid fatty spicy food | consume witch hazel | warm bath with epsom salt | consume alovera juice
Dimorphic hemmorhoids(piles),"constipation, pain during bowel movements, bloody stool, irritation in anus",avoid fatty spicy food | consume witch hazel | warm bath with epsom salt | consume alovera juice
Dimorphic hemmorhoids(piles),"constipation, pain during bowel movements, pain in anal region, irritation in anus",avoid fatty spicy food | consume witch hazel | warm bath with epsom salt | consume alovera juice
Dimorphic hemmorhoids(piles),"constipation, pain during bowel movements, pain in anal region, bloody stool",avoid fatty spicy food | consume witch hazel | warm bath with epsom salt | consume alovera juice
Dimorphic hemmorhoids(piles),"constipation, pain during bowel movements, pain in anal region, bloody stool, irritation in anus",avoid fatty spicy food | consume witch hazel | warm bath with epsom salt | consume alovera juice
Dimorphic hemmorhoids(piles),"constipation, pain during bowel movements, pain in anal region, bloody stool, irritation in anus",avoid fatty spicy food | consume witch hazel | warm bath with epsom salt | consume alovera juice
Heart attack,"vomiting, breathlessness, sweating, chest pain",Consult a doctor | Get adequate rest | Stay hydrated | Follow prescribed treatment
Heart attack,"vomiting, breathlessness, sweating, chest pain",Consult a doctor | Get adequate rest | Stay hydrated | Follow prescribed treatment
Heart attack,"breathlessness, sweating, chest pain",Consult a doctor | Get adequate rest | Stay hydrated | Follow prescribed treatment
Heart attack,"vomiting, sweating, chest pain",Consult a doctor | Get adequate rest | Stay hydrated | Follow prescribed treatment
Heart attack,"vomiting, breathlessness, chest pain",Consult a doctor | Get adequate rest | Stay hydrated | Follow prescribed treatment
Heart attack,"vomiting, breathlessness, sweating",Consult a doctor | Get adequate rest | Stay hydrated | Follow prescribed treatment
Heart attack,"vomiting, breathlessness, sweating, chest pain",Consult a doctor | Get adequate rest | Stay hydrated | Follow prescribed treatment
Heart attack,"breathlessness, sweating, chest pain",Consult a doctor | Get adequate rest | Stay hydrated | Follow prescribed treatment
Heart attack,"vomiting, sweating, chest pain",Consult a doctor | Get adequate rest | Stay hydrated | Follow prescribed treatment
Heart attack,"vomiting, breathlessness, chest pain",Consult a doctor | Get adequate rest | Stay hydrated | Follow prescribed treatment
Varicose veins,"fatigue, cramps, bruising, obesity, swollen legs, swollen blood vessels, prominent veins on calf",lie down flat and raise the leg high | use oinments | use vein compression | dont stand still for long
Varicose veins,"fatigue, cramps, bruising, obesity, swollen legs, swollen blood vessels, prominent veins on calf",lie down flat and raise the leg high | use oinments | use vein compression | dont stand still for long
Varicose veins,"cramps, bruising, obesity, swollen legs, swollen blood vessels, prominent veins on calf",lie down flat and raise the leg high | use oinments | use vein compression | dont stand still for long
Varicose veins,"fatigue, bruising, obesity, swollen legs, swollen blood vessels, prominent veins on calf",lie down flat and raise the leg high | use oinments | use vein compression | dont stand still for long
Varicose veins,"fatigue, cramps, obesity, swollen legs, swollen blood vessels, prominent veins on calf",lie down flat and raise the leg high | use oinments | use vein compression | dont stand still for long
Varicose veins,"fatigue, cramps, bruising, swollen legs, swollen blood vessels, prominent veins on calf",lie down flat and raise the leg high | use oinments | use vein compression | dont stand still for long
Varicose veins,"fatigue, cramps, bruising, obesity, swollen blood vessels, prominent veins on calf",lie down flat and raise the leg high | use oinments | use vein compression | dont stand still for long
Varicose veins,"fatigue, cramps, bruising, obesity, swollen legs, prominent veins on calf",lie down flat and raise the leg high | use oinments | use vein compression | dont stand still for long
Varicose veins,"fatigue, cramps, bruising, obesity, swollen legs, swollen blood vessels",lie down flat and raise the leg high | use oinments | use vein compression | dont stand still for long
Varicose veins,"fatigue, cramps, bruising, obesity, swollen legs, prominent veins on calf",lie down flat and raise the leg high | use oinments | use vein compression | dont stand still for long
Hypothyroidism,"fatigue, weight gain, cold hands and feets, mood swings, lethargy, dizziness, puffy face and eyes, enlarged thyroid, brittle nails, swollen extremeties, depression, irritability, abnormal menstruation",reduce stress | exercise | eat healthy | get proper sleep
Hypothyroidism,"fatigue, weight gain, cold hands and feets, mood swings, lethargy, dizziness, puffy face and eyes, enlarged thyroid, brittle nails, swollen extremeties, depression, irritability, abnormal menstruation",reduce stress | exercise | eat healthy | get proper sleep
Hypothyroidism,"weight gain, cold hands and feets, mood swings, lethargy, dizziness, puffy face and eyes, enlarged thyroid, brittle nails, swollen extremeties, depression, irritability, abnormal menstruation",reduce stress | exercise | eat healthy | get proper sleep
Hypothyroidism,"weight gain, cold hands and feets, mood swings, lethargy, dizziness, puffy face and eyes, enlarged thyroid, brittle nails, swollen extremeties, depression, irritability, abnormal menstruation",reduce stress | exercise | eat healthy | get proper sleep
Hypothyroidism,"fatigue, cold hands and feets, mood swings, lethargy, dizziness, puffy face and eyes, enlarged thyroid, brittle nails, swollen extremeties, depression, irritability, abnormal menstruation",reduce stress | exercise | eat healthy | get proper sleep
Hypothyroidism,"fatigue, weight gain, mood swings, lethargy, dizziness, puffy face and eyes, enlarged thyroid, brittle nails, swollen extremeties, depression, irritability, abnormal menstruation",reduce stress | exercise | eat healthy | get proper sleep
Hypothyroidism,"fatigue, weight gain, cold hands and feets, lethargy, dizziness, puffy face and eyes, enlarged thyroid, brittle nails, swollen extremeties, depression, irritability, abnormal menstruation",reduce stress | exercise | eat healthy | get proper sleep
Hypothyroidism,"fatigue, weight gain, cold hands and feets, mood swings, dizziness, puffy face and eyes, enlarged thyroid, brittle nails, swollen extremeties, depression, irritability, abnormal menstruation",reduce stress | exercise | eat healthy | get proper sleep
Hypothyroidism,"fatigue, weight gain, cold hands and feets, mood swings, lethargy, puffy face and eyes, enlarged thyroid, brittle nails, swollen extremeties, depression, irritability, abnormal menstruation",reduce stress | exercise | eat healthy | get proper sleep
Hypothyroidism,"fatigue, weight gain, cold hands and feets, mood swings, lethargy, dizziness, enlarged thyroid, brittle nails, swollen extremeties, depression, irritability, abnormal menstruation",reduce stress | exercise | eat healthy | get proper sleep
Hyperthyroidism,"fatigue, mood swings, weight loss, restlessness, sweating, diarrhoea, fast heart rate, excessive hunger, muscle weakness, irritability, abnormal menstruation",eat healthy | massage | use lemon balm | take radioactive iodine treatment
Hyperthyroidism,"fatigue, mood swings, weight loss, restlessness, sweating, diarrhoea, fast heart rate, excessive hunger, muscle weakness, irritability, abnormal menstruation",eat healthy | massage | use lemon balm | take radioactive iodine treatment
Hyperthyroidism,"mood swings, weight loss, restlessness, sweating, diarrhoea, fast heart rate, excessive hunger, muscle weakness, irritability, abnormal menstruation",eat healthy | massage | use lemon balm | take radioactive iodine treatment
Hyperthyroidism,"fatigue, weight loss, restlessness, sweating, diarrhoea, fast heart rate, excessive hunger, muscle weakness, irritability, abnormal menstruation",eat healthy | massage | use lemon balm | take radioactive iodine treatment
Hyperthyroidism,"fatigue, mood swings, restlessness, sweating, diarrhoea, fast heart rate, excessive hunger, muscle weakness, irritability, abnormal menstruation",eat healthy | massage | use lemon balm | take radioactive iodine treatment
Hyperthyroidism,"fatigue, mood swings, weight loss, sweating, diarrhoea, fast heart rate, excessive hunger, muscle weakness, irritability, abnormal menstruation",eat healthy | massage | use lemon balm | take radioactive iodine treatment
Hyperthyroidism,"fatigue, mood swings, weight loss, restlessness, diarrhoea, fast heart rate, excessive hunger, muscle weakness, irritability, abnormal menstruation",eat healthy | massage | use lemon balm | take radioactive iodine treatment
Hyperthyroidism,"fatigue, mood swings, weight loss, restlessness, sweating, fast heart rate, excessive hunger, muscle weakness, irritability, abnormal menstruation",eat healthy | massage | use lemon balm | take radioactive iodine treatment
Hyperthyroidism,"fatigue, mood swings, weight loss, restlessness, sweating, diarrhoea, excessive hunger, muscle weakness, irritability, abnormal menstruation",eat healthy | massage | use lemon balm | take radioactive iodine treatment
Hyperthyroidism,"fatigue, mood swings, weight loss, restlessness, sweating, diarrhoea, fast heart rate, muscle weakness, irritability, abnormal menstruation",eat healthy | massage | use lemon balm | take radioactive iodine treatment
Hypoglycemia,"vomiting, fatigue, anxiety, sweating, headache, nausea, blurred and distorted vision, excessive hunger, slurred speech, irritability, palpitations",lie down on side | check in pulse | drink sugary drinks | consult doctor
Hypoglycemia,"vomiting, fatigue, anxiety, sweating, headache, nausea, blurred and distorted vision, excessive hunger, drying and tingling lips, slurred speech, irritability, palpitations",lie down on side | check in pulse | drink sugary drinks | consult doctor
Hypoglycemia,"vomiting, fatigue, anxiety, sweating, headache, nausea, blurred and distorted vision, excessive hunger, drying and tingling lips, slurred speech, irritability, palpitations",lie down on side | check in pulse | drink sugary drinks | consult doctor
Hypoglycemia,"fatigue, anxiety, sweating, headache, nausea, blurred and distorted vision, excessive hunger, drying and tingling lips, slurred speech, irritability, palpitations",lie down on side | check in pulse | drink sugary drinks | consult doctor
Hypoglycemia,"vomiting, anxiety, sweating, headache, nausea, blurred and distorted vision, excessive hunger, drying and tingling lips, slurred speech, irritability, palpitations",lie down on side | check in pulse | drink sugary drinks | consult doctor
Hypoglycemia,"vomiting, fatigue, sweating, headache, nausea, blurred and distorted vision, excessive hunger, drying and tingling lips, slurred speech, irritability, palpitations",lie down on side | check in pulse | drink sugary drinks | consult doctor
Hypoglycemia,"vomiting, fatigue, anxiety, headache, nausea, blurred and distorted vision, excessive hunger, drying and tingling lips, slurred speech, irritability, palpitations",lie down on side | check in pulse | drink sugary drinks | consult doctor
Hypoglycemia,"vomiting, fatigue, anxiety, sweating, nausea, blurred and distorted vision, excessive hunger, drying and tingling lips, slurred speech, irritability, palpitations",lie down on side | check in pulse | drink sugary drinks | consult doctor
Hypoglycemia,"vomiting, fatigue, anxiety, sweating, headache, blurred and distorted vision, excessive hunger, drying and tingling lips, slurred speech, irritability, palpitations",lie down on side | check in pulse | drink sugary drinks | consult doctor
Hypoglycemia,"vomiting, fatigue, anxiety, sweating, headache, nausea, excessive hunger, drying and tingling lips, slurred speech, irritability, palpitations",lie down on side | check in pulse | drink sugary drinks | consult doctor
Osteoarthristis,"joint pain, neck pain, knee pain, hip joint pain, swelling joints, painful walking",acetaminophen | consult nearest hospital | follow up | salt baths
Osteoarthristis,"joint pain, neck pain, knee pain, hip joint pain, swelling joints, painful walking",acetaminophen | consult nearest hospital | follow up | salt baths
Osteoarthristis,"neck pain, knee pain, hip joint pain, swelling joints, painful walking",acetaminophen | consult nearest hospital | follow up | salt baths
Osteoarthristis,"joint pain, knee pain, hip joint pain, swelling joints, painful walking",acetaminophen | consult nearest hospital | follow up | salt baths
Osteoarthristis,"joint pain, neck pain, hip joint pain, swelling joints, painful walking",acetaminophen | consult nearest hospital | follow up | salt baths
Osteoarthristis,"joint pain, neck pain, knee pain, swelling joints, painful walking",acetaminophen | consult nearest hospital | follow up | salt baths
Osteoarthristis,"joint pain, neck pain, knee pain, hip joint pain, painful walking",acetaminophen | consult nearest hospital | follow up | salt baths
Osteoarthristis,"joint pain, neck pain, knee pain, hip joint pain, swelling joints",acetaminophen | consult nearest hospital | follow up | salt baths
Osteoarthristis,"joint pain, neck pain, knee pain, hip joint pain, swelling joints, painful walking",acetaminophen | consult nearest hospital | follow up | salt baths
Osteoarthristis,"joint pain, neck pain, knee pain, hip joint pain, swelling joints, painful walking",acetaminophen | consult nearest hospital | follow up | salt baths
Arthritis,"muscle weakness, stiff neck, swelling joints, movement stiffness, painful walking",exercise | use hot and cold therapy | try acupuncture | massage
Arthritis,"muscle weakness, stiff neck, swelling joints, movement stiffness, painful walking",exercise | use hot and cold therapy | try acupuncture | massage
Arthritis,"stiff neck, swelling joints, movement stiffness, painful walking",exercise | use hot and cold therapy | try acupuncture | massage
Arthritis,"muscle weakness, swelling joints, movement stiffness, painful walking",exercise | use hot and cold therapy | try acupuncture | massage
Arthritis,"muscle weakness, stiff neck, movement stiffness, painful walking",exercise | use hot and cold therapy | try acupuncture | massage
Arthritis,"muscle weakness, stiff neck, swelling joints, painful walking",exercise | use hot and cold therapy | try acupuncture | massage
Arthritis,"muscle weakness, stiff neck, swelling joints, movement stiffness, painful walking",exercise | use hot and cold therapy | try acupuncture | massage
Arthritis,"muscle weakness, stiff neck, swelling joints, movement stiffness",exercise | use hot and cold therapy | try acupuncture | massage
Arthritis,"muscle weakness, stiff neck, swelling joints, movement stiffness, painful walking",exercise | use hot and cold therapy | try acupuncture | massage
Arthritis,"muscle weakness, stiff neck, swelling joints, movement stiffness, painful walking",exercise | use hot and cold therapy | try acupuncture | massage
(vertigo) Paroymsal  Positional Vertigo,"vomiting, headache, nausea, spinning movements, loss of balance, unsteadiness",lie down | avoid sudden change in body | avoid abrupt head movment | relax
(vertigo) Paroymsal  Positional Vertigo,"vomiting, headache, nausea, spinning movements, loss of balance, unsteadiness",lie down | avoid sudden change in body | avoid abrupt head movment | relax
(vertigo) Paroymsal  Positional Vertigo,"headache, nausea, spinning movements, loss of balance, unsteadiness",lie down | avoid sudden change in body | avoid abrupt head movment | relax
(vertigo) Paroymsal  Positional Vertigo,"vomiting, nausea, spinning movements, loss of balance, unsteadiness",lie down | avoid sudden change in body | avoid abrupt head movment | relax
(vertigo) Paroymsal  Positional Vertigo,"vomiting, headache, spinning movements, loss of balance, unsteadiness",lie down | avoid sudden change in body | avoid abrupt head movment | relax
(vertigo) Paroymsal  Positional Vertigo,"vomiting, headache, nausea, loss of balance, unsteadiness",lie down | avoid sudden change in body | avoid abrupt head movment | relax
(vertigo) Paroymsal  Positional Vertigo,"vomiting, headache, nausea, spinning movements, unsteadiness",lie down | avoid sudden change in body | avoid abrupt head movment | relax
(vertigo) Paroymsal  Positional Vertigo,"vomiting, headache, nausea, spinning movements, loss of balance",lie down | avoid sudden change in body | avoid abrupt head movment | relax
(vertigo) Paroymsal  Positional Vertigo,"vomiting, headache, nausea, spinning movements, loss of balance, unsteadiness",lie down | avoid sudden change in body | avoid abrupt head movment | relax
(vertigo) Paroymsal  Positional Vertigo,"vomiting, headache, nausea, loss of balance, unsteadiness",lie down | avoid sudden change in body | avoid abrupt head movment | relax
Acne,"skin rash, pus filled pimples, blackheads, scurring",bath twice | avoid fatty spicy food | drink plenty of water | avoid too many products
Acne,"skin rash, pus filled pimples, blackheads, scurring",bath twice | avoid fatty spicy food | drink plenty of water | avoid too many products
Acne,"pus filled pimples, blackheads, scurring",bath twice | avoid fatty spicy food | drink plenty of water | avoid too many products
Acne,"skin rash, blackheads, scurring",bath twice | avoid fatty spicy food | drink plenty of water | avoid too many products
Acne,"skin rash, pus filled pimples, scurring",bath twice | avoid fatty spicy food | drink plenty of water | avoid too many products
Acne,"skin rash, pus filled pimples, blackheads",bath twice | avoid fatty spicy food | drink plenty of water | avoid too many products
Acne,"skin rash, pus filled pimples, blackheads, scurring",bath twice | avoid fatty spicy food | drink plenty of water | avoid too many products
Acne,"skin rash, pus filled pimples, blackheads",bath twice | avoid fatty spicy food | drink plenty of water | avoid too many products
Acne,"skin rash, pus filled pimples, scurring",bath twice | avoid fatty spicy food | drink plenty of water | avoid too many products
Acne,"skin rash, blackheads, scurring",bath twice | avoid fatty spicy food | drink plenty of water | avoid too many products
Urinary tract infection,"burning micturition, bladder discomfort, foul smell of urine, continuous feel of urine",drink plenty of water | increase vitamin c intake | drink cranberry juice | take probiotics
Urinary tract infection,"burning micturition, bladder discomfort, foul smell of urine, continuous feel of urine",drink plenty of water | increase vitamin c intake | drink cranberry juice | take probiotics
Urinary tract infection,"bladder discomfort, foul smell of urine, continuous feel of urine",drink plenty of water | increase vitamin c intake | drink cranberry juice | take probiotics
Urinary tract infection,"burning micturition, foul smell of urine, continuous feel of urine",drink plenty of water | increase vitamin c intake | drink cranberry juice | take probiotics
Urinary tract infection,"burning micturition, bladder discomfort, continuous feel of urine",drink plenty of water | increase vitamin c intake | drink cranberry juice | take probiotics
Urinary tract infection,"burning micturition, bladder discomfort, foul smell of urine",drink plenty of water | increase vitamin c intake | drink cranberry juice | take probiotics
Urinary tract infection,"burning micturition, bladder discomfort, foul smell of urine, continuous feel of urine",drink plenty of water | increase vitamin c intake | drink cranberry juice | take probiotics
Urinary tract infection,"burning micturition, bladder discomfort, continuous feel of urine",drink plenty of water | increase vitamin c intake | drink cranberry juice | take probiotics
Urinary tract infection,"bladder discomfort, foul smell of urine, continuous feel of urine",drink plenty of water | increase vitamin c intake | drink cranberry juice | take probiotics
Urinary tract infection,"burning micturition, bladder discomfort, continuous feel of urine",drink plenty of water | increase vitamin c intake | drink cranberry juice | take probiotics
Psoriasis,"skin rash, joint pain, skin peeling, silver like dusting, small dents in nails, inflammatory nails",wash hands with warm soapy water | stop bleeding using pressure | consult doctor | salt baths
Psoriasis,"skin rash, joint pain, skin peeling, silver like dusting, small dents in nails, inflammatory nails",wash hands with warm soapy water | stop bleeding using pressure | consult doctor | salt baths
Psoriasis,"joint pain, skin peeling, silver like dusting, small dents in nails, inflammatory nails",wash hands with warm soapy water | stop bleeding using pressure | consult doctor | salt baths
Psoriasis,"skin rash, skin peeling, silver like dusting, small dents in nails, inflammatory nails",wash hands with warm soapy water | stop bleeding using pressure | consult doctor | salt baths
Psoriasis,"skin rash, joint pain, silver like dusting, small dents in nails, inflammatory nails",wash hands with warm soapy water | stop bleeding using pressure | consult doctor | salt baths
Psoriasis,"skin rash, joint pain, skin peeling, small dents in nails, inflammatory nails",wash hands with warm soapy water | stop bleeding using pressure | consult doctor | salt baths
Psoriasis,"skin rash, joint pain, skin peeling, silver like dusting, inflammatory nails",wash hands with warm soapy water | stop bleeding using pressure | consult doctor | salt baths
Psoriasis,"skin rash, joint pain, skin peeling, silver like dusting, small dents in nails",wash hands with warm soapy water | stop bleeding using pressure | consult doctor | salt baths
Psoriasis,"skin rash, joint pain, skin peeling, silver like dusting, small dents in nails, inflammatory nails",wash hands with warm soapy water | stop bleeding using pressure | consult doctor | salt baths
Psoriasis,"skin rash, joint pain, skin peeling, silver like dusting, small dents in nails, inflammatory nails",wash hands with warm soapy water | stop bleeding using pressure | consult doctor | salt baths
Impetigo,"skin rash, high fever, blister, red sore around nose, yellow crust ooze",soak affected area in warm water | use antibiotics | remove scabs with wet compressed cloth | consult doctor
Impetigo,"skin rash, high fever, blister, red sore around nose, yellow crust ooze",soak affected area in warm water | use antibiotics | remove scabs with wet compressed cloth | consult doctor
Impetigo,"high fever, blister, red sore around nose, yellow crust ooze",soak affected area in warm water | use antibiotics | remove scabs with wet compressed cloth | consult doctor
Impetigo,"skin rash, blister, red sore around nose, yellow crust ooze",soak affected area in warm water | use antibiotics | remove scabs with wet compressed cloth | consult doctor
Impetigo,"skin rash, blister, red sore around nose, yellow crust ooze",soak affected area in warm water | use antibiotics | remove scabs with wet compressed cloth | consult doctor
Impetigo,"skin rash, high fever, red sore around nose, yellow crust ooze",soak affected area in warm water | use antibiotics | remove scabs with wet compressed cloth | consult doctor
Impetigo,"skin rash, high fever, blister, yellow crust ooze",soak affected area in warm water | use antibiotics | remove scabs with wet compressed cloth | consult doctor
Impetigo,"skin rash, high fever, blister, red sore around nose",soak affected area in warm water | use antibiotics | remove scabs with wet compressed cloth | consult doctor
Impetigo,"skin rash, high fever, blister, red sore around nose, yellow crust ooze",soak affected area in warm water | use antibiotics | remove scabs with wet compressed cloth | consult doctor
Impetigo,"skin rash, blister, red sore around nose, yellow crust ooze",soak affected area in warm water | use antibiotics | remove scabs with wet compressed cloth | consult doctor
Fungal infection,"itching, skin rash, nodal skin eruptions, dischromic  patches",bath twice | use detol or neem in bathing water | keep infected area dry | use clean cloths
Fungal infection,"skin rash, nodal skin eruptions, dischromic  patches",bath twice | use detol or neem in bathing water | keep infected area dry | use clean cloths
Fungal infection,"itching, nodal skin eruptions, dischromic  patches",bath twice | use detol or neem in bathing water | keep infected area dry | use clean cloths
Fungal infection,"itching, skin rash, dischromic  patches",bath twice | use detol or neem in bathing water | keep infected area dry | use clean cloths
Fungal infection,"itching, skin rash, nodal skin eruptions",bath twice | use detol or neem in bathing water | keep infected area dry | use clean cloths
Fungal infection,"skin rash, nodal skin eruptions, dischromic  patches",bath twice | use detol or neem in bathing water | keep infected area dry | use clean cloths
Fungal infection,"itching, nodal skin eruptions, dischromic  patches",bath twice | use detol or neem in bathing water | keep infected area dry | use clean cloths
Fungal infection,"itching, skin rash, dischromic  patches",bath twice | use detol or neem in bathing water | keep infected area dry | use clean cloths
Fungal infection,"itching, skin rash, nodal skin eruptions",bath twice | use detol or neem in bathing water | keep infected area dry | use clean cloths
Fungal infection,"itching, skin rash, nodal skin eruptions, dischromic  patches",bath twice | use detol or neem in bathing water | keep infected area dry | use clean cloths
Allergy,"continuous sneezing, shivering, chills, watering from eyes",Consult a doctor | Get adequate rest | Stay hydrated | Follow prescribed treatment
Allergy,"shivering, chills, watering from eyes",Consult a doctor | Get adequate rest | Stay hydrated | Follow prescribed treatment
Allergy,"continuous sneezing, chills, watering from eyes",Consult a doctor | Get adequate rest | Stay hydrated | Follow prescribed treatment
Allergy,"continuous sneezing, shivering, watering from eyes",Consult a doctor | Get adequate rest | Stay hydrated | Follow prescribed treatment
Allergy,"continuous sneezing, shivering, chills",Consult a doctor | Get adequate rest | Stay hydrated | Follow prescribed treatment
Allergy,"shivering, chills, watering from eyes",Consult a doctor | Get adequate rest | Stay hydrated | Follow prescribed treatment
Allergy,"continuous sneezing, chills, watering from eyes",Consult a doctor | Get adequate rest | Stay hydrated | Follow prescribed treatment
Allergy,"continuous sneezing, shivering, watering from eyes",Consult a doctor | Get adequate rest | Stay hydrated | Follow prescribed treatment
Allergy,"continuous sneezing, shivering, chills",Consult a doctor | Get adequate rest | Stay hydrated | Follow prescribed treatment
Allergy,"continuous sneezing, shivering, chills, watering from eyes",Consult a doctor | Get adequate rest | Stay hydrated | Follow prescribed treatment
GERD,"stomach pain, acidity, ulcers on tongue, vomiting, cough, chest pain",avoid fatty spicy food | avoid lying down after eating | maintain healthy weight | exercise
GERD,"stomach pain, ulcers on tongue, vomiting, cough, chest pain",avoid fatty spicy food | avoid lying down after eating | maintain healthy weight | exercise
GERD,"stomach pain, acidity, vomiting, cough, chest pain",avoid fatty spicy food | avoid lying down after eating | maintain healthy weight | exercise
GERD,"stomach pain, acidity, ulcers on tongue, cough, chest pain",avoid fatty spicy food | avoid lying down after eating | maintain healthy weight | exercise
GERD,"stomach pain, acidity, ulcers on tongue, vomiting, chest pain",avoid fatty spicy food | avoid lying down after eating | maintain healthy weight | exercise
GERD,"stomach pain, acidity, ulcers on tongue, vomiting, cough",avoid fatty spicy food | avoid lying down after eating | maintain healthy weight | exercise
GERD,"acidity, ulcers on tongue, vomiting, cough, chest pain",avoid fatty spicy food | avoid lying down after eating | maintain healthy weight | exercise
GERD,"stomach pain, ulcers on tongue, vomiting, cough, chest pain",avoid fatty spicy food | avoid lying down after eating | maintain healthy weight | exercise
GERD,"stomach pain, acidity, vomiting, cough, chest pain",avoid fatty spicy food | avoid lying down after eating | maintain healthy weight | exercise
GERD,"stomach pain, acidity, ulcers on tongue, cough, chest pain",avoid fatty spicy food | avoid lying down after eating | maintain healthy weight | exercise
Chronic cholestasis,"itching, vomiting, yellowish skin, nausea, loss of appetite, abdominal pain, yellowing of eyes",cold baths | anti itch medicine | consult doctor | eat healthy
Chronic cholestasis,"vomiting, yellowish skin, nausea, loss of appetite, abdominal pain, yellowing of eyes",cold baths | anti itch medicine | consult doctor | eat healthy
Chronic cholestasis,"itching, yellowish skin, nausea, loss of appetite, abdominal pain, yellowing of eyes",cold baths | anti itch medicine | consult doctor | eat healthy
Chronic cholestasis,"itching, vomiting, nausea, loss of appetite, abdominal pain, yellowing of eyes",cold baths | anti itch medicine | consult doctor | eat healthy
Chronic cholestasis,"itching, vomiting, yellowish skin, loss of appetite, abdominal pain, yellowing of eyes",cold baths | anti itch medicine | consult doctor | eat healthy
Chronic cholestasis,"itching, vomiting, yellowish skin, nausea, abdominal pain, yellowing of eyes",cold baths | anti itch medicine | consult doctor | eat healthy
Chronic cholestasis,"itching, vomiting, yellowish skin, nausea, loss of appetite, yellowing of eyes",cold baths | anti itch medicine | consult doctor | eat healthy
Chronic cholestasis,"itching, vomiting, yellowish skin, nausea, loss of appetite, abdominal pain",cold baths | anti itch medicine | consult doctor | eat healthy
Chronic cholestasis,"itching, vomiting, yellowish skin, nausea, loss of appetite, abdominal pain, yellowing of eyes",cold baths | anti itch medicine | consult doctor | eat healthy
Chronic cholestasis,"itching, vomiting, yellowish skin, nausea, loss of appetite, abdominal pain, yellowing of eyes",cold baths | anti itch medicine | consult doctor | eat healthy
Drug Reaction,"itching, skin rash, stomach pain, burning micturition, spotting  urination",Consult a doctor | Get adequate rest | Stay hydrated | Follow prescribed treatment
Drug Reaction,"itching, stomach pain, burning micturition, spotting  urination",Consult a doctor | Get adequate rest | Stay hydrated | Follow prescribed treatment
Drug Reaction,"itching, skin rash, burning micturition, spotting  urination",Consult a doctor | Get adequate rest | Stay hydrated | Follow prescribed treatment
Drug Reaction,"itching, skin rash, stomach pain, spotting  urination",Consult a doctor | Get adequate rest | Stay hydrated | Follow prescribed treatment
Drug Reaction,"itching, skin rash, stomach pain, burning micturition",Consult a doctor | Get adequate rest | Stay hydrated | Follow prescribed treatment
Drug Reaction,"skin rash, stomach pain, burning micturition, spotting  urination",Consult a doctor | Get adequate rest | Stay hydrated | Follow prescribed treatment
Drug Reaction,"itching, stomach pain, burning micturition, spotting  urination",Consult a doctor | Get adequate rest | Stay hydrated | Follow prescribed treatment
Drug Reaction,"itching, skin rash, burning micturition, spotting  urination",Consult a doctor | Get adequate rest | Stay hydrated | Follow prescribed treatment
Drug Reaction,"itching, skin rash, stomach pain, spotting  urination",Consult a doctor | Get adequate rest | Stay hydrated | Follow prescribed treatment
Drug Reaction,"itching, skin rash, stomach pain, burning micturition",Consult a doctor | Get adequate rest | Stay hydrated | Follow prescribed treatment
Peptic ulcer diseae,"vomiting, loss of appetite, abdominal pain, passage of gases, internal itching",avoid fatty spicy food | consume probiotic food | eliminate milk | limit alcohol
Peptic ulcer diseae,"vomiting, indigestion, abdominal pain, passage of gases, internal itching",avoid fatty spicy food | consume probiotic food | eliminate milk | limit alcohol
Peptic ulcer diseae,"indigestion, loss of appetite, abdominal pain, passage of gases, internal itching",avoid fatty spicy food | consume probiotic food | eliminate milk | limit alcohol
Peptic ulcer diseae,"vomiting, loss of appetite, abdominal pain, passage of gases, internal itching",avoid fatty spicy food | consume probiotic food | eliminate milk | limit alcohol
Peptic ulcer diseae,"vomiting, indigestion, abdominal pain, passage of gases, internal itching",avoid fatty spicy food | consume probiotic food | eliminate milk | limit alcohol
Peptic ulcer diseae,"vomiting, indigestion, loss of appetite, passage of gases, internal itching",avoid fatty spicy food | consume probiotic food | eliminate milk | limit alcohol
Peptic ulcer diseae,"vomiting, indigestion, loss of appetite, abdominal pain, internal itching",avoid fatty spicy food | consume probiotic food | eliminate milk | limit alcohol
Peptic ulcer diseae,"vomiting, indigestion, loss of appetite, abdominal pain, passage of gases",avoid fatty spicy food | consume probiotic food | eliminate milk | limit alcohol
Peptic ulcer diseae,"vomiting, indigestion, loss of appetite, abdominal pain, passage of gases, internal itching",avoid fatty spicy food | consume probiotic food | eliminate milk | limit alcohol
Peptic ulcer diseae,"vomiting, indigestion, loss of appetite, abdominal pain, passage of gases, internal itching",avoid fatty spicy food | consume probiotic food | eliminate milk | limit alcohol
AIDS,"muscle wasting, patches in throat, high fever, extra marital contacts",avoid open cuts | wear ppe if possible | consult doctor | follow up
AIDS,"patches in throat, high fever, extra marital contacts",avoid open cuts | wear ppe if possible | consult doctor | follow up
AIDS,"muscle wasting, high fever, extra marital contacts",avoid open cuts | wear ppe if possible | consult doctor | follow up
AIDS,"muscle wasting, patches in throat, extra marital contacts",avoid open cuts | wear ppe if possible | consult doctor | follow up
AIDS,"muscle wasting, patches in throat, high fever",avoid open cuts | wear ppe if possible | consult doctor | follow up
AIDS,"muscle wasting, patches in throat, high fever, extra marital contacts",avoid open cuts | wear ppe if possible | consult doctor | follow up
AIDS,"muscle wasting, patches in throat, high fever, extra marital contacts",avoid open cuts | wear ppe if possible | consult doctor | follow up
AIDS,"patches in throat, high fever, extra marital contacts",avoid open cuts | wear ppe if possible | consult doctor | follow up
AIDS,"muscle wasting, high fever, extra marital contacts",avoid open cuts | wear ppe if possible | consult doctor | follow up
AIDS,"muscle wasting, patches in throat, high fever",avoid open cuts | wear ppe if possible | consult doctor | follow up
Diabetes ,"fatigue, weight loss, restlessness, lethargy, irregular sugar level, blurred and distorted vision, obesity, excessive hunger, increased appetite, polyuria",have balanced diet | exercise | consult doctor | follow up
Diabetes ,"fatigue, weight loss, restlessness, lethargy, irregular sugar level, blurred and distorted vision, obesity, excessive hunger, increased appetite, polyuria",have balanced diet | exercise | consult doctor | follow up
Diabetes ,"weight loss, restlessness, lethargy, irregular sugar level, blurred and distorted vision, obesity, excessive hunger, increased appetite, polyuria",have balanced diet | exercise | consult doctor | follow up
Diabetes ,"fatigue, restlessness, lethargy, irregular sugar level, blurred and distorted vision, obesity, excessive hunger, increased appetite, polyuria",have balanced diet | exercise | consult doctor | follow up
Diabetes ,"fatigue, weight loss, lethargy, irregular sugar level, blurred and distorted vision, obesity, excessive hunger, increased appetite, polyuria",have balanced diet | exercise | consult doctor | follow up
Diabetes ,"fatigue, weight loss, restlessness, irregular sugar level, blurred and distorted vision, obesity, excessive hunger, increased appetite, polyuria",have balanced diet | exercise | consult doctor | follow up
Diabetes ,"fatigue, weight loss, restlessness, lethargy, blurred and distorted vision, obesity, excessive hunger, increased appetite, polyuria",have balanced diet | exercise | consult doctor | follow up
Diabetes ,"fatigue, weight loss, restlessness, lethargy, irregular sugar level, obesity, excessive hunger, increased appetite, polyuria",have balanced diet | exercise | consult doctor | follow up
Diabetes ,"fatigue, weight loss, restlessness, lethargy, irregular sugar level, blurred and distorted vision, excessive hunger, increased appetite, polyuria",have balanced diet | exercise | consult doctor | follow up
Diabetes ,"fatigue, weight loss, restlessness, lethargy, irregular sugar level, blurred and distorted vision, obesity, increased appetite, polyuria",have balanced diet | exercise | consult doctor | follow up
Gastroenteritis,"vomiting, sunken eyes, dehydration, diarrhoea",stop eating solid food for while | try taking small sips of water | rest | ease back into eating
Gastroenteritis,"vomiting, sunken eyes, dehydration, diarrhoea",stop eating solid food for while | try taking small sips of water | rest | ease back into eating
Gastroenteritis,"sunken eyes, dehydration, diarrhoea",stop eating solid food for while | try taking small sips of water | rest | ease back into eating
Gastroenteritis,"vomiting, dehydration, diarrhoea",stop eating solid food for while | try taking small sips of water | rest | ease back into eating
Gastroenteritis,"vomiting, sunken eyes, diarrhoea",stop eating solid food for while | try taking small sips of water | rest | ease back into eating
Gastroenteritis,"vomiting, sunken eyes, dehydration",stop eating solid food for while | try taking small sips of water | rest | ease back into eating
Gastroenteritis,"vomiting, sunken eyes, dehydration, diarrhoea",stop eating solid food for while | try taking small sips of water | rest | ease back into eating
Gastroenteritis,"sunken eyes, dehydration, diarrhoea",stop eating solid food for while | try taking small sips of water | rest | ease back into eating
Gastroenteritis,"vomiting, dehydration, diarrhoea",stop eating solid food for while | try taking small sips of water | rest | ease back into eating
Gastroenteritis,"vomiting, sunken eyes, diarrhoea",stop eating solid food for while | try taking small sips of water | rest | ease back into eating
Bronchial Asthma,"fatigue, cough, high fever, breathlessness, family history, mucoid sputum",switch to loose cloothing | take deep breaths | get away from trigger | seek help
Bronchial Asthma,"cough, high fever, breathlessness, family history, mucoid sputum",switch to loose cloothing | take deep breaths | get away from trigger | seek help
Bronchial Asthma,"fatigue, high fever, breathlessness, family history, mucoid sputum",switch to loose cloothing | take deep breaths | get away from trigger | seek help
Bronchial Asthma,"fatigue, cough, breathlessness, family history, mucoid sputum",switch to loose cloothing | take deep breaths | get away from trigger | seek help
Bronchial Asthma,"fatigue, cough, high fever, family history, mucoid sputum",switch to loose cloothing | take deep breaths | get away from trigger | seek help
Bronchial Asthma,"fatigue, cough, high fever, breathlessness, mucoid sputum",switch to loose cloothing | take deep breaths | get away from trigger | seek help
Bronchial Asthma,"fatigue, cough, high fever, breathlessness, family history",switch to loose cloothing | take deep breaths | get away from trigger | seek help
Bronchial Asthma,"fatigue, cough, high fever, breathlessness, family history, mucoid sputum",switch to loose cloothing | take deep breaths | get away from trigger | seek help
Bronchial Asthma,"cough, high fever, breathlessness, family history, mucoid sputum",switch to loose cloothing | take deep breaths | get away from trigger | seek help
Bronchial Asthma,"fatigue, high fever, breathlessness, family history, mucoid sputum",switch to loose cloothing | take deep breaths | get away from trigger | seek help
Hypertension ,"headache, chest pain, dizziness, loss of balance, lack of concentration",meditation | salt baths | reduce stress | get proper sleep
Hypertension ,"chest pain, dizziness, loss of balance, lack of concentration",meditation | salt baths | reduce stress | get proper sleep
Hypertension ,"headache, dizziness, loss of balance, lack of concentration",meditation | salt baths | reduce stress | get proper sleep
Hypertension ,"headache, chest pain, loss of balance, lack of concentration",meditation | salt baths | reduce stress | get proper sleep
Hypertension ,"headache, chest pain, dizziness, lack of concentration",meditation | salt baths | reduce stress | get proper sleep
Hypertension ,"headache, chest pain, dizziness, loss of balance",meditation | salt baths | reduce stress | get proper sleep
Hypertension ,"headache, chest pain, dizziness, loss of balance, lack of concentration",meditation | salt baths | reduce stress | get proper sleep
Hypertension ,"chest pain, dizziness, loss of balance, lack of concentration",meditation | salt baths | reduce stress | get proper sleep
Hypertension ,"headache, dizziness, loss of balance, lack of concentration",meditation | salt baths | reduce stress | get proper sleep
Hypertension ,"headache, chest pain, loss of balance, lack of concentration",meditation | salt baths | reduce stress | get proper sleep
Migraine,"acidity, indigestion, headache, blurred and distorted vision, excessive hunger, stiff neck, depression, irritability, visual disturbances",meditation | reduce stress | use poloroid glasses in sun | consult doctor
Migraine,"indigestion, headache, blurred and distorted vision, excessive hunger, stiff neck, depression, irritability, visual disturbances",meditation | reduce stress | use poloroid glasses in sun | consult doctor
Migraine,"acidity, headache, blurred and distorted vision, excessive hunger, stiff neck, depression, irritability, visual disturbances",meditation | reduce stress | use poloroid glasses in sun | consult doctor
Migraine,"acidity, indigestion, blurred and distorted vision, excessive hunger, stiff neck, depression, irritability, visual disturbances",meditation | reduce stress | use poloroid glasses in sun | consult doctor
Migraine,"acidity, indigestion, headache, excessive hunger, stiff neck, depression, irritability, visual disturbances",meditation | reduce stress | use poloroid glasses in sun | consult doctor
Migraine,"acidity, indigestion, headache, blurred and distorted vision, stiff neck, depression, irritability, visual disturbances",meditation | reduce stress | use poloroid glasses in sun | consult doctor
Migraine,"acidity, indigestion, headache, blurred and distorted vision, excessive hunger, depression, irritability, visual disturbances",meditation | reduce stress | use poloroid glasses in sun | consult doctor
Migraine,"acidity, indigestion, headache, blurred and distorted vision, excessive hunger, stiff neck, irritability, visual disturbances",meditation | reduce stress | use poloroid glasses in sun | consult doctor
Migraine,"acidity, indigestion, headache, blurred and distorted vision, excessive hunger, stiff neck, depression, visual disturbances",meditation | reduce stress | use poloroid glasses in sun | consult doctor
Migraine,"acidity, indigestion, headache, blurred and distorted vision, excessive hunger, stiff neck, depression, irritability",meditation | reduce stress | use poloroid glasses in sun | consult doctor
Cervical spondylosis,"back pain, weakness in limbs, neck pain, dizziness, loss of balance",use heating pad or cold pack | exercise | take otc pain reliver | consult doctor
Cervical spondylosis,"back pain, weakness in limbs, neck pain, dizziness, loss of balance",use heating pad or cold pack | exercise | take otc pain reliver | consult doctor
Cervical spondylosis,"weakness in limbs, neck pain, dizziness, loss of balance",use heating pad or cold pack | exercise | take otc pain reliver | consult doctor
Cervical spondylosis,"back pain, neck pain, dizziness, loss of balance",use heating pad or cold pack | exercise | take otc pain reliver | consult doctor
Cervical spondylosis,"back pain, weakness in limbs, dizziness, loss of balance",use heating pad or cold pack | exercise | take otc pain reliver | consult doctor
Cervical spondylosis,"back pain, weakness in limbs, neck pain, loss of balance",use heating pad or cold pack | exercise | take otc pain reliver | consult doctor
Cervical spondylosis,"back pain, weakness in limbs, neck pain, dizziness",use heating pad or cold pack | exercise | take otc pain reliver | consult doctor
Cervical spondylosis,"back pain, weakness in limbs, neck pain, dizziness, loss of balance",use heating pad or cold pack | exercise | take otc pain reliver | consult doctor
Cervical spondylosis,"weakness in limbs, neck pain, dizziness, loss of balance",use heating pad or cold pack | exercise | take otc pain reliver | consult doctor
Cervical spondylosis,"back pain, neck pain, dizziness, loss of balance",use heating pad or cold pack | exercise | take otc pain reliver | consult doctor
Paralysis (brain hemorrhage),"vomiting, headache, weakness of one body side, altered sensorium",massage | eat healthy | exercise | consult doctor
Paralysis (brain hemorrhage),"vomiting, headache, weakness of one body side, altered sensorium",massage | eat healthy | exercise | consult doctor
Paralysis (brain hemorrhage),"headache, weakness of one body side, altered sensorium",massage | eat healthy | exercise | consult doctor
Paralysis (brain hemorrhage),"vomiting, weakness of one body side, altered sensorium",massage | eat healthy | exercise | consult doctor
Paralysis (brain hemorrhage),"vomiting, headache, altered sensorium",massage | eat healthy | exercise | consult doctor
Paralysis (brain hemorrhage),"vomiting, headache, weakness of one body side",massage | eat healthy | exercise | consult doctor
Paralysis (brain hemorrhage),"vomiting, headache, weakness of one body side, altered sensorium",massage | eat healthy | exercise | consult doctor
Paralysis (brain hemorrhage),"headache, weakness of one body side, altered sensorium",massage | eat healthy | exercise | consult doctor
Paralysis (brain hemorrhage),"vomiting, weakness of one body side, altered sensorium",massage | eat healthy | exercise | consult doctor
Paralysis (brain hemorrhage),"vomiting, headache, altered sensorium",massage | eat healthy | exercise | consult doctor
Jaundice,"itching, vomiting, fatigue, weight loss, high fever, yellowish skin, dark urine, abdominal pain",drink plenty of water | consume milk thistle | eat fruits and high fiberous food | medication
Jaundice,"itching, vomiting, fatigue, weight loss, high fever, yellowish skin, dark urine, abdominal pain",drink plenty of water | consume milk thistle | eat fruits and high fiberous food | medication
Jaundice,"vomiting, fatigue, weight loss, high fever, yellowish skin, dark urine, abdominal pain",drink plenty of water | consume milk thistle | eat fruits and high fiberous food | medication
Jaundice,"itching, fatigue, weight loss, high fever, yellowish skin, dark urine, abdominal pain",drink plenty of water | consume milk thistle | eat fruits and high fiberous food | medication
Jaundice,"itching, vomiting, weight loss, high fever, yellowish skin, dark urine, abdominal pain",drink plenty of water | consume milk thistle | eat fruits and high fiberous food | medication
Jaundice,"itching, vomiting, fatigue, high fever, yellowish skin, dark urine, abdominal pain",drink plenty of water | consume milk thistle | eat fruits and high fiberous food | medication
Jaundice,"itching, vomiting, fatigue, weight loss, yellowish skin, dark urine, abdominal pain",drink plenty of water | consume milk thistle | eat fruits and high fiberous food | medication
Jaundice,"itching, vomiting, fatigue, weight loss, high fever, dark urine, abdominal pain",drink plenty of water | consume milk thistle | eat fruits and high fiberous food | medication
Jaundice,"itching, vomiting, fatigue, weight loss, high fever, yellowish skin, abdominal pain",drink plenty of water | consume milk thistle | eat fruits and high fiberous food | medication
Jaundice,"itching, vomiting, fatigue, weight loss, high fever, yellowish skin, dark urine",drink plenty of water | consume milk thistle | eat fruits and high fiberous food | medication
Malaria,"chills, vomiting, high fever, sweating, headache, nausea, muscle pain",Consult nearest hospital | avoid oily food | avoid non veg food | keep mosquitos out
Malaria,"chills, vomiting, high fever, sweating, headache, nausea, diarrhoea, muscle pain",Consult nearest hospital | avoid oily food | avoid non veg food | keep mosquitos out
Malaria,"chills, vomiting, high fever, sweating, headache, nausea, diarrhoea, muscle pain",Consult nearest hospital | avoid oily food | avoid non veg food | keep mosquitos out
Malaria,"vomiting, high fever, sweating, headache, nausea, diarrhoea, muscle pain",Consult nearest hospital | avoid oily food | avoid non veg food | keep mosquitos out
Malaria,"chills, high fever, sweating, headache, nausea, diarrhoea, muscle pain",Consult nearest hospital | avoid oily food | avoid non veg food | keep mosquitos out
Malaria,"chills, vomiting, sweating, headache, nausea, diarrhoea, muscle pain",Consult nearest hospital | avoid oily food | avoid non veg food | keep mosquitos out
Malaria,"chills, vomiting, high fever, headache, nausea, diarrhoea, muscle pain",Consult nearest hospital | avoid oily food | avoid non veg food | keep mosquitos out
Malaria,"chills, vomiting, high fever, sweating, nausea, diarrhoea, muscle pain",Consult nearest hospital | avoid oily food | avoid non veg food | keep mosquitos out
Malaria,"chills, vomiting, high fever, sweating, headache, diarrhoea, muscle pain",Consult nearest hospital | avoid oily food | avoid non veg food | keep mosquitos out
Malaria,"chills, vomiting, high fever, sweating, headache, nausea, muscle pain",Consult nearest hospital | avoid oily food | avoid non veg food | keep mosquitos out
Chicken pox,"itching, skin rash, fatigue, lethargy, high fever, headache, loss of appetite, mild fever, swelled lymph nodes, malaise, red spots over body",use neem in bathing | consume neem leaves | take vaccine | avoid public places
Chicken pox,"skin rash, fatigue, lethargy, high fever, headache, loss of appetite, mild fever, swelled lymph nodes, malaise, red spots over body",use neem in bathing | consume neem leaves | take vaccine | avoid public places
Chicken pox,"itching, fatigue, lethargy, high fever, headache, loss of appetite, mild fever, swelled lymph nodes, malaise, red spots over body",use neem in bathing | consume neem leaves | take vaccine | avoid public places
Chicken pox,"itching, skin rash, lethargy, high fever, headache, loss of appetite, mild fever, swelled lymph nodes, malaise, red spots over body",use neem in bathing | consume neem leaves | take vaccine | avoid public places
Chicken pox,"itching, skin rash, fatigue, high fever, headache, loss of appetite, mild fever, swelled lymph nodes, malaise, red spots over body",use neem in bathing | consume neem leaves | take vaccine | avoid public places
Chicken pox,"itching, skin rash, fatigue, lethargy, headache, loss of appetite, mild fever, swelled lymph nodes, malaise, red spots over body",use neem in bathing | consume neem leaves | take vaccine | avoid public places
Chicken pox,"itching, skin rash, fatigue, lethargy, high fever, loss of appetite, mild fever, swelled lymph nodes, malaise, red spots over body",use neem in bathing | consume neem leaves | take vaccine | avoid public places
Chicken pox,"itching, skin rash, fatigue, lethargy, high fever, headache, mild fever, swelled lymph nodes, malaise, red spots over body",use neem in bathing | consume neem leaves | take vaccine | avoid public places
Chicken pox,"itching, skin rash, fatigue, lethargy, high fever, headache, loss of appetite, swelled lymph nodes, malaise, red spots over body",use neem in bathing | consume neem leaves | take vaccine | avoid public places
Chicken pox,"itching, skin rash, fatigue, lethargy, high fever, headache, loss of appetite, mild fever, malaise, red spots over body",use neem in bathing | consume neem leaves | take vaccine | avoid public places
Dengue,"skin rash, chills, joint pain, vomiting, fatigue, high fever, headache, nausea, loss of appetite, pain behind the eyes, back pain, muscle pain, red spots over body",drink papaya leaf juice | avoid fatty spicy food | keep mosquitos away | keep hydrated
Dengue,"skin rash, chills, joint pain, vomiting, fatigue, high fever, headache, nausea, loss of appetite, pain behind the eyes, back pain, malaise, red spots over body",drink papaya leaf juice | avoid fatty spicy food | keep mosquitos away | keep hydrated
Dengue,"skin rash, chills, joint pain, vomiting, fatigue, high fever, headache, nausea, loss of appetite, pain behind the eyes, back pain, malaise, muscle pain",drink papaya leaf juice | avoid fatty spicy food | keep mosquitos away | keep hydrated
Dengue,"skin rash, chills, joint pain, vomiting, fatigue, high fever, headache, nausea, loss of appetite, pain behind the eyes, back pain, malaise, muscle pain, red spots over body",drink papaya leaf juice | avoid fatty spicy food | keep mosquitos away | keep hydrated
Dengue,"chills, joint pain, vomiting, fatigue, high fever, headache, nausea, loss of appetite, pain behind the eyes, back pain, malaise, muscle pain, red spots over body",drink papaya leaf juice | avoid fatty spicy food | keep mosquitos away | keep hydrated
Dengue,"skin rash, joint pain, vomiting, fatigue, high fever, headache, nausea, loss of appetite, pain behind the eyes, back pain, malaise, muscle pain, red spots over body",drink papaya leaf juice | avoid fatty spicy food | keep mosquitos away | keep hydrated
Dengue,"skin rash, chills, vomiting, fatigue, high fever, headache, nausea, loss of appetite, pain behind the eyes, back pain, malaise, muscle pain, red spots over body",drink papaya leaf juice | avoid fatty spicy food | keep mosquitos away | keep hydrated
Dengue,"skin rash, chills, joint pain, fatigue, high fever, headache, nausea, loss of appetite, pain behind the eyes, back pain, malaise, muscle pain, red spots over body",drink papaya leaf juice | avoid fatty spicy food | keep mosquitos away | keep hydrated
Dengue,"skin rash, chills, joint pain, vomiting, high fever, headache, nausea, loss of appetite, pain behind the eyes, back pain, malaise, muscle pain, red spots over body",drink papaya leaf juice | avoid fatty spicy food | keep mosquitos away | keep hydrated
Dengue,"skin rash, chills, joint pain, vomiting, fatigue, headache, nausea, loss of appetite, pain behind the eyes, back pain, malaise, muscle pain, red spots over body",drink papaya leaf juice | avoid fatty spicy food | keep mosquitos away | keep hydrated
Typhoid,"chills, vomiting, fatigue, high fever, nausea, constipation, abdominal pain, diarrhoea, toxic look (typhos), belly pain",eat high calorie vegitables | antiboitic therapy | consult doctor | medication
Typhoid,"chills, vomiting, fatigue, high fever, headache, constipation, abdominal pain, diarrhoea, toxic look (typhos), belly pain",eat high calorie vegitables | antiboitic therapy | consult doctor | medication
Typhoid,"chills, vomiting, fatigue, high fever, headache, nausea, abdominal pain, diarrhoea, toxic look (typhos), belly pain",eat high calorie vegitables | antiboitic therapy | consult doctor | medication
Typhoid,"chills, vomiting, fatigue, high fever, headache, nausea, constipation, diarrhoea, toxic look (typhos), belly pain",eat high calorie vegitables | antiboitic therapy | consult doctor | medication
Typhoid,"chills, vomiting, fatigue, high fever, headache, nausea, constipation, abdominal pain, toxic look (typhos), belly pain",eat high calorie vegitables | antiboitic therapy | consult doctor | medication
Typhoid,"chills, vomiting, fatigue, high fever, headache, nausea, constipation, abdominal pain, diarrhoea, belly pain",eat high calorie vegitables | antiboitic therapy | consult doctor | medication
Typhoid,"chills, vomiting, fatigue, high fever, headache, nausea, constipation, abdominal pain, diarrhoea, toxic look (typhos)",eat high calorie vegitables | antiboitic therapy | consult doctor | medication
Typhoid,"chills, vomiting, fatigue, high fever, headache, nausea, constipation, abdominal pain, diarrhoea, toxic look (typhos), belly pain",eat high calorie vegitables | antiboitic therapy | consult doctor | medication
Typhoid,"chills, vomiting, fatigue, high fever, headache, nausea, constipation, abdominal pain, diarrhoea, toxic look (typhos), belly pain",eat high calorie vegitables | antiboitic therapy | consult doctor | medication
Typhoid,"chills, fatigue, high fever, headache, nausea, constipation, abdominal pain, diarrhoea, toxic look (typhos), belly pain",eat high calorie vegitables | antiboitic therapy | consult doctor | medication
hepatitis A,"joint pain, vomiting, yellowish skin, dark urine, nausea, loss of appetite, abdominal pain, diarrhoea, mild fever, yellowing of eyes, muscle pain",Consult nearest hospital | wash hands through | avoid fatty spicy food | medication
hepatitis A,"joint pain, vomiting, yellowish skin, dark urine, nausea, loss of appetite, abdominal pain, diarrhoea, mild fever, yellowing of eyes, muscle pain",Consult nearest hospital | wash hands through | avoid fatty spicy food | medication
hepatitis A,"vomiting, yellowish skin, dark urine, nausea, loss of appetite, abdominal pain, diarrhoea, mild fever, yellowing of eyes, muscle pain",Consult nearest hospital | wash hands through | avoid fatty spicy food | medication
hepatitis A,"joint pain, yellowish skin, dark urine, nausea, loss of appetite, abdominal pain, diarrhoea, mild fever, yellowing of eyes, muscle pain",Consult nearest hospital | wash hands through | avoid fatty spicy food | medication
hepatitis A,"joint pain, vomiting, dark urine, nausea, loss of appetite, abdominal pain, diarrhoea, mild fever, yellowing of eyes, muscle pain",Consult nearest hospital | wash hands through | avoid fatty spicy food | medication
hepatitis A,"joint pain, vomiting, yellowish skin, nausea, loss of appetite, abdominal pain, diarrhoea, mild fever, yellowing of eyes, muscle pain",Consult nearest hospital | wash hands through | avoid fatty spicy food | medication
hepatitis A,"joint pain, vomiting, yellowish skin, dark urine, loss of appetite, abdominal pain, diarrhoea, mild fever, yellowing of eyes, muscle pain",Consult nearest hospital | wash hands through | avoid fatty spicy food | medication
hepatitis A,"joint pain, vomiting, yellowish skin, dark urine, nausea, abdominal pain, diarrhoea, mild fever, yellowing of eyes, muscle pain",Consult nearest hospital | wash hands through | avoid fatty spicy food | medication
hepatitis A,"joint pain, vomiting, yellowish skin, dark urine, nausea, loss of appetite, diarrhoea, mild fever, yellowing of eyes, muscle pain",Consult nearest hospital | wash hands through | avoid fatty spicy food | medication
hepatitis A,"joint pain, vomiting, yellowish skin, dark urine, nausea, loss of appetite, abdominal pain, mild fever, yellowing of eyes, muscle pain",Consult nearest hospital | wash hands through | avoid fatty spicy food | medication
Hepatitis B,"itching, fatigue, lethargy, yellowish skin, dark urine, loss of appetite, abdominal pain, yellow urine, yellowing of eyes, malaise, receiving blood transfusion, receiving unsterile injections",consult nearest hospital | vaccination | eat healthy | medication
Hepatitis B,"itching, fatigue, lethargy, yellowish skin, dark urine, loss of appetite, abdominal pain, yellow urine, yellowing of eyes, malaise, receiving blood transfusion, receiving unsterile injections",consult nearest hospital | vaccination | eat healthy | medication
Hepatitis B,"fatigue, lethargy, yellowish skin, dark urine, loss of appetite, abdominal pain, yellow urine, yellowing of eyes, malaise, receiving blood transfusion, receiving unsterile injections",consult nearest hospital | vaccination | eat healthy | medication
Hepatitis B,"itching, lethargy, yellowish skin, dark urine, loss of appetite, abdominal pain, yellow urine, yellowing of eyes, malaise, receiving blood transfusion, receiving unsterile injections",consult nearest hospital | vaccination | eat healthy | medication
Hepatitis B,"itching, fatigue, yellowish skin, dark urine, loss of appetite, abdominal pain, yellow urine, yellowing of eyes, malaise, receiving blood transfusion, receiving unsterile injections",consult nearest hospital | vaccination | eat healthy | medication
Hepatitis B,"itching, fatigue, lethargy, dark urine, loss of appetite, abdominal pain, yellow urine, yellowing of eyes, malaise, receiving blood transfusion, receiving unsterile injections",consult nearest hospital | vaccination | eat healthy | medication
Hepatitis B,"itching, fatigue, lethargy, yellowish skin, loss of appetite, abdominal pain, yellow urine, yellowing of eyes, malaise, receiving blood transfusion, receiving unsterile injections",consult nearest hospital | vaccination | eat healthy | medication
Hepatitis B,"itching, fatigue, lethargy, yellowish skin, dark urine, abdominal pain, yellow urine, yellowing of eyes, malaise, receiving blood transfusion, receiving unsterile injections",consult nearest hospital | vaccination | eat healthy | medication
Hepatitis B,"itching, fatigue, lethargy, yellowish skin, dark urine, loss of appetite, yellow urine, yellowing of eyes, malaise, receiving blood transfusion, receiving unsterile injections",consult nearest hospital | vaccination | eat healthy | medication
Hepatitis B,"itching, fatigue, lethargy, yellowish skin, dark urine, loss of appetite, abdominal pain, yellowing of eyes, malaise, receiving blood transfusion, receiving unsterile injections",consult nearest hospital | vaccination | eat healthy | medication
Hepatitis C,"fatigue, yellowish skin, nausea, loss of appetite, family history",Consult nearest hospital | vaccination | eat healthy | medication
Hepatitis C,"fatigue, yellowish skin, nausea, loss of appetite, yellowing of eyes, family history",Consult nearest hospital | vaccination | eat healthy | medication
Hepatitis C,"yellowish skin, nausea, loss of appetite, yellowing of eyes, family history",Consult nearest hospital | vaccination | eat healthy | medication
Hepatitis C,"fatigue, nausea, loss of appetite, yellowing of eyes, family history",Consult nearest hospital | vaccination | eat healthy | medication
Hepatitis C,"fatigue, yellowish skin, loss of appetite, yellowing of eyes, family history",Consult nearest hospital | vaccination | eat healthy | medication
Hepatitis C,"fatigue, yellowish skin, nausea, yellowing of eyes, family history",Consult nearest hospital | vaccination | eat healthy | medication
Hepatitis C,"fatigue, yellowish skin, nausea, loss of appetite, family history",Consult nearest hospital | vaccination | eat healthy | medication
Hepatitis C,"fatigue, yellowish skin, nausea, loss of appetite, yellowing of eyes",Consult nearest hospital | vaccination | eat healthy | medication
Hepatitis C,"fatigue, yellowish skin, nausea, loss of appetite, yellowing of eyes, family history",Consult nearest hospital | vaccination | eat healthy | medication
Hepatitis C,"fatigue, yellowish skin, nausea, loss of appetite, yellowing of eyes, family history",Consult nearest hospital | vaccination | eat healthy | medication
Hepatitis D,"joint pain, vomiting, fatigue, yellowish skin, dark urine, nausea, loss of appetite, abdominal pain, yellowing of eyes",consult doctor | medication | eat healthy | follow up
Hepatitis D,"vomiting, fatigue, yellowish skin, dark urine, nausea, loss of appetite, abdominal pain, yellowing of eyes",consult doctor | medication | eat healthy | follow up
Hepatitis D,"joint pain, fatigue, yellowish skin, dark urine, nausea, loss of appetite, abdominal pain, yellowing of eyes",consult doctor | medication | eat healthy | follow up
Hepatitis D,"joint pain, vomiting, yellowish skin, dark urine, nausea, loss of appetite, abdominal pain, yellowing of eyes",consult doctor | medication | eat healthy | follow up
Hepatitis D,"joint pain, vomiting, fatigue, dark urine, nausea, loss of appetite, abdominal pain, yellowing of eyes",consult doctor | medication | eat healthy | follow up
Hepatitis D,"joint pain, vomiting, fatigue, yellowish skin, nausea, loss of appetite, abdominal pain, yellowing of eyes",consult doctor | medication | eat healthy | follow up
Hepatitis D,"joint pain, vomiting, fatigue, yellowish skin, dark urine, loss of appetite, abdominal pain, yellowing of eyes",consult doctor | medication | eat healthy | follow up
Hepatitis D,"joint pain, vomiting, fatigue, yellowish skin, dark urine, nausea, abdominal pain, yellowing of eyes",consult doctor | medication | eat healthy | follow up
Hepatitis D,"joint pain, vomiting, fatigue, yellowish skin, dark urine, nausea, loss of appetite, yellowing of eyes",consult doctor | medication | eat healthy | follow up
Hepatitis D,"joint pain, vomiting, fatigue, yellowish skin, dark urine, nausea, loss of appetite, abdominal pain",consult doctor | medication | eat healthy | follow up
Hepatitis E,"joint pain, vomiting, fatigue, high fever, yellowish skin, dark urine, nausea, loss of appetite, abdominal pain, yellowing of eyes, coma, stomach bleeding",stop alcohol consumption | rest | consult doctor | medication
Hepatitis E,"joint pain, vomiting, fatigue, high fever, yellowish skin, dark urine, nausea, loss of appetite, abdominal pain, yellowing of eyes, acute liver failure, coma, stomach bleeding",stop alcohol consumption | rest | consult doctor | medication
Hepatitis E,"joint pain, vomiting, fatigue, high fever, yellowish skin, dark urine, nausea, loss of appetite, abdominal pain, yellowing of eyes, acute liver failure, coma, stomach bleeding",stop alcohol consumption | rest | consult doctor | medication
Hepatitis E,"vomiting, fatigue, high fever, yellowish skin, dark urine, nausea, loss of appetite, abdominal pain, yellowing of eyes, acute liver failure, coma, stomach bleeding",stop alcohol consumption | rest | consult doctor | medication
Hepatitis E,"joint pain, fatigue, high fever, yellowish skin, dark urine, nausea, loss of appetite, abdominal pain, yellowing of eyes, acute liver failure, coma, stomach bleeding",stop alcohol consumption | rest | consult doctor | medication
Hepatitis E,"joint pain, vomiting, high fever, yellowish skin, dark urine, nausea, loss of appetite, abdominal pain, yellowing of eyes, acute liver failure, coma, stomach bleeding",stop alcohol consumption | rest | consult doctor | medication
Hepatitis E,"joint pain, vomiting, fatigue, yellowish skin, dark urine, nausea, loss of appetite, abdominal pain, yellowing of eyes, acute liver failure, coma, stomach bleeding",stop alcohol consumption | rest | consult doctor | medication
Hepatitis E,"joint pain, vomiting, fatigue, high fever, dark urine, nausea, loss of appetite, abdominal pain, yellowing of eyes, acute liver failure, coma, stomach bleeding",stop alcohol consumption | rest | consult doctor | medication
Hepatitis E,"joint pain, vomiting, fatigue, high fever, yellowish skin, nausea, loss of appetite, abdominal pain, yellowing of eyes, acute liver failure, coma, stomach bleeding",stop alcohol consumption | rest | consult doctor | medication
Hepatitis E,"joint pain, vomiting, fatigue, high fever, yellowish skin, dark urine, loss of appetite, abdominal pain, yellowing of eyes, acute liver failure, coma, stomach bleeding",stop alcohol consumption | rest | consult doctor | medication
Alcoholic hepatitis,"vomiting, yellowish skin, abdominal pain, swelling of stomach, distention of abdomen, history of alcohol consumption, fluid overload",stop alcohol consumption | consult doctor | medication | follow up
Alcoholic hepatitis,"vomiting, yellowish skin, abdominal pain, swelling of stomach, distention of abdomen, history of alcohol consumption, fluid overload",stop alcohol consumption | consult doctor | medication | follow up
Alcoholic hepatitis,"yellowish skin, abdominal pain, swelling of stomach, distention of abdomen, history of alcohol consumption, fluid overload",stop alcohol consumption | consult doctor | medication | follow up
Alcoholic hepatitis,"vomiting, abdominal pain, swelling of stomach, distention of abdomen, history of alcohol consumption, fluid overload",stop alcohol consumption | consult doctor | medication | follow up
Alcoholic hepatitis,"vomiting, yellowish skin, swelling of stomach, distention of abdomen, history of alcohol consumption, fluid overload",stop alcohol consumption | consult doctor | medication | follow up
Alcoholic hepatitis,"vomiting, yellowish skin, abdominal pain, distention of abdomen, history of alcohol consumption, fluid overload",stop alcohol consumption | consult doctor | medication | follow up
Alcoholic hepatitis,"vomiting, yellowish skin, abdominal pain, swelling of stomach, history of alcohol consumption, fluid overload",stop alcohol consumption | consult doctor | medication | follow up
Alcoholic hepatitis,"vomiting, yellowish skin, abdominal pain, swelling of stomach, distention of abdomen, fluid overload",stop alcohol consumption | consult doctor | medication | follow up
Alcoholic hepatitis,"vomiting, yellowish skin, abdominal pain, swelling of stomach, distention of abdomen, history of alcohol consumption",stop alcohol consumption | consult doctor | medication | follow up
Alcoholic hepatitis,"vomiting, yellowish skin, abdominal pain, swelling of stomach, distention of abdomen, history of alcohol consumption, fluid overload",stop alcohol consumption | consult doctor | medication | follow up
Tuberculosis,"chills, vomiting, fatigue, weight loss, cough, high fever, breathlessness, sweating, loss of appetite, mild fever, yellowing of eyes, swelled lymph nodes, malaise, phlegm, chest pain, blood in sputum",cover mouth | consult doctor | medication | rest
Tuberculosis,"chills, vomiting, fatigue, weight loss, cough, high fever, breathlessness, sweating, loss of appetite, mild fever, yellowing of eyes, swelled lymph nodes, malaise, phlegm, chest pain, blood in sputum",cover mouth | consult doctor | medication | rest
Tuberculosis,"vomiting, fatigue, weight loss, cough, high fever, breathlessness, sweating, loss of appetite, mild fever, yellowing of eyes, swelled lymph nodes, malaise, phlegm, chest pain, blood in sputum",cover mouth | consult doctor | medication | rest
Tuberculosis,"chills, fatigue, weight loss, cough, high fever, breathlessness, sweating, loss of appetite, mild fever, yellowing of eyes, swelled lymph nodes, malaise, phlegm, chest pain, blood in sputum",cover mouth | consult doctor | medication | rest
Tuberculosis,"chills, vomiting, weight loss, cough, high fever, breathlessness, sweating, loss of appetite, mild fever, yellowing of eyes, swelled lymph nodes, malaise, phlegm, chest pain, blood in sputum",cover mouth | consult doctor | medication | rest
Tuberculosis,"chills, vomiting, fatigue, cough, high fever, breathlessness, sweating, loss of appetite, mild fever, yellowing of eyes, swelled lymph nodes, malaise, phlegm, chest pain, blood in sputum",cover mouth | consult doctor | medication | rest
Tuberculosis,"chills, vomiting, fatigue, weight loss, high fever, breathlessness, sweating, loss of appetite, mild fever, yellowing of eyes, swelled lymph nodes, malaise, phlegm, chest pain, blood in sputum",cover mouth | consult doctor | medication | rest
Tuberculosis,"chills, vomiting, fatigue, weight loss, cough, breathlessness, sweating, loss of appetite, mild fever, yellowing of eyes, swelled lymph nodes, malaise, phlegm, chest pain, blood in sputum",cover mouth | consult doctor | medication | rest
Tuberculosis,"chills, vomiting, fatigue, weight loss, cough, high fever, sweating, loss of appetite, mild fever, yellowing of eyes, swelled lymph nodes, malaise, phlegm, chest pain, blood in sputum",cover mouth | consult doctor | medication | rest
Tuberculosis,"chills, vomiting, fatigue, weight loss, cough, high fever, breathlessness, loss of appetite, mild fever, yellowing of eyes, swelled lymph nodes, malaise, phlegm, chest pain, blood in sputum",cover mouth | consult doctor | medication | rest
Common Cold,"continuous sneezing, chills, fatigue, cough, high fever, headache, swelled lymph nodes, malaise, phlegm, throat irritation, redness of eyes, sinus pressure, runny nose, congestion, chest pain, loss of smell, muscle pain",drink vitamin c rich drinks | take vapour | avoid cold food | keep fever in check
Common Cold,"continuous sneezing, chills, fatigue, cough, high fever, headache, swelled lymph nodes, malaise, phlegm, throat irritation, redness of eyes, sinus pressure, runny nose, congestion, chest pain, loss of smell, muscle pain",drink vitamin c rich drinks | take vapour | avoid cold food | keep fever in check
Common Cold,"chills, fatigue, cough, high fever, headache, swelled lymph nodes, malaise, phlegm, throat irritation, redness of eyes, sinus pressure, runny nose, congestion, chest pain, loss of smell, muscle pain",drink vitamin c rich drinks | take vapour | avoid cold food | keep fever in check
Common Cold,"continuous sneezing, fatigue, cough, high fever, headache, swelled lymph nodes, malaise, phlegm, throat irritation, redness of eyes, sinus pressure, runny nose, congestion, chest pain, loss of smell, muscle pain",drink vitamin c rich drinks | take vapour | avoid cold food | keep fever in check
Common Cold,"continuous sneezing, chills, cough, high fever, headache, swelled lymph nodes, malaise, phlegm, throat irritation, redness of eyes, sinus pressure, runny nose, congestion, chest pain, loss of smell, muscle pain",drink vitamin c rich drinks | take vapour | avoid cold food | keep fever in check
Common Cold,"continuous sneezing, chills, fatigue, high fever, headache, swelled lymph nodes, malaise, phlegm, throat irritation, redness of eyes, sinus pressure, runny nose, congestion, chest pain, loss of smell, muscle pain",drink vitamin c rich drinks | take vapour | avoid cold food | keep fever in check
Common Cold,"continuous sneezing, chills, fatigue, cough, headache, swelled lymph nodes, malaise, phlegm, throat irritation, redness of eyes, sinus pressure, runny nose, congestion, chest pain, loss of smell, muscle pain",drink vitamin c rich drinks | take vapour | avoid cold food | keep fever in check
Common Cold,"continuous sneezing, chills, fatigue, cough, high fever, swelled lymph nodes, malaise, phlegm, throat irritation, redness of eyes, sinus pressure, runny nose, congestion, chest pain, loss of smell, muscle pain",drink vitamin c rich drinks | take vapour | avoid cold food | keep fever in check
Common Cold,"continuous sneezing, chills, fatigue, cough, high fever, headache, malaise, phlegm, throat irritation, redness of eyes, sinus pressure, runny nose, congestion, chest pain, loss of smell, muscle pain",drink vitamin c rich drinks | take vapour | avoid cold food | keep fever in check
Common Cold,"continuous sneezing, chills, fatigue, cough, high fever, headache, swelled lymph nodes, phlegm, throat irritation, redness of eyes, sinus pressure, runny nose, congestion, chest pain, loss of smell, muscle pain",drink vitamin c rich drinks | take vapour | avoid cold food | keep fever in check
Pneumonia,"chills, fatigue, cough, high fever, breathlessness, sweating, malaise, chest pain, fast heart rate, rusty sputum",consult doctor | medication | rest | follow up
Pneumonia,"chills, fatigue, cough, high fever, breathlessness, sweating, malaise, phlegm, chest pain, fast heart rate, rusty sputum",consult doctor | medication | rest | follow up
Pneumonia,"chills, fatigue, cough, high fever, breathlessness, sweating, malaise, phlegm, chest pain, fast heart rate, rusty sputum",consult doctor | medication | rest | follow up
Pneumonia,"fatigue, cough, high fever, breathlessness, sweating, malaise, phlegm, chest pain, fast heart rate, rusty sputum",consult doctor | medication | rest | follow up
Pneumonia,"chills, cough, high fever, breathlessness, sweating, malaise, phlegm, chest pain, fast heart rate, rusty sputum",consult doctor | medication | rest | follow up
Pneumonia,"chills, fatigue, high fever, breathlessness, sweating, malaise, phlegm, chest pain, fast heart rate, rusty sputum",consult doctor | medication | rest | follow up
Pneumonia,"chills, fatigue, cough, breathlessness, sweating, malaise, phlegm, chest pain, fast heart rate, rusty sputum",consult doctor | medication | rest | follow up
Pneumonia,"chills, fatigue, cough, high fever, sweating, malaise, phlegm, chest pain, fast heart rate, rusty sputum",consult doctor | medication | rest | follow up
Pneumonia,"chills, fatigue, cough, high fever, breathlessness, malaise, phlegm, chest pain, fast heart rate, rusty sputum",consult doctor | medication | rest | follow up
Pneumonia,"chills, fatigue, cough, high fever, breathlessness, sweating, phlegm, chest pain, fast heart rate, rusty sputum",consult doctor | medication | rest | follow up
Dimorphic hemmorhoids(piles),"constipation, pain during bowel movements, pain in anal region, bloody stool, irritation in anus",avoid fatty spicy food | consume witch hazel | warm bath with epsom salt | consume alovera juice
Dimorphic hemmorhoids(piles),"constipation, pain during bowel movements, pain in anal region, bloody stool, irritation in anus",avoid fatty spicy food | consume witch hazel | warm bath with epsom salt | consume alovera juice
Dimorphic hemmorhoids(piles),"constipation, pain during bowel movements, pain in anal region, bloody stool, irritation in anus",avoid fatty spicy food | consume witch hazel | warm bath with epsom salt | consume alovera juice
Dimorphic hemmorhoids(piles),"pain during bowel movements, pain in anal region, bloody stool, irritation in anus",avoid fatty spicy food | consume witch hazel | warm bath with epsom salt | consume alovera juice
Dimorphic hemmorhoids(piles),"constipation, pain in anal region, bloody stool, irritation in anus",avoid fatty spicy food | consume witch hazel | warm bath with epsom salt | consume alovera juice
Dimorphic hemmorhoids(piles),"constipation, pain during bowel movements, bloody stool, irritation in anus",avoid fatty spicy food | consume witch hazel | warm bath with epsom salt | consume alovera juice
Dimorphic hemmorhoids(piles),"constipation, pain during bowel movements, pain in anal region, irritation in anus",avoid fatty spicy food | consume witch hazel | warm bath with epsom salt | consume alovera juice
Dimorphic hemmorhoids(piles),"constipation, pain during bowel movements, pain in anal region, bloody stool",avoid fatty spicy food | consume witch hazel | warm bath with epsom salt | consume alovera juice
Dimorphic hemmorhoids(piles),"constipation, pain during bowel movements, pain in anal region, bloody stool, irritation in anus",avoid fatty spicy food | consume witch hazel | warm bath with epsom salt | consume alovera juice
Dimorphic hemmorhoids(piles),"constipation, pain during bowel movements, pain in anal region, bloody stool, irritation in anus",avoid fatty spicy food | consume witch hazel | warm bath with epsom salt | consume alovera juice
Heart attack,"vomiting, breathlessness, sweating, chest pain",Consult a doctor | Get adequate rest | Stay hydrated | Follow prescribed treatment
Heart attack,"vomiting, breathlessness, sweating, chest pain",Consult a doctor | Get adequate rest | Stay hydrated | Follow prescribed treatment
Heart attack,"breathlessness, sweating, chest pain",Consult a doctor | Get adequate rest | Stay hydrated | Follow prescribed treatment
Heart attack,"vomiting, sweating, chest pain",Consult a doctor | Get adequate rest | Stay hydrated | Follow prescribed treatment
Heart attack,"vomiting, breathlessness, chest pain",Consult a doctor | Get adequate rest | Stay hydrated | Follow prescribed treatment
Heart attack,"vomiting, breathlessness, sweating",Consult a doctor | Get adequate rest | Stay hydrated | Follow prescribed treatment
Heart attack,"vomiting, breathlessness, sweating, chest pain",Consult a doctor | Get adequate rest | Stay hydrated | Follow prescribed treatment
Heart attack,"breathlessness, sweating, chest pain",Consult a doctor | Get adequate rest | Stay hydrated | Follow prescribed treatment
Heart attack,"vomiting, sweating, chest pain",Consult a doctor | Get adequate rest | Stay hydrated | Follow prescribed treatment
Heart attack,"vomiting, breathlessness, chest pain",Consult a doctor | Get adequate rest | Stay hydrated | Follow prescribed treatment
Varicose veins,"fatigue, cramps, bruising, obesity, swollen legs, swollen blood vessels, prominent veins on calf",lie down flat and raise the leg high | use oinments | use vein compression | dont stand still for long
Varicose veins,"fatigue, cramps, bruising, obesity, swollen legs, swollen blood vessels, prominent veins on calf",lie down flat and raise the leg high | use oinments | use vein compression | dont stand still for long
Varicose veins,"cramps, bruising, obesity, swollen legs, swollen blood vessels, prominent veins on calf",lie down flat and raise the leg high | use oinments | use vein compression | dont stand still for long
Varicose veins,"fatigue, bruising, obesity, swollen legs, swollen blood vessels, prominent veins on calf",lie down flat and raise the leg high | use oinments | use vein compression | dont stand still for long
Varicose veins,"fatigue, cramps, obesity, swollen legs, swollen blood vessels, prominent veins on calf",lie down flat and raise the leg high | use oinments | use vein compression | dont stand still for long
Varicose veins,"fatigue, cramps, bruising, swollen legs, swollen blood vessels, prominent veins on calf",lie down flat and raise the leg high | use oinments | use vein compression | dont stand still for long
Varicose veins,"fatigue, cramps, bruising, obesity, swollen blood vessels, prominent veins on calf",lie down flat and raise the leg high | use oinments | use vein compression | dont stand still for long
Varicose veins,"fatigue, cramps, bruising, obesity, swollen legs, prominent veins on calf",lie down flat and raise the leg high | use oinments | use vein compression | dont stand still for long
Varicose veins,"fatigue, cramps, bruising, obesity, swollen legs, swollen blood vessels",lie down flat and raise the leg high | use oinments | use vein compression | dont stand still for long
Varicose veins,"fatigue, cramps, bruising, obesity, swollen legs, prominent veins on calf",lie down flat and raise the leg high | use oinments | use vein compression | dont stand still for long
Hypothyroidism,"fatigue, weight gain, cold hands and feets, mood swings, lethargy, dizziness, puffy face and eyes, enlarged thyroid, brittle nails, swollen extremeties, depression, irritability, abnormal menstruation",reduce stress | exercise | eat healthy | get proper sleep
Hypothyroidism,"fatigue, weight gain, cold hands and feets, mood swings, lethargy, dizziness, puffy face and eyes, enlarged thyroid, brittle nails, swollen extremeties, depression, irritability, abnormal menstruation",reduce stress | exercise | eat healthy | get proper sleep
Hypothyroidism,"weight gain, cold hands and feets, mood swings, lethargy, dizziness, puffy face and eyes, enlarged thyroid, brittle nails, swollen extremeties, depression, irritability, abnormal menstruation",reduce stress | exercise | eat healthy | get proper sleep
Hypothyroidism,"weight gain, cold hands and feets, mood swings, lethargy, dizziness, puffy face and eyes, enlarged thyroid, brittle nails, swollen extremeties, depression, irritability, abnormal menstruation",reduce stress | exercise | eat healthy | get proper sleep
Hypothyroidism,"fatigue, cold hands and feets, mood swings, lethargy, dizziness, puffy face and eyes, enlarged thyroid, brittle nails, swollen extremeties, depression, irritability, abnormal menstruation",reduce stress | exercise | eat healthy | get proper sleep
Hypothyroidism,"fatigue, weight gain, mood swings, lethargy, dizziness, puffy face and eyes, enlarged thyroid, brittle nails, swollen extremeties, depression, irritability, abnormal menstruation",reduce stress | exercise | eat healthy | get proper sleep
Hypothyroidism,"fatigue, weight gain, cold hands and feets, lethargy, dizziness, puffy face and eyes, enlarged thyroid, brittle nails, swollen extremeties, depression, irritability, abnormal menstruation",reduce stress | exercise | eat healthy | get proper sleep
Hypothyroidism,"fatigue, weight gain, cold hands and feets, mood swings, dizziness, puffy face and eyes, enlarged thyroid, brittle nails, swollen extremeties, depression, irritability, abnormal menstruation",reduce stress | exercise | eat healthy | get proper sleep
Hypothyroidism,"fatigue, weight gain, cold hands and feets, mood swings, lethargy, puffy face and eyes, enlarged thyroid, brittle nails, swollen extremeties, depression, irritability, abnormal menstruation",reduce stress | exercise | eat healthy | get proper sleep
Hypothyroidism,"fatigue, weight gain, cold hands and feets, mood swings, lethargy, dizziness, enlarged thyroid, brittle nails, swollen extremeties, depression, irritability, abnormal menstruation",reduce stress | exercise | eat healthy | get proper sleep
Hyperthyroidism,"fatigue, mood swings, weight loss, restlessness, sweating, diarrhoea, fast heart rate, excessive hunger, muscle weakness, irritability, abnormal menstruation",eat healthy | massage | use lemon balm | take radioactive iodine treatment
Hyperthyroidism,"fatigue, mood swings, weight loss, restlessness, sweating, diarrhoea, fast heart rate, excessive hunger, muscle weakness, irritability, abnormal menstruation",eat healthy | massage | use lemon balm | take radioactive iodine treatment
Hyperthyroidism,"mood swings, weight loss, restlessness, sweating, diarrhoea, fast heart rate, excessive hunger, muscle weakness, irritability, abnormal menstruation",eat healthy | massage | use lemon balm | take radioactive iodine treatment
Hyperthyroidism,"fatigue, weight loss, restlessness, sweating, diarrhoea, fast heart rate, excessive hunger, muscle weakness, irritability, abnormal menstruation",eat healthy | massage | use lemon balm | take radioactive iodine treatment
Hyperthyroidism,"fatigue, mood swings, restlessness, sweating, diarrhoea, fast heart rate, excessive hunger, muscle weakness, irritability, abnormal menstruation",eat healthy | massage | use lemon balm | take radioactive iodine treatment
Hyperthyroidism,"fatigue, mood swings, weight loss, sweating, diarrhoea, fast heart rate, excessive hunger, muscle weakness, irritability, abnormal menstruation",eat healthy | massage | use lemon balm | take radioactive iodine treatment
Hyperthyroidism,"fatigue, mood swings, weight loss, restlessness, diarrhoea, fast heart rate, excessive hunger, muscle weakness, irritability, abnormal menstruation",eat healthy | massage | use lemon balm | take radioactive iodine treatment
Hyperthyroidism,"fatigue, mood swings, weight loss, restlessness, sweating, fast heart rate, excessive hunger, muscle weakness, irritability, abnormal menstruation",eat healthy | massage | use lemon balm | take radioactive iodine treatment
Hyperthyroidism,"fatigue, mood swings, weight loss, restlessness, sweating, diarrhoea, excessive hunger, muscle weakness, irritability, abnormal menstruation",eat healthy | massage | use lemon balm | take radioactive iodine treatment
Hyperthyroidism,"fatigue, mood swings, weight loss, restlessness, sweating, diarrhoea, fast heart rate, muscle weakness, irritability, abnormal menstruation",eat healthy | massage | use lemon balm | take radioactive iodine treatment
Hypoglycemia,"vomiting, fatigue, anxiety, sweating, headache, nausea, blurred and distorted vision, excessive hunger, slurred speech, irritability, palpitations",lie down on side | check in pulse | drink sugary drinks | consult doctor
Hypoglycemia,"vomiting, fatigue, anxiety, sweating, headache, nausea, blurred and distorted vision, excessive hunger, drying and tingling lips, slurred speech, irritability, palpitations",lie down on side | check in pulse | drink sugary drinks | consult doctor
Hypoglycemia,"vomiting, fatigue, anxiety, sweating, headache, nausea, blurred and distorted vision, excessive hunger, drying and tingling lips, slurred speech, irritability, palpitations",lie down on side | check in pulse | drink sugary drinks | consult doctor
Hypoglycemia,"fatigue, anxiety, sweating, headache, nausea, blurred and distorted vision, excessive hunger, drying and tingling lips, slurred speech, irritability, palpitations",lie down on side | check in pulse | drink sugary drinks | consult doctor
Hypoglycemia,"vomiting, anxiety, sweating, headache, nausea, blurred and distorted vision, excessive hunger, drying and tingling lips, slurred speech, irritability, palpitations",lie down on side | check in pulse | drink sugary drinks | consult doctor
Hypoglycemia,"vomiting, fatigue, sweating, headache, nausea, blurred and distorted vision, excessive hunger, drying and tingling lips, slurred speech, irritability, palpitations",lie down on side | check in pulse | drink sugary drinks | consult doctor
Hypoglycemia,"vomiting, fatigue, anxiety, headache, nausea, blurred and distorted vision, excessive hunger, drying and tingling lips, slurred speech, irritability, palpitations",lie down on side | check in pulse | drink sugary drinks | consult doctor
Hypoglycemia,"vomiting, fatigue, anxiety, sweating, nausea, blurred and distorted vision, excessive hunger, drying and tingling lips, slurred speech, irritability, palpitations",lie down on side | check in pulse | drink sugary drinks | consult doctor
Hypoglycemia,"vomiting, fatigue, anxiety, sweating, headache, blurred and distorted vision, excessive hunger, drying and tingling lips, slurred speech, irritability, palpitations",lie down on side | check in pulse | drink sugary drinks | consult doctor
Hypoglycemia,"vomiting, fatigue, anxiety, sweating, headache, nausea, excessive hunger, drying and tingling lips, slurred speech, irritability, palpitations",lie down on side | check in pulse | drink sugary drinks | consult doctor
Osteoarthristis,"joint pain, neck pain, knee pain, hip joint pain, swelling joints, painful walking",acetaminophen | consult nearest hospital | follow up | salt baths
Osteoarthristis,"joint pain, neck pain, knee pain, hip joint pain, swelling joints, painful walking",acetaminophen | consult nearest hospital | follow up | salt baths
Osteoarthristis,"neck pain, knee pain, hip joint pain, swelling joints, painful walking",acetaminophen | consult nearest hospital | follow up | salt baths
Osteoarthristis,"joint pain, knee pain, hip joint pain, swelling joints, painful walking",acetaminophen | consult nearest hospital | follow up | salt baths
Osteoarthristis,"joint pain, neck pain, hip joint pain, swelling joints, painful walking",acetaminophen | consult nearest hospital | follow up | salt baths
Osteoarthristis,"joint pain, neck pain, knee pain, swelling joints, painful walking",acetaminophen | consult nearest hospital | follow up | salt baths
Osteoarthristis,"joint pain, neck pain, knee pain, hip joint pain, painful walking",acetaminophen | consult nearest hospital | follow up | salt baths
Osteoarthristis,"joint pain, neck pain, knee pain, hip joint pain, swelling joints",acetaminophen | consult nearest hospital | follow up | salt baths
Osteoarthristis,"joint pain, neck pain, knee pain, hip joint pain, swelling joints, painful walking",acetaminophen | consult nearest hospital | follow up | salt baths
Osteoarthristis,"joint pain, neck pain, knee pain, hip joint pain, swelling joints, painful walking",acetaminophen | consult nearest hospital | follow up | salt baths
Arthritis,"muscle weakness, stiff neck, swelling joints, movement stiffness, painful walking",exercise | use hot and cold therapy | try acupuncture | massage
Arthritis,"muscle weakness, stiff neck, swelling joints, movement stiffness, painful walking",exercise | use hot and cold therapy | try acupuncture | massage
Arthritis,"stiff neck, swelling joints, movement stiffness, painful walking",exercise | use hot and cold therapy | try acupuncture | massage
Arthritis,"muscle weakness, swelling joints, movement stiffness, painful walking",exercise | use hot and cold therapy | try acupuncture | massage
Arthritis,"muscle weakness, stiff neck, movement stiffness, painful walking",exercise | use hot and cold therapy | try acupuncture | massage
Arthritis,"muscle weakness, stiff neck, swelling joints, painful walking",exercise | use hot and cold therapy | try acupuncture | massage
Arthritis,"muscle weakness, stiff neck, swelling joints, movement stiffness, painful walking",exercise | use hot and cold therapy | try acupuncture | massage
Arthritis,"muscle weakness, stiff neck, swelling joints, movement stiffness",exercise | use hot and cold therapy | try acupuncture | massage
Arthritis,"muscle weakness, stiff neck, swelling joints, movement stiffness, painful walking",exercise | use hot and cold therapy | try acupuncture | massage
Arthritis,"muscle weakness, stiff neck, swelling joints, movement stiffness, painful walking",exercise | use hot and cold therapy | try acupuncture | massage
(vertigo) Paroymsal  Positional Vertigo,"vomiting, headache, nausea, spinning movements, loss of balance, unsteadiness",lie down | avoid sudden change in body | avoid abrupt head movment | relax
(vertigo) Paroymsal  Positional Vertigo,"vomiting, headache, nausea, spinning movements, loss of balance, unsteadiness",lie down | avoid sudden change in body | avoid abrupt head movment | relax
(vertigo) Paroymsal  Positional Vertigo,"headache, nausea, spinning movements, loss of balance, unsteadiness",lie down | avoid sudden change in body | avoid abrupt head movment | relax
(vertigo) Paroymsal  Positional Vertigo,"vomiting, nausea, spinning movements, loss of balance, unsteadiness",lie down | avoid sudden change in body | avoid abrupt head movment | relax
(vertigo) Paroymsal  Positional Vertigo,"vomiting, headache, spinning movements, loss of balance, unsteadiness",lie down | avoid sudden change in body | avoid abrupt head movment | relax
(vertigo) Paroymsal  Positional Vertigo,"vomiting, headache, nausea, loss of balance, unsteadiness",lie down | avoid sudden change in body | avoid abrupt head movment | relax
(vertigo) Paroymsal  Positional Vertigo,"vomiting, headache, nausea, spinning movements, unsteadiness",lie down | avoid sudden change in body | avoid abrupt head movment | relax
(vertigo) Paroymsal  Positional Vertigo,"vomiting, headache, nausea, spinning movements, loss of balance",lie down | avoid sudden change in body | avoid abrupt head movment | relax
(vertigo) Paroymsal  Positional Vertigo,"vomiting, headache, nausea, spinning movements, loss of balance, unsteadiness",lie down | avoid sudden change in body | avoid abrupt head movment | relax
(vertigo) Paroymsal  Positional Vertigo,"vomiting, headache, nausea, loss of balance, unsteadiness",lie down | avoid sudden change in body | avoid abrupt head movment | relax
Acne,"skin rash, pus filled pimples, blackheads, scurring",bath twice | avoid fatty spicy food | drink plenty of water | avoid too many products
Acne,"skin rash, pus filled pimples, blackheads, scurring",bath twice | avoid fatty spicy food | drink plenty of water | avoid too many products
Acne,"pus filled pimples, blackheads, scurring",bath twice | avoid fatty spicy food | drink plenty of water | avoid too many products
Acne,"skin rash, blackheads, scurring",bath twice | avoid fatty spicy food | drink plenty of water | avoid too many products
Acne,"skin rash, pus filled pimples, scurring",bath twice | avoid fatty spicy food | drink plenty of water | avoid too many products
Acne,"skin rash, pus filled pimples, blackheads",bath twice | avoid fatty spicy food | drink plenty of water | avoid too many products
Acne,"skin rash, pus filled pimples, blackheads, scurring",bath twice | avoid fatty spicy food | drink plenty of water | avoid too many products
Acne,"skin rash, pus filled pimples, blackheads",bath twice | avoid fatty spicy food | drink plenty of water | avoid too many products
Acne,"skin rash, pus filled pimples, scurring",bath twice | avoid fatty spicy food | drink plenty of water | avoid too many products
Acne,"skin rash, blackheads, scurring",bath twice | avoid fatty spicy food | drink plenty of water | avoid too many products
Urinary tract infection,"burning micturition, bladder discomfort, foul smell of urine, continuous feel of urine",drink plenty of water | increase vitamin c intake | drink cranberry juice | take probiotics
Urinary tract infection,"burning micturition, bladder discomfort, foul smell of urine, continuous feel of urine",drink plenty of water | increase vitamin c intake | drink cranberry juice | take probiotics
Urinary tract infection,"bladder discomfort, foul smell of urine, continuous feel of urine",drink plenty of water | increase vitamin c intake | drink cranberry juice | take probiotics
Urinary tract infection,"burning micturition, foul smell of urine, continuous feel of urine",drink plenty of water | increase vitamin c intake | drink cranberry juice | take probiotics
Urinary tract infection,"burning micturition, bladder discomfort, continuous feel of urine",drink plenty of water | increase vitamin c intake | drink cranberry juice | take probiotics
Urinary tract infection,"burning micturition, bladder discomfort, foul smell of urine",drink plenty of water | increase vitamin c intake | drink cranberry juice | take probiotics
Urinary tract infection,"burning micturition, bladder discomfort, foul smell of urine, continuous feel of urine",drink plenty of water | increase vitamin c intake | drink cranberry juice | take probiotics
Urinary tract infection,"burning micturition, bladder discomfort, continuous feel of urine",drink plenty of water | increase vitamin c intake | drink cranberry juice | take probiotics
Urinary tract infection,"bladder discomfort, foul smell of urine, continuous feel of urine",drink plenty of water | increase vitamin c intake | drink cranberry juice | take probiotics
Urinary tract infection,"burning micturition, bladder discomfort, continuous feel of urine",drink plenty of water | increase vitamin c intake | drink cranberry juice | take probiotics
Psoriasis,"skin rash, joint pain, skin peeling, silver like dusting, small dents in nails, inflammatory nails",wash hands with warm soapy water | stop bleeding using pressure | consult doctor | salt baths
Psoriasis,"skin rash, joint pain, skin peeling, silver like dusting, small dents in nails, inflammatory nails",wash hands with warm soapy water | stop bleeding using pressure | consult doctor | salt baths
Psoriasis,"joint pain, skin peeling, silver like dusting, small dents in nails, inflammatory nails",wash hands with warm soapy water | stop bleeding using pressure | consult doctor | salt baths
Psoriasis,"skin rash, skin peeling, silver like dusting, small dents in nails, inflammatory nails",wash hands with warm soapy water | stop bleeding using pressure | consult doctor | salt baths
Psoriasis,"skin rash, joint pain, silver like dusting, small dents in nails, inflammatory nails",wash hands with warm soapy water | stop bleeding using pressure | consult doctor | salt baths
Psoriasis,"skin rash, joint pain, skin peeling, small dents in nails, inflammatory nails",wash hands with warm soapy water | stop bleeding using pressure | consult doctor | salt baths
Psoriasis,"skin rash, joint pain, skin peeling, silver like dusting, inflammatory nails",wash hands with warm soapy water | stop bleeding using pressure | consult doctor | salt baths
Psoriasis,"skin rash, joint pain, skin peeling, silver like dusting, small dents in nails",wash hands with warm soapy water | stop bleeding using pressure | consult doctor | salt baths
Psoriasis,"skin rash, joint pain, skin peeling, silver like dusting, small dents in nails, inflammatory nails",wash hands with warm soapy water | stop bleeding using pressure | consult doctor | salt baths
Psoriasis,"skin rash, joint pain, skin peeling, silver like dusting, small dents in nails, inflammatory nails",wash hands with warm soapy water | stop bleeding using pressure | consult doctor | salt baths
Impetigo,"skin rash, high fever, blister, red sore around nose, yellow crust ooze",soak affected area in warm water | use antibiotics | remove scabs with wet compressed cloth | consult doctor
Impetigo,"skin rash, high fever, blister, red sore around nose, yellow crust ooze",soak affected area in warm water | use antibiotics | remove scabs with wet compressed cloth | consult doctor
Impetigo,"high fever, blister, red sore around nose, yellow crust ooze",soak affected area in warm water | use antibiotics | remove scabs with wet compressed cloth | consult doctor
Impetigo,"skin rash, blister, red sore around nose, yellow crust ooze",soak affected area in warm water | use antibiotics | remove scabs with wet compressed cloth | consult doctor
Impetigo,"skin rash, blister, red sore around nose, yellow crust ooze",soak affected area in warm water | use antibiotics | remove scabs with wet compressed cloth | consult doctor
Impetigo,"skin rash, high fever, red sore around nose, yellow crust ooze",soak affected area in warm water | use antibiotics | remove scabs with wet compressed cloth | consult doctor
Impetigo,"skin rash, high fever, blister, yellow crust ooze",soak affected area in warm water | use antibiotics | remove scabs with wet compressed cloth | consult doctor
Impetigo,"skin rash, high fever, blister, red sore around nose",soak affected area in warm water | use antibiotics | remove scabs with wet compressed cloth | consult doctor
Impetigo,"skin rash, high fever, blister, red sore around nose, yellow crust ooze",soak affected area in warm water | use antibiotics | remove scabs with wet compressed cloth | consult doctor
Impetigo,"skin rash, blister, red sore around nose, yellow crust ooze",soak affected area in warm water | use antibiotics | remove scabs with wet compressed cloth | consult doctor
Fungal infection,"itching, skin rash, nodal skin eruptions, dischromic  patches",bath twice | use detol or neem in bathing water | keep infected area dry | use clean cloths
Fungal infection,"skin rash, nodal skin eruptions, dischromic  patches",bath twice | use detol or neem in bathing water | keep infected area dry | use clean cloths
Fungal infection,"itching, nodal skin eruptions, dischromic  patches",bath twice | use detol or neem in bathing water | keep infected area dry | use clean cloths
Fungal infection,"itching, skin rash, dischromic  patches",bath twice | use detol or neem in bathing water | keep infected area dry | use clean cloths
Fungal infection,"itching, skin rash, nodal skin eruptions",bath twice | use detol or neem in bathing water | keep infected area dry | use clean cloths
Fungal infection,"skin rash, nodal skin eruptions, dischromic  patches",bath twice | use detol or neem in bathing water | keep infected area dry | use clean cloths
Fungal infection,"itching, nodal skin eruptions, dischromic  patches",bath twice | use detol or neem in bathing water | keep infected area dry | use clean cloths
Fungal infection,"itching, skin rash, dischromic  patches",bath twice | use detol or neem in bathing water | keep infected area dry | use clean cloths
Fungal infection,"itching, skin rash, nodal skin eruptions",bath twice | use detol or neem in bathing water | keep infected area dry | use clean cloths
Fungal infection,"itching, skin rash, nodal skin eruptions, dischromic  patches",bath twice | use detol or neem in bathing water | keep infected area dry | use clean cloths
Allergy,"continuous sneezing, shivering, chills, watering from eyes",Consult a doctor | Get adequate rest | Stay hydrated | Follow prescribed treatment
Allergy,"shivering, chills, watering from eyes",Consult a doctor | Get adequate rest | Stay hydrated | Follow prescribed treatment
Allergy,"continuous sneezing, chills, watering from eyes",Consult a doctor | Get adequate rest | Stay hydrated | Follow prescribed treatment
Allergy,"continuous sneezing, shivering, watering from eyes",Consult a doctor | Get adequate rest | Stay hydrated | Follow prescribed treatment
Allergy,"continuous sneezing, shivering, chills",Consult a doctor | Get adequate rest | Stay hydrated | Follow prescribed treatment
Allergy,"shivering, chills, watering from eyes",Consult a doctor | Get adequate rest | Stay hydrated | Follow prescribed treatment
Allergy,"continuous sneezing, chills, watering from eyes",Consult a doctor | Get adequate rest | Stay hydrated | Follow prescribed treatment
Allergy,"continuous sneezing, shivering, watering from eyes",Consult a doctor | Get adequate rest | Stay hydrated | Follow prescribed treatment
Allergy,"continuous sneezing, shivering, chills",Consult a doctor | Get adequate rest | Stay hydrated | Follow prescribed treatment
Allergy,"continuous sneezing, shivering, chills, watering from eyes",Consult a doctor | Get adequate rest | Stay hydrated | Follow prescribed treatment
GERD,"stomach pain, acidity, ulcers on tongue, vomiting, cough, chest pain",avoid fatty spicy food | avoid lying down after eating | maintain healthy weight | exercise
GERD,"stomach pain, ulcers on tongue, vomiting, cough, chest pain",avoid fatty spicy food | avoid lying down after eating | maintain healthy weight | exercise
GERD,"stomach pain, acidity, vomiting, cough, chest pain",avoid fatty spicy food | avoid lying down after eating | maintain healthy weight | exercise
GERD,"stomach pain, acidity, ulcers on tongue, cough, chest pain",avoid fatty spicy food | avoid lying down after eating | maintain healthy weight | exercise
GERD,"stomach pain, acidity, ulcers on tongue, vomiting, chest pain",avoid fatty spicy food | avoid lying down after eating | maintain healthy weight | exercise
GERD,"stomach pain, acidity, ulcers on tongue, vomiting, cough",avoid fatty spicy food | avoid lying down after eating | maintain healthy weight | exercise
GERD,"acidity, ulcers on tongue, vomiting, cough, chest pain",avoid fatty spicy food | avoid lying down after eating | maintain healthy weight | exercise
GERD,"stomach pain, ulcers on tongue, vomiting, cough, chest pain",avoid fatty spicy food | avoid lying down after eating | maintain healthy weight | exercise
GERD,"stomach pain, acidity, vomiting, cough, chest pain",avoid fatty spicy food | avoid lying down after eating | maintain healthy weight | exercise
GERD,"stomach pain, acidity, ulcers on tongue, cough, chest pain",avoid fatty spicy food | avoid lying down after eating | maintain healthy weight | exercise
Chronic cholestasis,"itching, vomiting, yellowish skin, nausea, loss of appetite, abdominal pain, yellowing of eyes",cold baths | anti itch medicine | consult doctor | eat healthy
Chronic cholestasis,"vomiting, yellowish skin, nausea, loss of appetite, abdominal pain, yellowing of eyes",cold baths | anti itch medicine | consult doctor | eat healthy
Chronic cholestasis,"itching, yellowish skin, nausea, loss of appetite, abdominal pain, yellowing of eyes",cold baths | anti itch medicine | consult doctor | eat healthy
Chronic cholestasis,"itching, vomiting, nausea, loss of appetite, abdominal pain, yellowing of eyes",cold baths | anti itch medicine | consult doctor | eat healthy
Chronic cholestasis,"itching, vomiting, yellowish skin, loss of appetite, abdominal pain, yellowing of eyes",cold baths | anti itch medicine | consult doctor | eat healthy
Chronic cholestasis,"itching, vomiting, yellowish skin, nausea, abdominal pain, yellowing of eyes",cold baths | anti itch medicine | consult doctor | eat healthy
Chronic cholestasis,"itching, vomiting, yellowish skin, nausea, loss of appetite, yellowing of eyes",cold baths | anti itch medicine | consult doctor | eat healthy
Chronic cholestasis,"itching, vomiting, yellowish skin, nausea, loss of appetite, abdominal pain",cold baths | anti itch medicine | consult doctor | eat healthy
Chronic cholestasis,"itching, vomiting, yellowish skin, nausea, loss of appetite, abdominal pain, yellowing of eyes",cold baths | anti itch medicine | consult doctor | eat healthy
Chronic cholestasis,"itching, vomiting, yellowish skin, nausea, loss of appetite, abdominal pain, yellowing of eyes",cold baths | anti itch medicine | consult doctor | eat healthy
Drug Reaction,"itching, skin rash, stomach pain, burning micturition, spotting  urination",Consult a doctor | Get adequate rest | Stay hydrated | Follow prescribed treatment
Drug Reaction,"itching, stomach pain, burning micturition, spotting  urination",Consult a doctor | Get adequate rest | Stay hydrated | Follow prescribed treatment
Drug Reaction,"itching, skin rash, burning micturition, spotting  urination",Consult a doctor | Get adequate rest | Stay hydrated | Follow prescribed treatment
Drug Reaction,"itching, skin rash, stomach pain, spotting  urination",Consult a doctor | Get adequate rest | Stay hydrated | Follow prescribed treatment
Drug Reaction,"itching, skin rash, stomach pain, burning micturition",Consult a doctor | Get adequate rest | Stay hydrated | Follow prescribed treatment
Drug Reaction,"skin rash, stomach pain, burning micturition, spotting  urination",Consult a doctor | Get adequate rest | Stay hydrated | Follow prescribed treatment
Drug Reaction,"itching, stomach pain, burning micturition, spotting  urination",Consult a doctor | Get adequate rest | Stay hydrated | Follow prescribed treatment
Drug Reaction,"itching, skin rash, burning micturition, spotting  urination",Consult a doctor | Get adequate rest | Stay hydrated | Follow prescribed treatment
Drug Reaction,"itching, skin rash, stomach pain, spotting  urination",Consult a doctor | Get adequate rest | Stay hydrated | Follow prescribed treatment
Drug Reaction,"itching, skin rash, stomach pain, burning micturition",Consult a doctor | Get adequate rest | Stay hydrated | Follow prescribed treatment
Peptic ulcer diseae,"vomiting, loss of appetite, abdominal pain, passage of gases, internal itching",avoid fatty spicy food | consume probiotic food | eliminate milk | limit alcohol
Peptic ulcer diseae,"vomiting, indigestion, abdominal pain, passage of gases, internal itching",avoid fatty spicy food | consume probiotic food | eliminate milk | limit alcohol
Peptic ulcer diseae,"indigestion, loss of appetite, abdominal pain, passage of gases, internal itching",avoid fatty spicy food | consume probiotic food | eliminate milk | limit alcohol
Peptic ulcer diseae,"vomiting, loss of appetite, abdominal pain, passage of gases, internal itching",avoid fatty spicy food | consume probiotic food | eliminate milk | limit alcohol
Peptic ulcer diseae,"vomiting, indigestion, abdominal pain, passage of gases, internal itching",avoid fatty spicy food | consume probiotic food | eliminate milk | limit alcohol
Peptic ulcer diseae,"vomiting, indigestion, loss of appetite, passage of gases, internal itching",avoid fatty spicy food | consume probiotic food | eliminate milk | limit alcohol
Peptic ulcer diseae,"vomiting, indigestion, loss of appetite, abdominal pain, internal itching",avoid fatty spicy food | consume probiotic food | eliminate milk | limit alcohol
Peptic ulcer diseae,"vomiting, indigestion, loss of appetite, abdominal pain, passage of gases",avoid fatty spicy food | consume probiotic food | eliminate milk | limit alcohol
Peptic ulcer diseae,"vomiting, indigestion, loss of appetite, abdominal pain, passage of gases, internal itching",avoid fatty spicy food | consume probiotic food | eliminate milk | limit alcohol
Peptic ulcer diseae,"vomiting, indigestion, loss of appetite, abdominal pain, passage of gases, internal itching",avoid fatty spicy food | consume probiotic food | eliminate milk | limit alcohol
AIDS,"muscle wasting, patches in throat, high fever, extra marital contacts",avoid open cuts | wear ppe if possible | consult doctor | follow up
AIDS,"patches in throat, high fever, extra marital contacts",avoid open cuts | wear ppe if possible | consult doctor | follow up
AIDS,"muscle wasting, high fever, extra marital contacts",avoid open cuts | wear ppe if possible | consult doctor | follow up
AIDS,"muscle wasting, patches in throat, extra marital contacts",avoid open cuts | wear ppe if possible | consult doctor | follow up
AIDS,"muscle wasting, patches in throat, high fever",avoid open cuts | wear ppe if possible | consult doctor | follow up
AIDS,"muscle wasting, patches in throat, high fever, extra marital contacts",avoid open cuts | wear ppe if possible | consult doctor | follow up
AIDS,"muscle wasting, patches in throat, high fever, extra marital contacts",avoid open cuts | wear ppe if possible | consult doctor | follow up
AIDS,"patches in throat, high fever, extra marital contacts",avoid open cuts | wear ppe if possible | consult doctor | follow up
AIDS,"muscle wasting, high fever, extra marital contacts",avoid open cuts | wear ppe if possible | consult doctor | follow up
AIDS,"muscle wasting, patches in throat, high fever",avoid open cuts | wear ppe if possible | consult doctor | follow up
Diabetes ,"fatigue, weight loss, restlessness, lethargy, irregular sugar level, blurred and distorted vision, obesity, excessive hunger, increased appetite, polyuria",have balanced diet | exercise | consult doctor | follow up
Diabetes ,"fatigue, weight loss, restlessness, lethargy, irregular sugar level, blurred and distorted vision, obesity, excessive hunger, increased appetite, polyuria",have balanced diet | exercise | consult doctor | follow up
Diabetes ,"weight loss, restlessness, lethargy, irregular sugar level, blurred and distorted vision, obesity, excessive hunger, increased appetite, polyuria",have balanced diet | exercise | consult doctor | follow up
Diabetes ,"fatigue, restlessness, lethargy, irregular sugar level, blurred and distorted vision, obesity, excessive hunger, increased appetite, polyuria",have balanced diet | exercise | consult doctor | follow up
Diabetes ,"fatigue, weight loss, lethargy, irregular sugar level, blurred and distorted vision, obesity, excessive hunger, increased appetite, polyuria",have balanced diet | exercise | consult doctor | follow up
Diabetes ,"fatigue, weight loss, restlessness, irregular sugar level, blurred and distorted vision, obesity, excessive hunger, increased appetite, polyuria",have balanced diet | exercise | consult doctor | follow up
Diabetes ,"fatigue, weight loss, restlessness, lethargy, blurred and distorted vision, obesity, excessive hunger, increased appetite, polyuria",have balanced diet | exercise | consult doctor | follow up
Diabetes ,"fatigue, weight loss, restlessness, lethargy, irregular sugar level, obesity, excessive hunger, increased appetite, polyuria",have balanced diet | exercise | consult doctor | follow up
Diabetes ,"fatigue, weight loss, restlessness, lethargy, irregular sugar level, blurred and distorted vision, excessive hunger, increased appetite, polyuria",have balanced diet | exercise | consult doctor | follow up
Diabetes ,"fatigue, weight loss, restlessness, lethargy, irregular sugar level, blurred and distorted vision, obesity, increased appetite, polyuria",have balanced diet | exercise | consult doctor | follow up
Gastroenteritis,"vomiting, sunken eyes, dehydration, diarrhoea",stop eating solid food for while | try taking small sips of water | rest | ease back into eating
Gastroenteritis,"vomiting, sunken eyes, dehydration, diarrhoea",stop eating solid food for while | try taking small sips of water | rest | ease back into eating
Gastroenteritis,"sunken eyes, dehydration, diarrhoea",stop eating solid food for while | try taking small sips of water | rest | ease back into eating
Gastroenteritis,"vomiting, dehydration, diarrhoea",stop eating solid food for while | try taking small sips of water | rest | ease back into eating
Gastroenteritis,"vomiting, sunken eyes, diarrhoea",stop eating solid food for while | try taking small sips of water | rest | ease back into eating
Gastroenteritis,"vomiting, sunken eyes, dehydration",stop eating solid food for while | try taking small sips of water | rest | ease back into eating
Gastroenteritis,"vomiting, sunken eyes, dehydration, diarrhoea",stop eating solid food for while | try taking small sips of water | rest | ease back into eating
Gastroenteritis,"sunken eyes, dehydration, diarrhoea",stop eating solid food for while | try taking small sips of water | rest | ease back into eating
Gastroenteritis,"vomiting, dehydration, diarrhoea",stop eating solid food for while | try taking small sips of water | rest | ease back into eating
Gastroenteritis,"vomiting, sunken eyes, diarrhoea",stop eating solid food for while | try taking small sips of water | rest | ease back into eating
Bronchial Asthma,"fatigue, cough, high fever, breathlessness, family history, mucoid sputum",switch to loose cloothing | take deep breaths | get away from trigger | seek help
Bronchial Asthma,"cough, high fever, breathlessness, family history, mucoid sputum",switch to loose cloothing | take deep breaths | get away from trigger | seek help
Bronchial Asthma,"fatigue, high fever, breathlessness, family history, mucoid sputum",switch to loose cloothing | take deep breaths | get away from trigger | seek help
Bronchial Asthma,"fatigue, cough, breathlessness, family history, mucoid sputum",switch to loose cloothing | take deep breaths | get away from trigger | seek help
Bronchial Asthma,"fatigue, cough, high fever, family history, mucoid sputum",switch to loose cloothing | take deep breaths | get away from trigger | seek help
Bronchial Asthma,"fatigue, cough, high fever, breathlessness, mucoid sputum",switch to loose cloothing | take deep breaths | get away from trigger | seek help
Bronchial Asthma,"fatigue, cough, high fever, breathlessness, family history",switch to loose cloothing | take deep breaths | get away from trigger | seek help
Bronchial Asthma,"fatigue, cough, high fever, breathlessness, family history, mucoid sputum",switch to loose cloothing | take deep breaths | get away from trigger | seek help
Bronchial Asthma,"cough, high fever, breathlessness, family history, mucoid sputum",switch to loose cloothing | take deep breaths | get away from trigger | seek help
Bronchial Asthma,"fatigue, high fever, breathlessness, family history, mucoid sputum",switch to loose cloothing | take deep breaths | get away from trigger | seek help
Hypertension ,"headache, chest pain, dizziness, loss of balance, lack of concentration",meditation | salt baths | reduce stress | get proper sleep
Hypertension ,"chest pain, dizziness, loss of balance, lack of concentration",meditation | salt baths | reduce stress | get proper sleep
Hypertension ,"headache, dizziness, loss of balance, lack of concentration",meditation | salt baths | reduce stress | get proper sleep
Hypertension ,"headache, chest pain, loss of balance, lack of concentration",meditation | salt baths | reduce stress | get proper sleep
Hypertension ,"headache, chest pain, dizziness, lack of concentration",meditation | salt baths | reduce stress | get proper sleep
Hypertension ,"headache, chest pain, dizziness, loss of balance",meditation | salt baths | reduce stress | get proper sleep
Hypertension ,"headache, chest pain, dizziness, loss of balance, lack of concentration",meditation | salt baths | reduce stress | get proper sleep
Hypertension ,"chest pain, dizziness, loss of balance, lack of concentration",meditation | salt baths | reduce stress | get proper sleep
Hypertension ,"headache, dizziness, loss of balance, lack of concentration",meditation | salt baths | reduce stress | get proper sleep
Hypertension ,"headache, chest pain, loss of balance, lack of concentration",meditation | salt baths | reduce stress | get proper sleep
Migraine,"acidity, indigestion, headache, blurred and distorted vision, excessive hunger, stiff neck, depression, irritability, visual disturbances",meditation | reduce stress | use poloroid glasses in sun | consult doctor
Migraine,"indigestion, headache, blurred and distorted vision, excessive hunger, stiff neck, depression, irritability, visual disturbances",meditation | reduce stress | use poloroid glasses in sun | consult doctor
Migraine,"acidity, headache, blurred and distorted vision, excessive hunger, stiff neck, depression, irritability, visual disturbances",meditation | reduce stress | use poloroid glasses in sun | consult doctor
Migraine,"acidity, indigestion, blurred and distorted vision, excessive hunger, stiff neck, depression, irritability, visual disturbances",meditation | reduce stress | use poloroid glasses in sun | consult doctor
Migraine,"acidity, indigestion, headache, excessive hunger, stiff neck, depression, irritability, visual disturbances",meditation | reduce stress | use poloroid glasses in sun | consult doctor
Migraine,"acidity, indigestion, headache, blurred and distorted vision, stiff neck, depression, irritability, visual disturbances",meditation | reduce stress | use poloroid glasses in sun | consult doctor
Migraine,"acidity, indigestion, headache, blurred and distorted vision, excessive hunger, depression, irritability, visual disturbances",meditation | reduce stress | use poloroid glasses in sun | consult doctor
Migraine,"acidity, indigestion, headache, blurred and distorted vision, excessive hunger, stiff neck, irritability, visual disturbances",meditation | reduce stress | use poloroid glasses in sun | consult doctor
Migraine,"acidity, indigestion, headache, blurred and distorted vision, excessive hunger, stiff neck, depression, visual disturbances",meditation | reduce stress | use poloroid glasses in sun | consult doctor
Migraine,"acidity, indigestion, headache, blurred and distorted vision, excessive hunger, stiff neck, depression, irritability",meditation | reduce stress | use poloroid glasses in sun | consult doctor
Cervical spondylosis,"back pain, weakness in limbs, neck pain, dizziness, loss of balance",use heating pad or cold pack | exercise | take otc pain reliver | consult doctor
Cervical spondylosis,"back pain, weakness in limbs, neck pain, dizziness, loss of balance",use heating pad or cold pack | exercise | take otc pain reliver | consult doctor
Cervical spondylosis,"weakness in limbs, neck pain, dizziness, loss of balance",use heating pad or cold pack | exercise | take otc pain reliver | consult doctor
Cervical spondylosis,"back pain, neck pain, dizziness, loss of balance",use heating pad or cold pack | exercise | take otc pain reliver | consult doctor
Cervical spondylosis,"back pain, weakness in limbs, dizziness, loss of balance",use heating pad or cold pack | exercise | take otc pain reliver | consult doctor
Cervical spondylosis,"back pain, weakness in limbs, neck pain, loss of balance",use heating pad or cold pack | exercise | take otc pain reliver | consult doctor
Cervical spondylosis,"back pain, weakness in limbs, neck pain, dizziness",use heating pad or cold pack | exercise | take otc pain reliver | consult doctor
Cervical spondylosis,"back pain, weakness in limbs, neck pain, dizziness, loss of balance",use heating pad or cold pack | exercise | take otc pain reliver | consult doctor
Cervical spondylosis,"weakness in limbs, neck pain, dizziness, loss of balance",use heating pad or cold pack | exercise | take otc pain reliver | consult doctor
Cervical spondylosis,"back pain, neck pain, dizziness, loss of balance",use heating pad or cold pack | exercise | take otc pain reliver | consult doctor
Paralysis (brain hemorrhage),"vomiting, headache, weakness of one body side, altered sensorium",massage | eat healthy | exercise | consult doctor
Paralysis (brain hemorrhage),"vomiting, headache, weakness of one body side, altered sensorium",massage | eat healthy | exercise | consult doctor
Paralysis (brain hemorrhage),"headache, weakness of one body side, altered sensorium",massage | eat healthy | exercise | consult doctor
Paralysis (brain hemorrhage),"vomiting, weakness of one body side, altered sensorium",massage | eat healthy | exercise | consult doctor
Paralysis (brain hemorrhage),"vomiting, headache, altered sensorium",massage | eat healthy | exercise | consult doctor
Paralysis (brain hemorrhage),"vomiting, headache, weakness of one body side",massage | eat healthy | exercise | consult doctor
Paralysis (brain hemorrhage),"vomiting, headache, weakness of one body side, altered sensorium",massage | eat healthy | exercise | consult doctor
Paralysis (brain hemorrhage),"headache, weakness of one body side, altered sensorium",massage | eat healthy | exercise | consult doctor
Paralysis (brain hemorrhage),"vomiting, weakness of one body side, altered sensorium",massage | eat healthy | exercise | consult doctor
Paralysis (brain hemorrhage),"vomiting, headache, altered sensorium",massage | eat healthy | exercise | consult doctor
Jaundice,"itching, vomiting, fatigue, weight loss, high fever, yellowish skin, dark urine, abdominal pain",drink plenty of water | consume milk thistle | eat fruits and high fiberous food | medication
Jaundice,"itching, vomiting, fatigue, weight loss, high fever, yellowish skin, dark urine, abdominal pain",drink plenty of water | consume milk thistle | eat fruits and high fiberous food | medication
Jaundice,"vomiting, fatigue, weight loss, high fever, yellowish skin, dark urine, abdominal pain",drink plenty of water | consume milk thistle | eat fruits and high fiberous food | medication
Jaundice,"itching, fatigue, weight loss, high fever, yellowish skin, dark urine, abdominal pain",drink plenty of water | consume milk thistle | eat fruits and high fiberous food | medication
Jaundice,"itching, vomiting, weight loss, high fever, yellowish skin, dark urine, abdominal pain",drink plenty of water | consume milk thistle | eat fruits and high fiberous food | medication
Jaundice,"itching, vomiting, fatigue, high fever, yellowish skin, dark urine, abdominal pain",drink plenty of water | consume milk thistle | eat fruits and high fiberous food | medication
Jaundice,"itching, vomiting, fatigue, weight loss, yellowish skin, dark urine, abdominal pain",drink plenty of water | consume milk thistle | eat fruits and high fiberous food | medication
Jaundice,"itching, vomiting, fatigue, weight loss, high fever, dark urine, abdominal pain",drink plenty of water | consume milk thistle | eat fruits and high fiberous food | medication
Jaundice,"itching, vomiting, fatigue, weight loss, high fever, yellowish skin, abdominal pain",drink plenty of water | consume milk thistle | eat fruits and high fiberous food | medication
Jaundice,"itching, vomiting, fatigue, weight loss, high fever, yellowish skin, dark urine",drink plenty of water | consume milk thistle | eat fruits and high fiberous food | medication
Malaria,"chills, vomiting, high fever, sweating, headache, nausea, muscle pain",Consult nearest hospital | avoid oily food | avoid non veg food | keep mosquitos out
Malaria,"chills, vomiting, high fever, sweating, headache, nausea, diarrhoea, muscle pain",Consult nearest hospital | avoid oily food | avoid non veg food | keep mosquitos out
Malaria,"chills, vomiting, high fever, sweating, headache, nausea, diarrhoea, muscle pain",Consult nearest hospital | avoid oily food | avoid non veg food | keep mosquitos out
Malaria,"vomiting, high fever, sweating, headache, nausea, diarrhoea, muscle pain",Consult nearest hospital | avoid oily food | avoid non veg food | keep mosquitos out
Malaria,"chills, high fever, sweating, headache, nausea, diarrhoea, muscle pain",Consult nearest hospital | avoid oily food | avoid non veg food | keep mosquitos out
Malaria,"chills, vomiting, sweating, headache, nausea, diarrhoea, muscle pain",Consult nearest hospital | avoid oily food | avoid non veg food | keep mosquitos out
Malaria,"chills, vomiting, high fever, headache, nausea, diarrhoea, muscle pain",Consult nearest hospital | avoid oily food | avoid non veg food | keep mosquitos out
Malaria,"chills, vomiting, high fever, sweating, nausea, diarrhoea, muscle pain",Consult nearest hospital | avoid oily food | avoid non veg food | keep mosquitos out
Malaria,"chills, vomiting, high fever, sweating, headache, diarrhoea, muscle pain",Consult nearest hospital | avoid oily food | avoid non veg food | keep mosquitos out
Malaria,"chills, vomiting, high fever, sweating, headache, nausea, muscle pain",Consult nearest hospital | avoid oily food | avoid non veg food | keep mosquitos out
Chicken pox,"itching, skin rash, fatigue, lethargy, high fever, headache, loss of appetite, mild fever, swelled lymph nodes, malaise, red spots over body",use neem in bathing | consume neem leaves | take vaccine | avoid public places
Chicken pox,"skin rash, fatigue, lethargy, high fever, headache, loss of appetite, mild fever, swelled lymph nodes, malaise, red spots over body",use neem in bathing | consume neem leaves | take vaccine | avoid public places
Chicken pox,"itching, fatigue, lethargy, high fever, headache, loss of appetite, mild fever, swelled lymph nodes, malaise, red spots over body",use neem in bathing | consume neem leaves | take vaccine | avoid public places
Chicken pox,"itching, skin rash, lethargy, high fever, headache, loss of appetite, mild fever, swelled lymph nodes, malaise, red spots over body",use neem in bathing | consume neem leaves | take vaccine | avoid public places
Chicken pox,"itching, skin rash, fatigue, high fever, headache, loss of appetite, mild fever, swelled lymph nodes, malaise, red spots over body",use neem in bathing | consume neem leaves | take vaccine | avoid public places
Chicken pox,"itching, skin rash, fatigue, lethargy, headache, loss of appetite, mild fever, swelled lymph nodes, malaise, red spots over body",use neem in bathing | consume neem leaves | take vaccine | avoid public places
Chicken pox,"itching, skin rash, fatigue, lethargy, high fever, loss of appetite, mild fever, swelled lymph nodes, malaise, red spots over body",use neem in bathing | consume neem leaves | take vaccine | avoid public places
Chicken pox,"itching, skin rash, fatigue, lethargy, high fever, headache, mild fever, swelled lymph nodes, malaise, red spots over body",use neem in bathing | consume neem leaves | take vaccine | avoid public places
Chicken pox,"itching, skin rash, fatigue, lethargy, high fever, headache, loss of appetite, swelled lymph nodes, malaise, red spots over body",use neem in bathing | consume neem leaves | take vaccine | avoid public places
Chicken pox,"itching, skin rash, fatigue, lethargy, high fever, headache, loss of appetite, mild fever, malaise, red spots over body",use neem in bathing | consume neem leaves | take vaccine | avoid public places
Dengue,"skin rash, chills, joint pain, vomiting, fatigue, high fever, headache, nausea, loss of appetite, pain behind the eyes, back pain, muscle pain, red spots over body",drink papaya leaf juice | avoid fatty spicy food | keep mosquitos away | keep hydrated
Dengue,"skin rash, chills, joint pain, vomiting, fatigue, high fever, headache, nausea, loss of appetite, pain behind the eyes, back pain, malaise, red spots over body",drink papaya leaf juice | avoid fatty spicy food | keep mosquitos away | keep hydrated
Dengue,"skin rash, chills, joint pain, vomiting, fatigue, high fever, headache, nausea, loss of appetite, pain behind the eyes, back pain, malaise, muscle pain",drink papaya leaf juice | avoid fatty spicy food | keep mosquitos away | keep hydrated
Dengue,"skin rash, chills, joint pain, vomiting, fatigue, high fever, headache, nausea, loss of appetite, pain behind the eyes, back pain, malaise, muscle pain, red spots over body",drink papaya leaf juice | avoid fatty spicy food | keep mosquitos away | keep hydrated
Dengue,"chills, joint pain, vomiting, fatigue, high fever, headache, nausea, loss of appetite, pain behind the eyes, back pain, malaise, muscle pain, red spots over body",drink papaya leaf juice | avoid fatty spicy food | keep mosquitos away | keep hydrated
Dengue,"skin rash, joint pain, vomiting, fatigue, high fever, headache, nausea, loss of appetite, pain behind the eyes, back pain, malaise, muscle pain, red spots over body",drink papaya leaf juice | avoid fatty spicy food | keep mosquitos away | keep hydrated
Dengue,"skin rash, chills, vomiting, fatigue, high fever, headache, nausea, loss of appetite, pain behind the eyes, back pain, malaise, muscle pain, red spots over body",drink papaya leaf juice | avoid fatty spicy food | keep mosquitos away | keep hydrated
Dengue,"skin rash, chills, joint pain, fatigue, high fever, headache, nausea, loss of appetite, pain behind the eyes, back pain, malaise, muscle pain, red spots over body",drink papaya leaf juice | avoid fatty spicy food | keep mosquitos away | keep hydrated
Dengue,"skin rash, chills, joint pain, vomiting, high fever, headache, nausea, loss of appetite, pain behind the eyes, back pain, malaise, muscle pain, red spots over body",drink papaya leaf juice | avoid fatty spicy food | keep mosquitos away | keep hydrated
Dengue,"skin rash, chills, joint pain, vomiting, fatigue, headache, nausea, loss of appetite, pain behind the eyes, back pain, malaise, muscle pain, red spots over body",drink papaya leaf juice | avoid fatty spicy food | keep mosquitos away | keep hydrated
Typhoid,"chills, vomiting, fatigue, high fever, nausea, constipation, abdominal pain, diarrhoea, toxic look (typhos), belly pain",eat high calorie vegitables | antiboitic therapy | consult doctor | medication
Typhoid,"chills, vomiting, fatigue, high fever, headache, constipation, abdominal pain, diarrhoea, toxic look (typhos), belly pain",eat high calorie vegitables | antiboitic therapy | consult doctor | medication
Typhoid,"chills, vomiting, fatigue, high fever, headache, nausea, abdominal pain, diarrhoea, toxic look (typhos), belly pain",eat high calorie vegitables | antiboitic therapy | consult doctor | medication
Typhoid,"chills, vomiting, fatigue, high fever, headache, nausea, constipation, diarrhoea, toxic look (typhos), belly pain",eat high calorie vegitables | antiboitic therapy | consult doctor | medication
Typhoid,"chills, vomiting, fatigue, high fever, headache, nausea, constipation, abdominal pain, toxic look (typhos), belly pain",eat high calorie vegitables | antiboitic therapy | consult doctor | medication
Typhoid,"chills, vomiting, fatigue, high fever, headache, nausea, constipation, abdominal pain, diarrhoea, belly pain",eat high calorie vegitables | antiboitic therapy | consult doctor | medication
Typhoid,"chills, vomiting, fatigue, high fever, headache, nausea, constipation, abdominal pain, diarrhoea, toxic look (typhos)",eat high calorie vegitables | antiboitic therapy | consult doctor | medication
Typhoid,"chills, vomiting, fatigue, high fever, headache, nausea, constipation, abdominal pain, diarrhoea, toxic look (typhos), belly pain",eat high calorie vegitables | antiboitic therapy | consult doctor | medication
Typhoid,"chills, vomiting, fatigue, high fever, headache, nausea, constipation, abdominal pain, diarrhoea, toxic look (typhos), belly pain",eat high calorie vegitables | antiboitic therapy | consult doctor | medication
Typhoid,"chills, fatigue, high fever, headache, nausea, constipation, abdominal pain, diarrhoea, toxic look (typhos), belly pain",eat high calorie vegitables | antiboitic therapy | consult doctor | medication
hepatitis A,"joint pain, vomiting, yellowish skin, dark urine, nausea, loss of appetite, abdominal pain, diarrhoea, mild fever, yellowing of eyes, muscle pain",Consult nearest hospital | wash hands through | avoid fatty spicy food | medication
hepatitis A,"joint pain, vomiting, yellowish skin, dark urine, nausea, loss of appetite, abdominal pain, diarrhoea, mild fever, yellowing of eyes, muscle pain",Consult nearest hospital | wash hands through | avoid fatty spicy food | medication
hepatitis A,"vomiting, yellowish skin, dark urine, nausea, loss of appetite, abdominal pain, diarrhoea, mild fever, yellowing of eyes, muscle pain",Consult nearest hospital | wash hands through | avoid fatty spicy food | medication
hepatitis A,"joint pain, yellowish skin, dark urine, nausea, loss of appetite, abdominal pain, diarrhoea, mild fever, yellowing of eyes, muscle pain",Consult nearest hospital | wash hands through | avoid fatty spicy food | medication
hepatitis A,"joint pain, vomiting, dark urine, nausea, loss of appetite, abdominal pain, diarrhoea, mild fever, yellowing of eyes, muscle pain",Consult nearest hospital | wash hands through | avoid fatty spicy food | medication
hepatitis A,"joint pain, vomiting, yellowish skin, nausea, loss of appetite, abdominal pain, diarrhoea, mild fever, yellowing of eyes, muscle pain",Consult nearest hospital | wash hands through | avoid fatty spicy food | medication
hepatitis A,"joint pain, vomiting, yellowish skin, dark urine, loss of appetite, abdominal pain, diarrhoea, mild fever, yellowing of eyes, muscle pain",Consult nearest hospital | wash hands through | avoid fatty spicy food | medication
hepatitis A,"joint pain, vomiting, yellowish skin, dark urine, nausea, abdominal pain, diarrhoea, mild fever, yellowing of eyes, muscle pain",Consult nearest hospital | wash hands through | avoid fatty spicy food | medication
hepatitis A,"joint pain, vomiting, yellowish skin, dark urine, nausea, loss of appetite, diarrhoea, mild fever, yellowing of eyes, muscle pain",Consult nearest hospital | wash hands through | avoid fatty spicy food | medication
hepatitis A,"joint pain, vomiting, yellowish skin, dark urine, nausea, loss of appetite, abdominal pain, mild fever, yellowing of eyes, muscle pain",Consult nearest hospital | wash hands through | avoid fatty spicy food | medication
Hepatitis B,"itching, fatigue, lethargy, yellowish skin, dark urine, loss of appetite, abdominal pain, yellow urine, yellowing of eyes, malaise, receiving blood transfusion, receiving unsterile injections",consult nearest hospital | vaccination | eat healthy | medication
Hepatitis B,"itching, fatigue, lethargy, yellowish skin, dark urine, loss of appetite, abdominal pain, yellow urine, yellowing of eyes, malaise, receiving blood transfusion, receiving unsterile injections",consult nearest hospital | vaccination | eat healthy | medication
Hepatitis B,"fatigue, lethargy, yellowish skin, dark urine, loss of appetite, abdominal pain, yellow urine, yellowing of eyes, malaise, receiving blood transfusion, receiving unsterile injections",consult nearest hospital | vaccination | eat healthy | medication
Hepatitis B,"itching, lethargy, yellowish skin, dark urine, loss of appetite, abdominal pain, yellow urine, yellowing of eyes, malaise, receiving blood transfusion, receiving unsterile injections",consult nearest hospital | vaccination | eat healthy | medication
Hepatitis B,"itching, fatigue, yellowish skin, dark urine, loss of appetite, abdominal pain, yellow urine, yellowing of eyes, malaise, receiving blood transfusion, receiving unsterile injections",consult nearest hospital | vaccination | eat healthy | medication
Hepatitis B,"itching, fatigue, lethargy, dark urine, loss of appetite, abdominal pain, yellow urine, yellowing of eyes, malaise, receiving blood transfusion, receiving unsterile injections",consult nearest hospital | vaccination | eat healthy | medication
Hepatitis B,"itching, fatigue, lethargy, yellowish skin, loss of appetite, abdominal pain, yellow urine, yellowing of eyes, malaise, receiving blood transfusion, receiving unsterile injections",consult nearest hospital | vaccination | eat healthy | medication
Hepatitis B,"itching, fatigue, lethargy, yellowish skin, dark urine, abdominal pain, yellow urine, yellowing of eyes, malaise, receiving blood transfusion, receiving unsterile injections",consult nearest hospital | vaccination | eat healthy | medication
Hepatitis B,"itching, fatigue, lethargy, yellowish skin, dark urine, loss of appetite, yellow urine, yellowing of eyes, malaise, receiving blood transfusion, receiving unsterile injections",consult nearest hospital | vaccination | eat healthy | medication
Hepatitis B,"itching, fatigue, lethargy, yellowish skin, dark urine, loss of appetite, abdominal pain, yellowing of eyes, malaise, receiving blood transfusion, receiving unsterile injections",consult nearest hospital | vaccination | eat healthy | medication
Hepatitis C,"fatigue, yellowish skin, nausea, loss of appetite, family history",Consult nearest hospital | vaccination | eat healthy | medication
Hepatitis C,"fatigue, yellowish skin, nausea, loss of appetite, yellowing of eyes, family history",Consult nearest hospital | vaccination | eat healthy | medication
Hepatitis C,"yellowish skin, nausea, loss of appetite, yellowing of eyes, family history",Consult nearest hospital | vaccination | eat healthy | medication
Hepatitis C,"fatigue, nausea, loss of appetite, yellowing of eyes, family history",Consult nearest hospital | vaccination | eat healthy | medication
Hepatitis C,"fatigue, yellowish skin, loss of appetite, yellowing of eyes, family history",Consult nearest hospital | vaccination | eat healthy | medication
Hepatitis C,"fatigue, yellowish skin, nausea, yellowing of eyes, family history",Consult nearest hospital | vaccination | eat healthy | medication
Hepatitis C,"fatigue, yellowish skin, nausea, loss of appetite, family history",Consult nearest hospital | vaccination | eat healthy | medication
Hepatitis C,"fatigue, yellowish skin, nausea, loss of appetite, yellowing of eyes",Consult nearest hospital | vaccination | eat healthy | medication
Hepatitis C,"fatigue, yellowish skin, nausea, loss of appetite, yellowing of eyes, family history",Consult nearest hospital | vaccination | eat healthy | medication
Hepatitis C,"fatigue, yellowish skin, nausea, loss of appetite, yellowing of eyes, family history",Consult nearest hospital | vaccination | eat healthy | medication
Hepatitis D,"joint pain, vomiting, fatigue, yellowish skin, dark urine, nausea, loss of appetite, abdominal pain, yellowing of eyes",consult doctor | medication | eat healthy | follow up
Hepatitis D,"vomiting, fatigue, yellowish skin, dark urine, nausea, loss of appetite, abdominal pain, yellowing of eyes",consult doctor | medication | eat healthy | follow up
Hepatitis D,"joint pain, fatigue, yellowish skin, dark urine, nausea, loss of appetite, abdominal pain, yellowing of eyes",consult doctor | medication | eat healthy | follow up
Hepatitis D,"joint pain, vomiting, yellowish skin, dark urine, nausea, loss of appetite, abdominal pain, yellowing of eyes",consult doctor | medication | eat healthy | follow up
Hepatitis D,"joint pain, vomiting, fatigue, dark urine, nausea, loss of appetite, abdominal pain, yellowing of eyes",consult doctor | medication | eat healthy | follow up
Hepatitis D,"joint pain, vomiting, fatigue, yellowish skin, nausea, loss of appetite, abdominal pain, yellowing of eyes",consult doctor | medication | eat healthy | follow up
Hepatitis D,"joint pain, vomiting, fatigue, yellowish skin, dark urine, loss of appetite, abdominal pain, yellowing of eyes",consult doctor | medication | eat healthy | follow up
Hepatitis D,"joint pain, vomiting, fatigue, yellowish skin, dark urine, nausea, abdominal pain, yellowing of eyes",consult doctor | medication | eat healthy | follow up
Hepatitis D,"joint pain, vomiting, fatigue, yellowish skin, dark urine, nausea, loss of appetite, yellowing of eyes",consult doctor | medication | eat healthy | follow up
Hepatitis D,"joint pain, vomiting, fatigue, yellowish skin, dark urine, nausea, loss of appetite, abdominal pain",consult doctor | medication | eat healthy | follow up
Hepatitis E,"joint pain, vomiting, fatigue, high fever, yellowish skin, dark urine, nausea, loss of appetite, abdominal pain, yellowing of eyes, coma, stomach bleeding",stop alcohol consumption | rest | consult doctor | medication
Hepatitis E,"joint pain, vomiting, fatigue, high fever, yellowish skin, dark urine, nausea, loss of appetite, abdominal pain, yellowing of eyes, acute liver failure, coma, stomach bleeding",stop alcohol consumption | rest | consult doctor | medication
Hepatitis E,"joint pain, vomiting, fatigue, high fever, yellowish skin, dark urine, nausea, loss of appetite, abdominal pain, yellowing of eyes, acute liver failure, coma, stomach bleeding",stop alcohol consumption | rest | consult doctor | medication
Hepatitis E,"vomiting, fatigue, high fever, yellowish skin, dark urine, nausea, loss of appetite, abdominal pain, yellowing of eyes, acute liver failure, coma, stomach bleeding",stop alcohol consumption | rest | consult doctor | medication
Hepatitis E,"joint pain, fatigue, high fever, yellowish skin, dark urine, nausea, loss of appetite, abdominal pain, yellowing of eyes, acute liver failure, coma, stomach bleeding",stop alcohol consumption | rest | consult doctor | medication
Hepatitis E,"joint pain, vomiting, high fever, yellowish skin, dark urine, nausea, loss of appetite, abdominal pain, yellowing of eyes, acute liver failure, coma, stomach bleeding",stop alcohol consumption | rest | consult doctor | medication
Hepatitis E,"joint pain, vomiting, fatigue, yellowish skin, dark urine, nausea, loss of appetite, abdominal pain, yellowing of eyes, acute liver failure, coma, stomach bleeding",stop alcohol consumption | rest | consult doctor | medication
Hepatitis E,"joint pain, vomiting, fatigue, high fever, dark urine, nausea, loss of appetite, abdominal pain, yellowing of eyes, acute liver failure, coma, stomach bleeding",stop alcohol consumption | rest | consult doctor | medication
Hepatitis E,"joint pain, vomiting, fatigue, high fever, yellowish skin, nausea, loss of appetite, abdominal pain, yellowing of eyes, acute liver failure, coma, stomach bleeding",stop alcohol consumption | rest | consult doctor | medication
Hepatitis E,"joint pain, vomiting, fatigue, high fever, yellowish skin, dark urine, loss of appetite, abdominal pain, yellowing of eyes, acute liver failure, coma, stomach bleeding",stop alcohol consumption | rest | consult doctor | medication
Alcoholic hepatitis,"vomiting, yellowish skin, abdominal pain, swelling of stomach, distention of abdomen, history of alcohol consumption, fluid overload",stop alcohol consumption | consult doctor | medication | follow up
Alcoholic hepatitis,"vomiting, yellowish skin, abdominal pain, swelling of stomach, distention of abdomen, history of alcohol consumption, fluid overload",stop alcohol consumption | consult doctor | medication | follow up
Alcoholic hepatitis,"yellowish skin, abdominal pain, swelling of stomach, distention of abdomen, history of alcohol consumption, fluid overload",stop alcohol consumption | consult doctor | medication | follow up
Alcoholic hepatitis,"vomiting, abdominal pain, swelling of stomach, distention of abdomen, history of alcohol consumption, fluid overload",stop alcohol consumption | consult doctor | medication | follow up
Alcoholic hepatitis,"vomiting, yellowish skin, swelling of stomach, distention of abdomen, history of alcohol consumption, fluid overload",stop alcohol consumption | consult doctor | medication | follow up
Alcoholic hepatitis,"vomiting, yellowish skin, abdominal pain, distention of abdomen, history of alcohol consumption, fluid overload",stop alcohol consumption | consult doctor | medication | follow up
Alcoholic hepatitis,"vomiting, yellowish skin, abdominal pain, swelling of stomach, history of alcohol consumption, fluid overload",stop alcohol consumption | consult doctor | medication | follow up
Alcoholic hepatitis,"vomiting, yellowish skin, abdominal pain, swelling of stomach, distention of abdomen, fluid overload",stop alcohol consumption | consult doctor | medication | follow up
Alcoholic hepatitis,"vomiting, yellowish skin, abdominal pain, swelling of stomach, distention of abdomen, history of alcohol consumption",stop alcohol consumption | consult doctor | medication | follow up
Alcoholic hepatitis,"vomiting, yellowish skin, abdominal pain, swelling of stomach, distention of abdomen, history of alcohol consumption, fluid overload",stop alcohol consumption | consult doctor | medication | follow up
Tuberculosis,"chills, vomiting, fatigue, weight loss, cough, high fever, breathlessness, sweating, loss of appetite, mild fever, yellowing of eyes, swelled lymph nodes, malaise, phlegm, chest pain, blood in sputum",cover mouth | consult doctor | medication | rest
Tuberculosis,"chills, vomiting, fatigue, weight loss, cough, high fever, breathlessness, sweating, loss of appetite, mild fever, yellowing of eyes, swelled lymph nodes, malaise, phlegm, chest pain, blood in sputum",cover mouth | consult doctor | medication | rest
Tuberculosis,"vomiting, fatigue, weight loss, cough, high fever, breathlessness, sweating, loss of appetite, mild fever, yellowing of eyes, swelled lymph nodes, malaise, phlegm, chest pain, blood in sputum",cover mouth | consult doctor | medication | rest
Tuberculosis,"chills, fatigue, weight loss, cough, high fever, breathlessness, sweating, loss of appetite, mild fever, yellowing of eyes, swelled lymph nodes, malaise, phlegm, chest pain, blood in sputum",cover mouth | consult doctor | medication | rest
Tuberculosis,"chills, vomiting, weight loss, cough, high fever, breathlessness, sweating, loss of appetite, mild fever, yellowing of eyes, swelled lymph nodes, malaise, phlegm, chest pain, blood in sputum",cover mouth | consult doctor | medication | rest
Tuberculosis,"chills, vomiting, fatigue, cough, high fever, breathlessness, sweating, loss of appetite, mild fever, yellowing of eyes, swelled lymph nodes, malaise, phlegm, chest pain, blood in sputum",cover mouth | consult doctor | medication | rest
Tuberculosis,"chills, vomiting, fatigue, weight loss, high fever, breathlessness, sweating, loss of appetite, mild fever, yellowing of eyes, swelled lymph nodes, malaise, phlegm, chest pain, blood in sputum",cover mouth | consult doctor | medication | rest
Tuberculosis,"chills, vomiting, fatigue, weight loss, cough, breathlessness, sweating, loss of appetite, mild fever, yellowing of eyes, swelled lymph nodes, malaise, phlegm, chest pain, blood in sputum",cover mouth | consult doctor | medication | rest
Tuberculosis,"chills, vomiting, fatigue, weight loss, cough, high fever, sweating, loss of appetite, mild fever, yellowing of eyes, swelled lymph nodes, malaise, phlegm, chest pain, blood in sputum",cover mouth | consult doctor | medication | rest
Tuberculosis,"chills, vomiting, fatigue, weight loss, cough, high fever, breathlessness, loss of appetite, mild fever, yellowing of eyes, swelled lymph nodes, malaise, phlegm, chest pain, blood in sputum",cover mouth | consult doctor | medication | rest
Common Cold,"continuous sneezing, chills, fatigue, cough, high fever, headache, swelled lymph nodes, malaise, phlegm, throat irritation, redness of eyes, sinus pressure, runny nose, congestion, chest pain, loss of smell, muscle pain",drink vitamin c rich drinks | take vapour | avoid cold food | keep fever in check
Common Cold,"continuous sneezing, chills, fatigue, cough, high fever, headache, swelled lymph nodes, malaise, phlegm, throat irritation, redness of eyes, sinus pressure, runny nose, congestion, chest pain, loss of smell, muscle pain",drink vitamin c rich drinks | take vapour | avoid cold food | keep fever in check
Common Cold,"chills, fatigue, cough, high fever, headache, swelled lymph nodes, malaise, phlegm, throat irritation, redness of eyes, sinus pressure, runny nose, congestion, chest pain, loss of smell, muscle pain",drink vitamin c rich drinks | take vapour | avoid cold food | keep fever in check
Common Cold,"continuous sneezing, fatigue, cough, high fever, headache, swelled lymph nodes, malaise, phlegm, throat irritation, redness of eyes, sinus pressure, runny nose, congestion, chest pain, loss of smell, muscle pain",drink vitamin c rich drinks | take vapour | avoid cold food | keep fever in check
Common Cold,"continuous sneezing, chills, cough, high fever, headache, swelled lymph nodes, malaise, phlegm, throat irritation, redness of eyes, sinus pressure, runny nose, congestion, chest pain, loss of smell, muscle pain",drink vitamin c rich drinks | take vapour | avoid cold food | keep fever in check
Common Cold,"continuous sneezing, chills, fatigue, high fever, headache, swelled lymph nodes, malaise, phlegm, throat irritation, redness of eyes, sinus pressure, runny nose, congestion, chest pain, loss of smell, muscle pain",drink vitamin c rich drinks | take vapour | avoid cold food | keep fever in check
Common Cold,"continuous sneezing, chills, fatigue, cough, headache, swelled lymph nodes, malaise, phlegm, throat irritation, redness of eyes, sinus pressure, runny nose, congestion, chest pain, loss of smell, muscle pain",drink vitamin c rich drinks | take vapour | avoid cold food | keep fever in check
Common Cold,"continuous sneezing, chills, fatigue, cough, high fever, swelled lymph nodes, malaise, phlegm, throat irritation, redness of eyes, sinus pressure, runny nose, congestion, chest pain, loss of smell, muscle pain",drink vitamin c rich drinks | take vapour | avoid cold food | keep fever in check
Common Cold,"continuous sneezing, chills, fatigue, cough, high fever, headache, malaise, phlegm, throat irritation, redness of eyes, sinus pressure, runny nose, congestion, chest pain, loss of smell, muscle pain",drink vitamin c rich drinks | take vapour | avoid cold food | keep fever in check
Common Cold,"continuous sneezing, chills, fatigue, cough, high fever, headache, swelled lymph nodes, phlegm, throat irritation, redness of eyes, sinus pressure, runny nose, congestion, chest pain, loss of smell, muscle pain",drink vitamin c rich drinks | take vapour | avoid cold food | keep fever in check
Pneumonia,"chills, fatigue, cough, high fever, breathlessness, sweating, malaise, chest pain, fast heart rate, rusty sputum",consult doctor | medication | rest | follow up
Pneumonia,"chills, fatigue, cough, high fever, breathlessness, sweating, malaise, phlegm, chest pain, fast heart rate, rusty sputum",consult doctor | medication | rest | follow up
Pneumonia,"chills, fatigue, cough, high fever, breathlessness, sweating, malaise, phlegm, chest pain, fast heart rate, rusty sputum",consult doctor | medication | rest | follow up
Pneumonia,"fatigue, cough, high fever, breathlessness, sweating, malaise, phlegm, chest pain, fast heart rate, rusty sputum",consult doctor | medication | rest | follow up
Pneumonia,"chills, cough, high fever, breathlessness, sweating, malaise, phlegm, chest pain, fast heart rate, rusty sputum",consult doctor | medication | rest | follow up
Pneumonia,"chills, fatigue, high fever, breathlessness, sweating, malaise, phlegm, chest pain, fast heart rate, rusty sputum",consult doctor | medication | rest | follow up
Pneumonia,"chills, fatigue, cough, breathlessness, sweating, malaise, phlegm, chest pain, fast heart rate, rusty sputum",consult doctor | medication | rest | follow up
Pneumonia,"chills, fatigue, cough, high fever, sweating, malaise, phlegm, chest pain, fast heart rate, rusty sputum",consult doctor | medication | rest | follow up
Pneumonia,"chills, fatigue, cough, high fever, breathlessness, malaise, phlegm, chest pain, fast heart rate, rusty sputum",consult doctor | medication | rest | follow up
Pneumonia,"chills, fatigue, cough, high fever, breathlessness, sweating, phlegm, chest pain, fast heart rate, rusty sputum",consult doctor | medication | rest | follow up
Dimorphic hemmorhoids(piles),"constipation, pain during bowel movements, pain in anal region, bloody stool, irritation in anus",avoid fatty spicy food | consume witch hazel | warm bath with epsom salt | consume alovera juice
Dimorphic hemmorhoids(piles),"constipation, pain during bowel movements, pain in anal region, bloody stool, irritation in anus",avoid fatty spicy food | consume witch hazel | warm bath with epsom salt | consume alovera juice
Dimorphic hemmorhoids(piles),"constipation, pain during bowel movements, pain in anal region, bloody stool, irritation in anus",avoid fatty spicy food | consume witch hazel | warm bath with epsom salt | consume alovera juice
Dimorphic hemmorhoids(piles),"pain during bowel movements, pain in anal region, bloody stool, irritation in anus",avoid fatty spicy food | consume witch hazel | warm bath with epsom salt | consume alovera juice
Dimorphic hemmorhoids(piles),"constipation, pain in anal region, bloody stool, irritation in anus",avoid fatty spicy food | consume witch hazel | warm bath with epsom salt | consume alovera juice
Dimorphic hemmorhoids(piles),"constipation, pain during bowel movements, bloody stool, irritation in anus",avoid fatty spicy food | consume witch hazel | warm bath with epsom salt | consume alovera juice
Dimorphic hemmorhoids(piles),"constipation, pain during bowel movements, pain in anal region, irritation in anus",avoid fatty spicy food | consume witch hazel | warm bath with epsom salt | consume alovera juice
Dimorphic hemmorhoids(piles),"constipation, pain during bowel movements, pain in anal region, bloody stool",avoid fatty spicy food | consume witch hazel | warm bath with epsom salt | consume alovera juice
Dimorphic hemmorhoids(piles),"constipation, pain during bowel movements, pain in anal region, bloody stool, irritation in anus",avoid fatty spicy food | consume witch hazel | warm bath with epsom salt | consume alovera juice
Dimorphic hemmorhoids(piles),"constipation, pain during bowel movements, pain in anal region, bloody stool, irritation in anus",avoid fatty spicy food | consume witch hazel | warm bath with epsom salt | consume alovera juice
Heart attack,"vomiting, breathlessness, sweating, chest pain",Consult a doctor | Get adequate rest | Stay hydrated | Follow prescribed treatment
Heart attack,"vomiting, breathlessness, sweating, chest pain",Consult a doctor | Get adequate rest | Stay hydrated | Follow prescribed treatment
Heart attack,"breathlessness, sweating, chest pain",Consult a doctor | Get adequate rest | Stay hydrated | Follow prescribed treatment
Heart attack,"vomiting, sweating, chest pain",Consult a doctor | Get adequate rest | Stay hydrated | Follow prescribed treatment
Heart attack,"vomiting, breathlessness, chest pain",Consult a doctor | Get adequate rest | Stay hydrated | Follow prescribed treatment
Heart attack,"vomiting, breathlessness, sweating",Consult a doctor | Get adequate rest | Stay hydrated | Follow prescribed treatment
Heart attack,"vomiting, breathlessness, sweating, chest pain",Consult a doctor | Get adequate rest | Stay hydrated | Follow prescribed treatment
Heart attack,"breathlessness, sweating, chest pain",Consult a doctor | Get adequate rest | Stay hydrated | Follow prescribed treatment
Heart attack,"vomiting, sweating, chest pain",Consult a doctor | Get adequate rest | Stay hydrated | Follow prescribed treatment
Heart attack,"vomiting, breathlessness, chest pain",Consult a doctor | Get adequate rest | Stay hydrated | Follow prescribed treatment
Varicose veins,"fatigue, cramps, bruising, obesity, swollen legs, swollen blood vessels, prominent veins on calf",lie down flat and raise the leg high | use oinments | use vein compression | dont stand still for long
Varicose veins,"fatigue, cramps, bruising, obesity, swollen legs, swollen blood vessels, prominent veins on calf",lie down flat and raise the leg high | use oinments | use vein compression | dont stand still for long
Varicose veins,"cramps, bruising, obesity, swollen legs, swollen blood vessels, prominent veins on calf",lie down flat and raise the leg high | use oinments | use vein compression | dont stand still for long
Varicose veins,"fatigue, bruising, obesity, swollen legs, swollen blood vessels, prominent veins on calf",lie down flat and raise the leg high | use oinments | use vein compression | dont stand still for long
Varicose veins,"fatigue, cramps, obesity, swollen legs, swollen blood vessels, prominent veins on calf",lie down flat and raise the leg high | use oinments | use vein compression | dont stand still for long
Varicose veins,"fatigue, cramps, bruising, swollen legs, swollen blood vessels, prominent veins on calf",lie down flat and raise the leg high | use oinments | use vein compression | dont stand still for long
Varicose veins,"fatigue, cramps, bruising, obesity, swollen blood vessels, prominent veins on calf",lie down flat and raise the leg high | use oinments | use vein compression | dont stand still for long
Varicose veins,"fatigue, cramps, bruising, obesity, swollen legs, prominent veins on calf",lie down flat and raise the leg high | use oinments | use vein compression | dont stand still for long
Varicose veins,"fatigue, cramps, bruising, obesity, swollen legs, swollen blood vessels",lie down flat and raise the leg high | use oinments | use vein compression | dont stand still for long
Varicose veins,"fatigue, cramps, bruising, obesity, swollen legs, prominent veins on calf",lie down flat and raise the leg high | use oinments | use vein compression | dont stand still for long
Hypothyroidism,"fatigue, weight gain, cold hands and feets, mood swings, lethargy, dizziness, puffy face and eyes, enlarged thyroid, brittle nails, swollen extremeties, depression, irritability, abnormal menstruation",reduce stress | exercise | eat healthy | get proper sleep
Hypothyroidism,"fatigue, weight gain, cold hands and feets, mood swings, lethargy, dizziness, puffy face and eyes, enlarged thyroid, brittle nails, swollen extremeties, depression, irritability, abnormal menstruation",reduce stress | exercise | eat healthy | get proper sleep
Hypothyroidism,"weight gain, cold hands and feets, mood swings, lethargy, dizziness, puffy face and eyes, enlarged thyroid, brittle nails, swollen extremeties, depression, irritability, abnormal menstruation",reduce stress | exercise | eat healthy | get proper sleep
Hypothyroidism,"weight gain, cold hands and feets, mood swings, lethargy, dizziness, puffy face and eyes, enlarged thyroid, brittle nails, swollen extremeties, depression, irritability, abnormal menstruation",reduce stress | exercise | eat healthy | get proper sleep
Hypothyroidism,"fatigue, cold hands and feets, mood swings, lethargy, dizziness, puffy face and eyes, enlarged thyroid, brittle nails, swollen extremeties, depression, irritability, abnormal menstruation",reduce stress | exercise | eat healthy | get proper sleep
Hypothyroidism,"fatigue, weight gain, mood swings, lethargy, dizziness, puffy face and eyes, enlarged thyroid, brittle nails, swollen extremeties, depression, irritability, abnormal menstruation",reduce stress | exercise | eat healthy | get proper sleep
Hypothyroidism,"fatigue, weight gain, cold hands and feets, lethargy, dizziness, puffy face and eyes, enlarged thyroid, brittle nails, swollen extremeties, depression, irritability, abnormal menstruation",reduce stress | exercise | eat healthy | get proper sleep
Hypothyroidism,"fatigue, weight gain, cold hands and feets, mood swings, dizziness, puffy face and eyes, enlarged thyroid, brittle nails, swollen extremeties, depression, irritability, abnormal menstruation",reduce stress | exercise | eat healthy | get proper sleep
Hypothyroidism,"fatigue, weight gain, cold hands and feets, mood swings, lethargy, puffy face and eyes, enlarged thyroid, brittle nails, swollen extremeties, depression, irritability, abnormal menstruation",reduce stress | exercise | eat healthy | get proper sleep
Hypothyroidism,"fatigue, weight gain, cold hands and feets, mood swings, lethargy, dizziness, enlarged thyroid, brittle nails, swollen extremeties, depression, irritability, abnormal menstruation",reduce stress | exercise | eat healthy | get proper sleep
Hyperthyroidism,"fatigue, mood swings, weight loss, restlessness, sweating, diarrhoea, fast heart rate, excessive hunger, muscle weakness, irritability, abnormal menstruation",eat healthy | massage | use lemon balm | take radioactive iodine treatment
Hyperthyroidism,"fatigue, mood swings, weight loss, restlessness, sweating, diarrhoea, fast heart rate, excessive hunger, muscle weakness, irritability, abnormal menstruation",eat healthy | massage | use lemon balm | take radioactive iodine treatment
Hyperthyroidism,"mood swings, weight loss, restlessness, sweating, diarrhoea, fast heart rate, excessive hunger, muscle weakness, irritability, abnormal menstruation",eat healthy | massage | use lemon balm | take radioactive iodine treatment
Hyperthyroidism,"fatigue, weight loss, restlessness, sweating, diarrhoea, fast heart rate, excessive hunger, muscle weakness, irritability, abnormal menstruation",eat healthy | massage | use lemon balm | take radioactive iodine treatment
Hyperthyroidism,"fatigue, mood swings, restlessness, sweating, diarrhoea, fast heart rate, excessive hunger, muscle weakness, irritability, abnormal menstruation",eat healthy | massage | use lemon balm | take radioactive iodine treatment
Hyperthyroidism,"fatigue, mood swings, weight loss, sweating, diarrhoea, fast heart rate, excessive hunger, muscle weakness, irritability, abnormal menstruation",eat healthy | massage | use lemon balm | take radioactive iodine treatment
Hyperthyroidism,"fatigue, mood swings, weight loss, restlessness, diarrhoea, fast heart rate, excessive hunger, muscle weakness, irritability, abnormal menstruation",eat healthy | massage | use lemon balm | take radioactive iodine treatment
Hyperthyroidism,"fatigue, mood swings, weight loss, restlessness, sweating, fast heart rate, excessive hunger, muscle weakness, irritability, abnormal menstruation",eat healthy | massage | use lemon balm | take radioactive iodine treatment
Hyperthyroidism,"fatigue, mood swings, weight loss, restlessness, sweating, diarrhoea, excessive hunger, muscle weakness, irritability, abnormal menstruation",eat healthy | massage | use lemon balm | take radioactive iodine treatment
Hyperthyroidism,"fatigue, mood swings, weight loss, restlessness, sweating, diarrhoea, fast heart rate, muscle weakness, irritability, abnormal menstruation",eat healthy | massage | use lemon balm | take radioactive iodine treatment
Hypoglycemia,"vomiting, fatigue, anxiety, sweating, headache, nausea, blurred and distorted vision, excessive hunger, slurred speech, irritability, palpitations",lie down on side | check in pulse | drink sugary drinks | consult doctor
Hypoglycemia,"vomiting, fatigue, anxiety, sweating, headache, nausea, blurred and distorted vision, excessive hunger, drying and tingling lips, slurred speech, irritability, palpitations",lie down on side | check in pulse | drink sugary drinks | consult doctor
Hypoglycemia,"vomiting, fatigue, anxiety, sweating, headache, nausea, blurred and distorted vision, excessive hunger, drying and tingling lips, slurred speech, irritability, palpitations",lie down on side | check in pulse | drink sugary drinks | consult doctor
Hypoglycemia,"fatigue, anxiety, sweating, headache, nausea, blurred and distorted vision, excessive hunger, drying and tingling lips, slurred speech, irritability, palpitations",lie down on side | check in pulse | drink sugary drinks | consult doctor
Hypoglycemia,"vomiting, anxiety, sweating, headache, nausea, blurred and distorted vision, excessive hunger, drying and tingling lips, slurred speech, irritability, palpitations",lie down on side | check in pulse | drink sugary drinks | consult doctor
Hypoglycemia,"vomiting, fatigue, sweating, headache, nausea, blurred and distorted vision, excessive hunger, drying and tingling lips, slurred speech, irritability, palpitations",lie down on side | check in pulse | drink sugary drinks | consult doctor
Hypoglycemia,"vomiting, fatigue, anxiety, headache, nausea, blurred and distorted vision, excessive hunger, drying and tingling lips, slurred speech, irritability, palpitations",lie down on side | check in pulse | drink sugary drinks | consult doctor
Hypoglycemia,"vomiting, fatigue, anxiety, sweating, nausea, blurred and distorted vision, excessive hunger, drying and tingling lips, slurred speech, irritability, palpitations",lie down on side | check in pulse | drink sugary drinks | consult doctor
Hypoglycemia,"vomiting, fatigue, anxiety, sweating, headache, blurred and distorted vision, excessive hunger, drying and tingling lips, slurred speech, irritability, palpitations",lie down on side | check in pulse | drink sugary drinks | consult doctor
Hypoglycemia,"vomiting, fatigue, anxiety, sweating, headache, nausea, excessive hunger, drying and tingling lips, slurred speech, irritability, palpitations",lie down on side | check in pulse | drink sugary drinks | consult doctor
Osteoarthristis,"joint pain, neck pain, knee pain, hip joint pain, swelling joints, painful walking",acetaminophen | consult nearest hospital | follow up | salt baths
Osteoarthristis,"joint pain, neck pain, knee pain, hip joint pain, swelling joints, painful walking",acetaminophen | consult nearest hospital | follow up | salt baths
Osteoarthristis,"neck pain, knee pain, hip joint pain, swelling joints, painful walking",acetaminophen | consult nearest hospital | follow up | salt baths
Osteoarthristis,"joint pain, knee pain, hip joint pain, swelling joints, painful walking",acetaminophen | consult nearest hospital | follow up | salt baths
Osteoarthristis,"joint pain, neck pain, hip joint pain, swelling joints, painful walking",acetaminophen | consult nearest hospital | follow up | salt baths
Osteoarthristis,"joint pain, neck pain, knee pain, swelling joints, painful walking",acetaminophen | consult nearest hospital | follow up | salt baths
Osteoarthristis,"joint pain, neck pain, knee pain, hip joint pain, painful walking",acetaminophen | consult nearest hospital | follow up | salt baths
Osteoarthristis,"joint pain, neck pain, knee pain, hip joint pain, swelling joints",acetaminophen | consult nearest hospital | follow up | salt baths
Osteoarthristis,"joint pain, neck pain, knee pain, hip joint pain, swelling joints, painful walking",acetaminophen | consult nearest hospital | follow up | salt baths
Osteoarthristis,"joint pain, neck pain, knee pain, hip joint pain, swelling joints, painful walking",acetaminophen | consult nearest hospital | follow up | salt baths
Arthritis,"muscle weakness, stiff neck, swelling joints, movement stiffness, painful walking",exercise | use hot and cold therapy | try acupuncture | massage
Arthritis,"muscle weakness, stiff neck, swelling joints, movement stiffness, painful walking",exercise | use hot and cold therapy | try acupuncture | massage
Arthritis,"stiff neck, swelling joints, movement stiffness, painful walking",exercise | use hot and cold therapy | try acupuncture | massage
Arthritis,"muscle weakness, swelling joints, movement stiffness, painful walking",exercise | use hot and cold therapy | try acupuncture | massage
Arthritis,"muscle weakness, stiff neck, movement stiffness, painful walking",exercise | use hot and cold therapy | try acupuncture | massage
Arthritis,"muscle weakness, stiff neck, swelling joints, painful walking",exercise | use hot and cold therapy | try acupuncture | massage
Arthritis,"muscle weakness, stiff neck, swelling joints, movement stiffness, painful walking",exercise | use hot and cold therapy | try acupuncture | massage
Arthritis,"muscle weakness, stiff neck, swelling joints, movement stiffness",exercise | use hot and cold therapy | try acupuncture | massage
Arthritis,"muscle weakness, stiff neck, swelling joints, movement stiffness, painful walking",exercise | use hot and cold therapy | try acupuncture | massage
Arthritis,"muscle weakness, stiff neck, swelling joints, movement stiffness, painful walking",exercise | use hot and cold therapy | try acupuncture | massage
(vertigo) Paroymsal  Positional Vertigo,"vomiting, headache, nausea, spinning movements, loss of balance, unsteadiness",lie down | avoid sudden change in body | avoid abrupt head movment | relax
(vertigo) Paroymsal  Positional Vertigo,"vomiting, headache, nausea, spinning movements, loss of balance, unsteadiness",lie down | avoid sudden change in body | avoid abrupt head movment | relax
(vertigo) Paroymsal  Positional Vertigo,"headache, nausea, spinning movements, loss of balance, unsteadiness",lie down | avoid sudden change in body | avoid abrupt head movment | relax
(vertigo) Paroymsal  Positional Vertigo,"vomiting, nausea, spinning movements, loss of balance, unsteadiness",lie down | avoid sudden change in body | avoid abrupt head movment | relax
(vertigo) Paroymsal  Positional Vertigo,"vomiting, headache, spinning movements, loss of balance, unsteadiness",lie down | avoid sudden change in body | avoid abrupt head movment | relax
(vertigo) Paroymsal  Positional Vertigo,"vomiting, headache, nausea, loss of balance, unsteadiness",lie down | avoid sudden change in body | avoid abrupt head movment | relax
(vertigo) Paroymsal  Positional Vertigo,"vomiting, headache, nausea, spinning movements, unsteadiness",lie down | avoid sudden change in body | avoid abrupt head movment | relax
(vertigo) Paroymsal  Positional Vertigo,"vomiting, headache, nausea, spinning movements, loss of balance",lie down | avoid sudden change in body | avoid abrupt head movment | relax
(vertigo) Paroymsal  Positional Vertigo,"vomiting, headache, nausea, spinning movements, loss of balance, unsteadiness",lie down | avoid sudden change in body | avoid abrupt head movment | relax
(vertigo) Paroymsal  Positional Vertigo,"vomiting, headache, nausea, loss of balance, unsteadiness",lie down | avoid sudden change in body | avoid abrupt head movment | relax
Acne,"skin rash, pus filled pimples, blackheads, scurring",bath twice | avoid fatty spicy food | drink plenty of water | avoid too many products
Acne,"skin rash, pus filled pimples, blackheads, scurring",bath twice | avoid fatty spicy food | drink plenty of water | avoid too many products
Acne,"pus filled pimples, blackheads, scurring",bath twice | avoid fatty spicy food | drink plenty of water | avoid too many products
Acne,"skin rash, blackheads, scurring",bath twice | avoid fatty spicy food | drink plenty of water | avoid too many products
Acne,"skin rash, pus filled pimples, scurring",bath twice | avoid fatty spicy food | drink plenty of water | avoid too many products
Acne,"skin rash, pus filled pimples, blackheads",bath twice | avoid fatty spicy food | drink plenty of water | avoid too many products
Acne,"skin rash, pus filled pimples, blackheads, scurring",bath twice | avoid fatty spicy food | drink plenty of water | avoid too many products
Acne,"skin rash, pus filled pimples, blackheads",bath twice | avoid fatty spicy food | drink plenty of water | avoid too many products
Acne,"skin rash, pus filled pimples, scurring",bath twice | avoid fatty spicy food | drink plenty of water | avoid too many products
Acne,"skin rash, blackheads, scurring",bath twice | avoid fatty spicy food | drink plenty of water | avoid too many products
Urinary tract infection,"burning micturition, bladder discomfort, foul smell of urine, continuous feel of urine",drink plenty of water | increase vitamin c intake | drink cranberry juice | take probiotics
Urinary tract infection,"burning micturition, bladder discomfort, foul smell of urine, continuous feel of urine",drink plenty of water | increase vitamin c intake | drink cranberry juice | take probiotics
Urinary tract infection,"bladder discomfort, foul smell of urine, continuous feel of urine",drink plenty of water | increase vitamin c intake | drink cranberry juice | take probiotics
Urinary tract infection,"burning micturition, foul smell of urine, continuous feel of urine",drink plenty of water | increase vitamin c intake | drink cranberry juice | take probiotics
Urinary tract infection,"burning micturition, bladder discomfort, continuous feel of urine",drink plenty of water | increase vitamin c intake | drink cranberry juice | take probiotics
Urinary tract infection,"burning micturition, bladder discomfort, foul smell of urine",drink plenty of water | increase vitamin c intake | drink cranberry juice | take probiotics
Urinary tract infection,"burning micturition, bladder discomfort, foul smell of urine, continuous feel of urine",drink plenty of water | increase vitamin c intake | drink cranberry juice | take probiotics
Urinary tract infection,"burning micturition, bladder discomfort, continuous feel of urine",drink plenty of water | increase vitamin c intake | drink cranberry juice | take probiotics
Urinary tract infection,"bladder discomfort, foul smell of urine, continuous feel of urine",drink plenty of water | increase vitamin c intake | drink cranberry juice | take probiotics
Urinary tract infection,"burning micturition, bladder discomfort, continuous feel of urine",drink plenty of water | increase vitamin c intake | drink cranberry juice | take probiotics
Psoriasis,"skin rash, joint pain, skin peeling, silver like dusting, small dents in nails, inflammatory nails",wash hands with warm soapy water | stop bleeding using pressure | consult doctor | salt baths
Psoriasis,"skin rash, joint pain, skin peeling, silver like dusting, small dents in nails, inflammatory nails",wash hands with warm soapy water | stop bleeding using pressure | consult doctor | salt baths
Psoriasis,"joint pain, skin peeling, silver like dusting, small dents in nails, inflammatory nails",wash hands with warm soapy water | stop bleeding using pressure | consult doctor | salt baths
Psoriasis,"skin rash, skin peeling, silver like dusting, small dents in nails, inflammatory nails",wash hands with warm soapy water | stop bleeding using pressure | consult doctor | salt baths
Psoriasis,"skin rash, joint pain, silver like dusting, small dents in nails, inflammatory nails",wash hands with warm soapy water | stop bleeding using pressure | consult doctor | salt baths
Psoriasis,"skin rash, joint pain, skin peeling, small dents in nails, inflammatory nails",wash hands with warm soapy water | stop bleeding using pressure | consult doctor | salt baths
Psoriasis,"skin rash, joint pain, skin peeling, silver like dusting, inflammatory nails",wash hands with warm soapy water | stop bleeding using pressure | consult doctor | salt baths
Psoriasis,"skin rash, joint pain, skin peeling, silver like dusting, small dents in nails",wash hands with warm soapy water | stop bleeding using pressure | consult doctor | salt baths
Psoriasis,"skin rash, joint pain, skin peeling, silver like dusting, small dents in nails, inflammatory nails",wash hands with warm soapy water | stop bleeding using pressure | consult doctor | salt baths
Psoriasis,"skin rash, joint pain, skin peeling, silver like dusting, small dents in nails, inflammatory nails",wash hands with warm soapy water | stop bleeding using pressure | consult doctor | salt baths
Impetigo,"skin rash, high fever, blister, red sore around nose, yellow crust ooze",soak affected area in warm water | use antibiotics | remove scabs with wet compressed cloth | consult doctor
Impetigo,"skin rash, high fever, blister, red sore around nose, yellow crust ooze",soak affected area in warm water | use antibiotics | remove scabs with wet compressed cloth | consult doctor
Impetigo,"high fever, blister, red sore around nose, yellow crust ooze",soak affected area in warm water | use antibiotics | remove scabs with wet compressed cloth | consult doctor
Impetigo,"skin rash, blister, red sore around nose, yellow crust ooze",soak affected area in warm water | use antibiotics | remove scabs with wet compressed cloth | consult doctor
Impetigo,"skin rash, blister, red sore around nose, yellow crust ooze",soak affected area in warm water | use antibiotics | remove scabs with wet compressed cloth | consult doctor
Impetigo,"skin rash, high fever, red sore around nose, yellow crust ooze",soak affected area in warm water | use antibiotics | remove scabs with wet compressed cloth | consult doctor
Impetigo,"skin rash, high fever, blister, yellow crust ooze",soak affected area in warm water | use antibiotics | remove scabs with wet compressed cloth | consult doctor
Impetigo,"skin rash, high fever, blister, red sore around nose",soak affected area in warm water | use antibiotics | remove scabs with wet compressed cloth | consult doctor
Impetigo,"skin rash, high fever, blister, red sore around nose, yellow crust ooze",soak affected area in warm water | use antibiotics | remove scabs with wet compressed cloth | consult doctor
Impetigo,"skin rash, blister, red sore around nose, yellow crust ooze",soak affected area in warm water | use antibiotics | remove scabs with wet compressed cloth | consult doctor
Fungal infection,"itching, skin rash, nodal skin eruptions, dischromic  patches",bath twice | use detol or neem in bathing water | keep infected area dry | use clean cloths
Allergy,"continuous sneezing, shivering, chills, watering from eyes",Consult a doctor | Get adequate rest | Stay hydrated | Follow prescribed treatment
GERD,"stomach pain, acidity, ulcers on tongue, vomiting, cough, chest pain",avoid fatty spicy food | avoid lying down after eating | maintain healthy weight | exercise
Chronic cholestasis,"itching, vomiting, yellowish skin, nausea, loss of appetite, abdominal pain, yellowing of eyes",cold baths | anti itch medicine | consult doctor | eat healthy
Drug Reaction,"itching, skin rash, stomach pain, burning micturition, spotting  urination",Consult a doctor | Get adequate rest | Stay hydrated | Follow prescribed treatment
Peptic ulcer diseae,"vomiting, indigestion, loss of appetite, abdominal pain, passage of gases, internal itching",avoid fatty spicy food | consume probiotic food | eliminate milk | limit alcohol
AIDS,"muscle wasting, patches in throat, high fever, extra marital contacts",avoid open cuts | wear ppe if possible | consult doctor | follow up
Diabetes ,"fatigue, weight loss, restlessness, lethargy, irregular sugar level, blurred and distorted vision, obesity, excessive hunger, increased appetite, polyuria",have balanced diet | exercise | consult doctor | follow up
Gastroenteritis,"vomiting, sunken eyes, dehydration, diarrhoea",stop eating solid food for while | try taking small sips of water | rest | ease back into eating
Bronchial Asthma,"fatigue, cough, high fever, breathlessness, family history, mucoid sputum",switch to loose cloothing | take deep breaths | get away from trigger | seek help
Hypertension ,"headache, chest pain, dizziness, loss of balance, lack of concentration",meditation | salt baths | reduce stress | get proper sleep
Migraine,"acidity, indigestion, headache, blurred and distorted vision, excessive hunger, stiff neck, depression, irritability, visual disturbances",meditation | reduce stress | use poloroid glasses in sun | consult doctor
Cervical spondylosis,"back pain, weakness in limbs, neck pain, dizziness, loss of balance",use heating pad or cold pack | exercise | take otc pain reliver | consult doctor
Paralysis (brain hemorrhage),"vomiting, headache, weakness of one body side, altered sensorium",massage | eat healthy | exercise | consult doctor
Jaundice,"itching, vomiting, fatigue, weight loss, high fever, yellowish skin, dark urine, abdominal pain",drink plenty of water | consume milk thistle | eat fruits and high fiberous food | medication
Malaria,"chills, vomiting, high fever, sweating, headache, nausea, diarrhoea, muscle pain",Consult nearest hospital | avoid oily food | avoid non veg food | keep mosquitos out
Chicken pox,"itching, skin rash, fatigue, lethargy, high fever, headache, loss of appetite, mild fever, swelled lymph nodes, malaise, red spots over body",use neem in bathing | consume neem leaves | take vaccine | avoid public places
Dengue,"skin rash, chills, joint pain, vomiting, fatigue, high fever, headache, nausea, loss of appetite, pain behind the eyes, back pain, malaise, muscle pain, red spots over body",drink papaya leaf juice | avoid fatty spicy food | keep mosquitos away | keep hydrated
Typhoid,"chills, vomiting, fatigue, high fever, headache, nausea, constipation, abdominal pain, diarrhoea, toxic look (typhos), belly pain",eat high calorie vegitables | antiboitic therapy | consult doctor | medication
hepatitis A,"joint pain, vomiting, yellowish skin, dark urine, nausea, loss of appetite, abdominal pain, diarrhoea, mild fever, yellowing of eyes, muscle pain",Consult nearest hospital | wash hands through | avoid fatty spicy food | medication
Hepatitis B,"itching, fatigue, lethargy, yellowish skin, dark urine, loss of appetite, abdominal pain, yellow urine, yellowing of eyes, malaise, receiving blood transfusion, receiving unsterile injections",consult nearest hospital | vaccination | eat healthy | medication
Hepatitis C,"fatigue, yellowish skin, nausea, loss of appetite, yellowing of eyes, family history",Consult nearest hospital | vaccination | eat healthy | medication
Hepatitis D,"joint pain, vomiting, fatigue, yellowish skin, dark urine, nausea, loss of appetite, abdominal pain, yellowing of eyes",consult doctor | medication | eat healthy | follow up
Hepatitis E,"joint pain, vomiting, fatigue, high fever, yellowish skin, dark urine, nausea, loss of appetite, abdominal pain, yellowing of eyes, acute liver failure, coma, stomach bleeding",stop alcohol consumption | rest | consult doctor | medication
Alcoholic hepatitis,"vomiting, yellowish skin, abdominal pain, swelling of stomach, distention of abdomen, history of alcohol consumption, fluid overload",stop alcohol consumption | consult doctor | medication | follow up
Tuberculosis,"chills, vomiting, fatigue, weight loss, cough, high fever, breathlessness, sweating, loss of appetite, mild fever, yellowing of eyes, swelled lymph nodes, malaise, phlegm, chest pain, blood in sputum",cover mouth | consult doctor | medication | rest
Common Cold,"continuous sneezing, chills, fatigue, cough, high fever, headache, swelled lymph nodes, malaise, phlegm, throat irritation, redness of eyes, sinus pressure, runny nose, congestion, chest pain, loss of smell, muscle pain",drink vitamin c rich drinks | take vapour | avoid cold food | keep fever in check
Pneumonia,"chills, fatigue, cough, high fever, breathlessness, sweating, malaise, phlegm, chest pain, fast heart rate, rusty sputum",consult doctor | medication | rest | follow up
Dimorphic hemmorhoids(piles),"constipation, pain during bowel movements, pain in anal region, bloody stool, irritation in anus",avoid fatty spicy food | consume witch hazel | warm bath with epsom salt | consume alovera juice
Heart attack,"vomiting, breathlessness, sweating, chest pain",Consult a doctor | Get adequate rest | Stay hydrated | Follow prescribed treatment
Varicose veins,"fatigue, cramps, bruising, obesity, swollen legs, swollen blood vessels, prominent veins on calf",lie down flat and raise the leg high | use oinments | use vein compression | dont stand still for long
Hypothyroidism,"fatigue, weight gain, cold hands and feets, mood swings, lethargy, dizziness, puffy face and eyes, enlarged thyroid, brittle nails, swollen extremeties, depression, irritability, abnormal menstruation",reduce stress | exercise | eat healthy | get proper sleep
Hyperthyroidism,"fatigue, mood swings, weight loss, restlessness, sweating, diarrhoea, fast heart rate, excessive hunger, muscle weakness, irritability, abnormal menstruation",eat healthy | massage | use lemon balm | take radioactive iodine treatment
Hypoglycemia,"vomiting, fatigue, anxiety, sweating, headache, nausea, blurred and distorted vision, excessive hunger, drying and tingling lips, slurred speech, irritability, palpitations",lie down on side | check in pulse | drink sugary drinks | consult doctor
Osteoarthristis,"joint pain, neck pain, knee pain, hip joint pain, swelling joints, painful walking",acetaminophen | consult nearest hospital | follow up | salt baths
Arthritis,"muscle weakness, stiff neck, swelling joints, movement stiffness, painful walking",exercise | use hot and cold therapy | try acupuncture | massage
(vertigo) Paroymsal  Positional Vertigo,"vomiting, headache, nausea, spinning movements, loss of balance, unsteadiness",lie down | avoid sudden change in body | avoid abrupt head movment | relax
Acne,"skin rash, pus filled pimples, blackheads, scurring",bath twice | avoid fatty spicy food | drink plenty of water | avoid too many products
Urinary tract infection,"burning micturition, bladder discomfort, foul smell of urine, continuous feel of urine",drink plenty of water | increase vitamin c intake | drink cranberry juice | take probiotics
Psoriasis,"skin rash, joint pain, skin peeling, silver like dusting, small dents in nails, inflammatory nails",wash hands with warm soapy water | stop bleeding using pressure | consult doctor | salt baths
Impetigo,"skin rash, high fever, blister, red sore around nose, yellow crust ooze",soak affected area in warm water | use antibiotics | remove scabs with wet compressed cloth | consult doctor
Fungal infection,"itching, skin rash, nodal skin eruptions, dischromic  patches",bath twice | use detol or neem in bathing water | keep infected area dry | use clean cloths
Allergy,"continuous sneezing, shivering, chills, watering from eyes",Consult a doctor | Get adequate rest | Stay hydrated | Follow prescribed treatment
GERD,"stomach pain, acidity, ulcers on tongue, vomiting, cough, chest pain",avoid fatty spicy food | avoid lying down after eating | maintain healthy weight | exercise
Chronic cholestasis,"itching, vomiting, yellowish skin, nausea, loss of appetite, abdominal pain, yellowing of eyes",cold baths | anti itch medicine | consult doctor | eat healthy
Drug Reaction,"itching, skin rash, stomach pain, burning micturition, spotting  urination",Consult a doctor | Get adequate rest | Stay hydrated | Follow prescribed treatment
Peptic ulcer diseae,"vomiting, indigestion, loss of appetite, abdominal pain, passage of gases, internal itching",avoid fatty spicy food | consume probiotic food | eliminate milk | limit alcohol
AIDS,"muscle wasting, patches in throat, high fever, extra marital contacts",avoid open cuts | wear ppe if possible | consult doctor | follow up
Diabetes ,"fatigue, weight loss, restlessness, lethargy, irregular sugar level, blurred and distorted vision, obesity, excessive hunger, increased appetite, polyuria",have balanced diet | exercise | consult doctor | follow up
Gastroenteritis,"vomiting, sunken eyes, dehydration, diarrhoea",stop eating solid food for while | try taking small sips of water | rest | ease back into eating
Bronchial Asthma,"fatigue, cough, high fever, breathlessness, family history, mucoid sputum",switch to loose cloothing | take deep breaths | get away from trigger | seek help
Hypertension ,"headache, chest pain, dizziness, loss of balance, lack of concentration",meditation | salt baths | reduce stress | get proper sleep
Migraine,"acidity, indigestion, headache, blurred and distorted vision, excessive hunger, stiff neck, depression, irritability, visual disturbances",meditation | reduce stress | use poloroid glasses in sun | consult doctor
Cervical spondylosis,"back pain, weakness in limbs, neck pain, dizziness, loss of balance",use heating pad or cold pack | exercise | take otc pain reliver | consult doctor
Paralysis (brain hemorrhage),"vomiting, headache, weakness of one body side, altered sensorium",massage | eat healthy | exercise | consult doctor
Jaundice,"itching, vomiting, fatigue, weight loss, high fever, yellowish skin, dark urine, abdominal pain",drink plenty of water | consume milk thistle | eat fruits and high fiberous food | medication
Malaria,"chills, vomiting, high fever, sweating, headache, nausea, diarrhoea, muscle pain",Consult nearest hospital | avoid oily food | avoid non veg food | keep mosquitos out
Chicken pox,"itching, skin rash, fatigue, lethargy, high fever, headache, loss of appetite, mild fever, swelled lymph nodes, malaise, red spots over body",use neem in bathing | consume neem leaves | take vaccine | avoid public places
Dengue,"skin rash, chills, joint pain, vomiting, fatigue, high fever, headache, nausea, loss of appetite, pain behind the eyes, back pain, malaise, muscle pain, red spots over body",drink papaya leaf juice | avoid fatty spicy food | keep mosquitos away | keep hydrated
Typhoid,"chills, vomiting, fatigue, high fever, headache, nausea, constipation, abdominal pain, diarrhoea, toxic look (typhos), belly pain",eat high calorie vegitables | antiboitic therapy | consult doctor | medication
hepatitis A,"joint pain, vomiting, yellowish skin, dark urine, nausea, loss of appetite, abdominal pain, diarrhoea, mild fever, yellowing of eyes, muscle pain",Consult nearest hospital | wash hands through | avoid fatty spicy food | medication
Hepatitis B,"itching, fatigue, lethargy, yellowish skin, dark urine, loss of appetite, abdominal pain, yellow urine, yellowing of eyes, malaise, receiving blood transfusion, receiving unsterile injections",consult nearest hospital | vaccination | eat healthy | medication
Hepatitis C,"fatigue, yellowish skin, nausea, loss of appetite, yellowing of eyes, family history",Consult nearest hospital | vaccination | eat healthy | medication
Hepatitis D,"joint pain, vomiting, fatigue, yellowish skin, dark urine, nausea, loss of appetite, abdominal pain, yellowing of eyes",consult doctor | medication | eat healthy | follow up
Hepatitis E,"joint pain, vomiting, fatigue, high fever, yellowish skin, dark urine, nausea, loss of appetite, abdominal pain, yellowing of eyes, acute liver failure, coma, stomach bleeding",stop alcohol consumption | rest | consult doctor | medication
Alcoholic hepatitis,"vomiting, yellowish skin, abdominal pain, swelling of stomach, distention of abdomen, history of alcohol consumption, fluid overload",stop alcohol consumption | consult doctor | medication | follow up
Tuberculosis,"chills, vomiting, fatigue, weight loss, cough, high fever, breathlessness, sweating, loss of appetite, mild fever, yellowing of eyes, swelled lymph nodes, malaise, phlegm, chest pain, blood in sputum",cover mouth | consult doctor | medication | rest
Common Cold,"continuous sneezing, chills, fatigue, cough, high fever, headache, swelled lymph nodes, malaise, phlegm, throat irritation, redness of eyes, sinus pressure, runny nose, congestion, chest pain, loss of smell, muscle pain",drink vitamin c rich drinks | take vapour | avoid cold food | keep fever in check
Pneumonia,"chills, fatigue, cough, high fever, breathlessness, sweating, malaise, phlegm, chest pain, fast heart rate, rusty sputum",consult doctor | medication | rest | follow up
Dimorphic hemmorhoids(piles),"constipation, pain during bowel movements, pain in anal region, bloody stool, irritation in anus",avoid fatty spicy food | consume witch hazel | warm bath with epsom salt | consume alovera juice
Heart attack,"vomiting, breathlessness, sweating, chest pain",Consult a doctor | Get adequate rest | Stay hydrated | Follow prescribed treatment
Varicose veins,"fatigue, cramps, bruising, obesity, swollen legs, swollen blood vessels, prominent veins on calf",lie down flat and raise the leg high | use oinments | use vein compression | dont stand still for long
Hypothyroidism,"fatigue, weight gain, cold hands and feets, mood swings, lethargy, dizziness, puffy face and eyes, enlarged thyroid, brittle nails, swollen extremeties, depression, irritability, abnormal menstruation",reduce stress | exercise | eat healthy | get proper sleep
Hyperthyroidism,"fatigue, mood swings, weight loss, restlessness, sweating, diarrhoea, fast heart rate, excessive hunger, muscle weakness, irritability, abnormal menstruation",eat healthy | massage | use lemon balm | take radioactive iodine treatment
Hypoglycemia,"vomiting, fatigue, anxiety, sweating, headache, nausea, blurred and distorted vision, excessive hunger, drying and tingling lips, slurred speech, irritability, palpitations",lie down on side | check in pulse | drink sugary drinks | consult doctor
Osteoarthristis,"joint pain, neck pain, knee pain, hip joint pain, swelling joints, painful walking",acetaminophen | consult nearest hospital | follow up | salt baths
Arthritis,"muscle weakness, stiff neck, swelling joints, movement stiffness, painful walking",exercise | use hot and cold therapy | try acupuncture | massage
(vertigo) Paroymsal  Positional Vertigo,"vomiting, headache, nausea, spinning movements, loss of balance, unsteadiness",lie down | avoid sudden change in body | avoid abrupt head movment | relax
Acne,"skin rash, pus filled pimples, blackheads, scurring",bath twice | avoid fatty spicy food | drink plenty of water | avoid too many products
Urinary tract infection,"burning micturition, bladder discomfort, foul smell of urine, continuous feel of urine",drink plenty of water | increase vitamin c intake | drink cranberry juice | take probiotics
Psoriasis,"skin rash, joint pain, skin peeling, silver like dusting, small dents in nails, inflammatory nails",wash hands with warm soapy water | stop bleeding using pressure | consult doctor | salt baths
Impetigo,"skin rash, high fever, blister, red sore around nose, yellow crust ooze",soak affected area in warm water | use antibiotics | remove scabs with wet compressed cloth | consult doctor
Fungal infection,"itching, skin rash, nodal skin eruptions, dischromic  patches",bath twice | use detol or neem in bathing water | keep infected area dry | use clean cloths
Allergy,"continuous sneezing, shivering, chills, watering from eyes",Consult a doctor | Get adequate rest | Stay hydrated | Follow prescribed treatment
GERD,"stomach pain, acidity, ulcers on tongue, vomiting, cough, chest pain",avoid fatty spicy food | avoid lying down after eating | maintain healthy weight | exercise
Chronic cholestasis,"itching, vomiting, yellowish skin, nausea, loss of appetite, abdominal pain, yellowing of eyes",cold baths | anti itch medicine | consult doctor | eat healthy
Drug Reaction,"itching, skin rash, stomach pain, burning micturition, spotting  urination",Consult a doctor | Get adequate rest | Stay hydrated | Follow prescribed treatment
Peptic ulcer diseae,"vomiting, indigestion, loss of appetite, abdominal pain, passage of gases, internal itching",avoid fatty spicy food | consume probiotic food | eliminate milk | limit alcohol
AIDS,"muscle wasting, patches in throat, high fever, extra marital contacts",avoid open cuts | wear ppe if possible | consult doctor | follow up
Diabetes ,"fatigue, weight loss, restlessness, lethargy, irregular sugar level, blurred and distorted vision, obesity, excessive hunger, increased appetite, polyuria",have balanced diet | exercise | consult doctor | follow up
Gastroenteritis,"vomiting, sunken eyes, dehydration, diarrhoea",stop eating solid food for while | try taking small sips of water | rest | ease back into eating
Bronchial Asthma,"fatigue, cough, high fever, breathlessness, family history, mucoid sputum",switch to loose cloothing | take deep breaths | get away from trigger | seek help
Hypertension ,"headache, chest pain, dizziness, loss of balance, lack of concentration",meditation | salt baths | reduce stress | get proper sleep
Migraine,"acidity, indigestion, headache, blurred and distorted vision, excessive hunger, stiff neck, depression, irritability, visual disturbances",meditation | reduce stress | use poloroid glasses in sun | consult doctor
Cervical spondylosis,"back pain, weakness in limbs, neck pain, dizziness, loss of balance",use heating pad or cold pack | exercise | take otc pain reliver | consult doctor
Paralysis (brain hemorrhage),"vomiting, headache, weakness of one body side, altered sensorium",massage | eat healthy | exercise | consult doctor
Jaundice,"itching, vomiting, fatigue, weight loss, high fever, yellowish skin, dark urine, abdominal pain",drink plenty of water | consume milk thistle | eat fruits and high fiberous food | medication
Malaria,"chills, vomiting, high fever, sweating, headache, nausea, diarrhoea, muscle pain",Consult nearest hospital | avoid oily food | avoid non veg food | keep mosquitos out
Chicken pox,"itching, skin rash, fatigue, lethargy, high fever, headache, loss of appetite, mild fever, swelled lymph nodes, malaise, red spots over body",use neem in bathing | consume neem leaves | take vaccine | avoid public places
Dengue,"skin rash, chills, joint pain, vomiting, fatigue, high fever, headache, nausea, loss of appetite, pain behind the eyes, back pain, malaise, muscle pain, red spots over body",drink papaya leaf juice | avoid fatty spicy food | keep mosquitos away | keep hydrated
Typhoid,"chills, vomiting, fatigue, high fever, headache, nausea, constipation, abdominal pain, diarrhoea, toxic look (typhos), belly pain",eat high calorie vegitables | antiboitic therapy | consult doctor | medication
hepatitis A,"joint pain, vomiting, yellowish skin, dark urine, nausea, loss of appetite, abdominal pain, diarrhoea, mild fever, yellowing of eyes, muscle pain",Consult nearest hospital | wash hands through | avoid fatty spicy food | medication
Hepatitis B,"itching, fatigue, lethargy, yellowish skin, dark urine, loss of appetite, abdominal pain, yellow urine, yellowing of eyes, malaise, receiving blood transfusion, receiving unsterile injections",consult nearest hospital | vaccination | eat healthy | medication
Hepatitis C,"fatigue, yellowish skin, nausea, loss of appetite, yellowing of eyes, family history",Consult nearest hospital | vaccination | eat healthy | medication
Hepatitis D,"joint pain, vomiting, fatigue, yellowish skin, dark urine, nausea, loss of appetite, abdominal pain, yellowing of eyes",consult doctor | medication | eat healthy | follow up
Hepatitis E,"joint pain, vomiting, fatigue, high fever, yellowish skin, dark urine, nausea, loss of appetite, abdominal pain, yellowing of eyes, acute liver failure, coma, stomach bleeding",stop alcohol consumption | rest | consult doctor | medication
Alcoholic hepatitis,"vomiting, yellowish skin, abdominal pain, swelling of stomach, distention of abdomen, history of alcohol consumption, fluid overload",stop alcohol consumption | consult doctor | medication | follow up
Tuberculosis,"chills, vomiting, fatigue, weight loss, cough, high fever, breathlessness, sweating, loss of appetite, mild fever, yellowing of eyes, swelled lymph nodes, malaise, phlegm, chest pain, blood in sputum",cover mouth | consult doctor | medication | rest
Common Cold,"continuous sneezing, chills, fatigue, cough, high fever, headache, swelled lymph nodes, malaise, phlegm, throat irritation, redness of eyes, sinus pressure, runny nose, congestion, chest pain, loss of smell, muscle pain",drink vitamin c rich drinks | take vapour | avoid cold food | keep fever in check
Pneumonia,"chills, fatigue, cough, high fever, breathlessness, sweating, malaise, phlegm, chest pain, fast heart rate, rusty sputum",consult doctor | medication | rest | follow up
Dimorphic hemmorhoids(piles),"constipation, pain during bowel movements, pain in anal region, bloody stool, irritation in anus",avoid fatty spicy food | consume witch hazel | warm bath with epsom salt | consume alovera juice
Heart attack,"vomiting, breathlessness, sweating, chest pain",Consult a doctor | Get adequate rest | Stay hydrated | Follow prescribed treatment
Varicose veins,"fatigue, cramps, bruising, obesity, swollen legs, swollen blood vessels, prominent veins on calf",lie down flat and raise the leg high | use oinments | use vein compression | dont stand still for long
Hypothyroidism,"fatigue, weight gain, cold hands and feets, mood swings, lethargy, dizziness, puffy face and eyes, enlarged thyroid, brittle nails, swollen extremeties, depression, irritability, abnormal menstruation",reduce stress | exercise | eat healthy | get proper sleep
Hyperthyroidism,"fatigue, mood swings, weight loss, restlessness, sweating, diarrhoea, fast heart rate, excessive hunger, muscle weakness, irritability, abnormal menstruation",eat healthy | massage | use lemon balm | take radioactive iodine treatment
Hypoglycemia,"vomiting, fatigue, anxiety, sweating, headache, nausea, blurred and distorted vision, excessive hunger, drying and tingling lips, slurred speech, irritability, palpitations",lie down on side | check in pulse | drink sugary drinks | consult doctor
Osteoarthristis,"joint pain, neck pain, knee pain, hip joint pain, swelling joints, painful walking",acetaminophen | consult nearest hospital | follow up | salt baths
Arthritis,"muscle weakness, stiff neck, swelling joints, movement stiffness, painful walking",exercise | use hot and cold therapy | try acupuncture | massage
(vertigo) Paroymsal  Positional Vertigo,"vomiting, headache, nausea, spinning movements, loss of balance, unsteadiness",lie down | avoid sudden change in body | avoid abrupt head movment | relax
Acne,"skin rash, pus filled pimples, blackheads, scurring",bath twice | avoid fatty spicy food | drink plenty of water | avoid too many products
Urinary tract infection,"burning micturition, bladder discomfort, foul smell of urine, continuous feel of urine",drink plenty of water | increase vitamin c intake | drink cranberry juice | take probiotics
Psoriasis,"skin rash, joint pain, skin peeling, silver like dusting, small dents in nails, inflammatory nails",wash hands with warm soapy water | stop bleeding using pressure | consult doctor | salt baths
Impetigo,"skin rash, high fever, blister, red sore around nose, yellow crust ooze",soak affected area in warm water | use antibiotics | remove scabs with wet compressed cloth | consult doctor
Fungal infection,"itching, skin rash, nodal skin eruptions, dischromic  patches",bath twice | use detol or neem in bathing water | keep infected area dry | use clean cloths
Allergy,"continuous sneezing, shivering, chills, watering from eyes",Consult a doctor | Get adequate rest | Stay hydrated | Follow prescribed treatment
GERD,"stomach pain, acidity, ulcers on tongue, vomiting, cough, chest pain",avoid fatty spicy food | avoid lying down after eating | maintain healthy weight | exercise
Chronic cholestasis,"itching, vomiting, yellowish skin, nausea, loss of appetite, abdominal pain, yellowing of eyes",cold baths | anti itch medicine | consult doctor | eat healthy
Drug Reaction,"itching, skin rash, stomach pain, burning micturition, spotting  urination",Consult a doctor | Get adequate rest | Stay hydrated | Follow prescribed treatment
Peptic ulcer diseae,"vomiting, indigestion, loss of appetite, abdominal pain, passage of gases, internal itching",avoid fatty spicy food | consume probiotic food | eliminate milk | limit alcohol
AIDS,"muscle wasting, patches in throat, high fever, extra marital contacts",avoid open cuts | wear ppe if possible | consult doctor | follow up
Diabetes ,"fatigue, weight loss, restlessness, lethargy, irregular sugar level, blurred and distorted vision, obesity, excessive hunger, increased appetite, polyuria",have balanced diet | exercise | consult doctor | follow up
Gastroenteritis,"vomiting, sunken eyes, dehydration, diarrhoea",stop eating solid food for while | try taking small sips of water | rest | ease back into eating
Bronchial Asthma,"fatigue, cough, high fever, breathlessness, family history, mucoid sputum",switch to loose cloothing | take deep breaths | get away from trigger | seek help
Hypertension ,"headache, chest pain, dizziness, loss of balance, lack of concentration",meditation | salt baths | reduce stress | get proper sleep
Migraine,"acidity, indigestion, headache, blurred and distorted vision, excessive hunger, stiff neck, depression, irritability, visual disturbances",meditation | reduce stress | use poloroid glasses in sun | consult doctor
Cervical spondylosis,"back pain, weakness in limbs, neck pain, dizziness, loss of balance",use heating pad or cold pack | exercise | take otc pain reliver | consult doctor
Paralysis (brain hemorrhage),"vomiting, headache, weakness of one body side, altered sensorium",massage | eat healthy | exercise | consult doctor
Jaundice,"itching, vomiting, fatigue, weight loss, high fever, yellowish skin, dark urine, abdominal pain",drink plenty of water | consume milk thistle | eat fruits and high fiberous food | medication
Malaria,"chills, vomiting, high fever, sweating, headache, nausea, diarrhoea, muscle pain",Consult nearest hospital | avoid oily food | avoid non veg food | keep mosquitos out
Chicken pox,"itching, skin rash, fatigue, lethargy, high fever, headache, loss of appetite, mild fever, swelled lymph nodes, malaise, red spots over body",use neem in bathing | consume neem leaves | take vaccine | avoid public places
Dengue,"skin rash, chills, joint pain, vomiting, fatigue, high fever, headache, nausea, loss of appetite, pain behind the eyes, back pain, malaise, muscle pain, red spots over body",drink papaya leaf juice | avoid fatty spicy food | keep mosquitos away | keep hydrated
Typhoid,"chills, vomiting, fatigue, high fever, headache, nausea, constipation, abdominal pain, diarrhoea, toxic look (typhos), belly pain",eat high calorie vegitables | antiboitic therapy | consult doctor | medication
hepatitis A,"joint pain, vomiting, yellowish skin, dark urine, nausea, loss of appetite, abdominal pain, diarrhoea, mild fever, yellowing of eyes, muscle pain",Consult nearest hospital | wash hands through | avoid fatty spicy food | medication
Hepatitis B,"itching, fatigue, lethargy, yellowish skin, dark urine, loss of appetite, abdominal pain, yellow urine, yellowing of eyes, malaise, receiving blood transfusion, receiving unsterile injections",consult nearest hospital | vaccination | eat healthy | medication
Hepatitis C,"fatigue, yellowish skin, nausea, loss of appetite, yellowing of eyes, family history",Consult nearest hospital | vaccination | eat healthy | medication
Hepatitis D,"joint pain, vomiting, fatigue, yellowish skin, dark urine, nausea, loss of appetite, abdominal pain, yellowing of eyes",consult doctor | medication | eat healthy | follow up
Hepatitis E,"joint pain, vomiting, fatigue, high fever, yellowish skin, dark urine, nausea, loss of appetite, abdominal pain, yellowing of eyes, acute liver failure, coma, stomach bleeding",stop alcohol consumption | rest | consult doctor | medication
Alcoholic hepatitis,"vomiting, yellowish skin, abdominal pain, swelling of stomach, distention of abdomen, history of alcohol consumption, fluid overload",stop alcohol consumption | consult doctor | medication | follow up
Tuberculosis,"chills, vomiting, fatigue, weight loss, cough, high fever, breathlessness, sweating, loss of appetite, mild fever, yellowing of eyes, swelled lymph nodes, malaise, phlegm, chest pain, blood in sputum",cover mouth | consult doctor | medication | rest
Common Cold,"continuous sneezing, chills, fatigue, cough, high fever, headache, swelled lymph nodes, malaise, phlegm, throat irritation, redness of eyes, sinus pressure, runny nose, congestion, chest pain, loss of smell, muscle pain",drink vitamin c rich drinks | take vapour | avoid cold food | keep fever in check
Pneumonia,"chills, fatigue, cough, high fever, breathlessness, sweating, malaise, phlegm, chest pain, fast heart rate, rusty sputum",consult doctor | medication | rest | follow up
Dimorphic hemmorhoids(piles),"constipation, pain during bowel movements, pain in anal region, bloody stool, irritation in anus",avoid fatty spicy food | consume witch hazel | warm bath with epsom salt | consume alovera juice
Heart attack,"vomiting, breathlessness, sweating, chest pain",Consult a doctor | Get adequate rest | Stay hydrated | Follow prescribed treatment
Varicose veins,"fatigue, cramps, bruising, obesity, swollen legs, swollen blood vessels, prominent veins on calf",lie down flat and raise the leg high | use oinments | use vein compression | dont stand still for long
Hypothyroidism,"fatigue, weight gain, cold hands and feets, mood swings, lethargy, dizziness, puffy face and eyes, enlarged thyroid, brittle nails, swollen extremeties, depression, irritability, abnormal menstruation",reduce stress | exercise | eat healthy | get proper sleep
Hyperthyroidism,"fatigue, mood swings, weight loss, restlessness, sweating, diarrhoea, fast heart rate, excessive hunger, muscle weakness, irritability, abnormal menstruation",eat healthy | massage | use lemon balm | take radioactive iodine treatment
Hypoglycemia,"vomiting, fatigue, anxiety, sweating, headache, nausea, blurred and distorted vision, excessive hunger, drying and tingling lips, slurred speech, irritability, palpitations",lie down on side | check in pulse | drink sugary drinks | consult doctor
Osteoarthristis,"joint pain, neck pain, knee pain, hip joint pain, swelling joints, painful walking",acetaminophen | consult nearest hospital | follow up | salt baths
Arthritis,"muscle weakness, stiff neck, swelling joints, movement stiffness, painful walking",exercise | use hot and cold therapy | try acupuncture | massage
(vertigo) Paroymsal  Positional Vertigo,"vomiting, headache, nausea, spinning movements, loss of balance, unsteadiness",lie down | avoid sudden change in body | avoid abrupt head movment | relax
Acne,"skin rash, pus filled pimples, blackheads, scurring",bath twice | avoid fatty spicy food | drink plenty of water | avoid too many products
Urinary tract infection,"burning micturition, bladder discomfort, foul smell of urine, continuous feel of urine",drink plenty of water | increase vitamin c intake | drink cranberry juice | take probiotics
Psoriasis,"skin rash, joint pain, skin peeling, silver like dusting, small dents in nails, inflammatory nails",wash hands with warm soapy water | stop bleeding using pressure | consult doctor | salt baths
Impetigo,"skin rash, high fever, blister, red sore around nose, yellow crust ooze",soak affected area in warm water | use antibiotics | remove scabs with wet compressed cloth | consult doctor
Fungal infection,"itching, skin rash, nodal skin eruptions, dischromic  patches",bath twice | use detol or neem in bathing water | keep infected area dry | use clean cloths
Allergy,"continuous sneezing, shivering, chills, watering from eyes",Consult a doctor | Get adequate rest | Stay hydrated | Follow prescribed treatment
GERD,"stomach pain, acidity, ulcers on tongue, vomiting, cough, chest pain",avoid fatty spicy food | avoid lying down after eating | maintain healthy weight | exercise
Chronic cholestasis,"itching, vomiting, yellowish skin, nausea, loss of appetite, abdominal pain, yellowing of eyes",cold baths | anti itch medicine | consult doctor | eat healthy
Drug Reaction,"itching, skin rash, stomach pain, burning micturition, spotting  urination",Consult a doctor | Get adequate rest | Stay hydrated | Follow prescribed treatment
Peptic ulcer diseae,"vomiting, indigestion, loss of appetite, abdominal pain, passage of gases, internal itching",avoid fatty spicy food | consume probiotic food | eliminate milk | limit alcohol
AIDS,"muscle wasting, patches in throat, high fever, extra marital contacts",avoid open cuts | wear ppe if possible | consult doctor | follow up
Diabetes ,"fatigue, weight loss, restlessness, lethargy, irregular sugar level, blurred and distorted vision, obesity, excessive hunger, increased appetite, polyuria",have balanced diet | exercise | consult doctor | follow up
Gastroenteritis,"vomiting, sunken eyes, dehydration, diarrhoea",stop eating solid food for while | try taking small sips of water | rest | ease back into eating
Bronchial Asthma,"fatigue, cough, high fever, breathlessness, family history, mucoid sputum",switch to loose cloothing | take deep breaths | get away from trigger | seek help
Hypertension ,"headache, chest pain, dizziness, loss of balance, lack of concentration",meditation | salt baths | reduce stress | get proper sleep
Migraine,"acidity, indigestion, headache, blurred and distorted vision, excessive hunger, stiff neck, depression, irritability, visual disturbances",meditation | reduce stress | use poloroid glasses in sun | consult doctor
Cervical spondylosis,"back pain, weakness in limbs, neck pain, dizziness, loss of balance",use heating pad or cold pack | exercise | take otc pain reliver | consult doctor
Paralysis (brain hemorrhage),"vomiting, headache, weakness of one body side, altered sensorium",massage | eat healthy | exercise | consult doctor
Jaundice,"itching, vomiting, fatigue, weight loss, high fever, yellowish skin, dark urine, abdominal pain",drink plenty of water | consume milk thistle | eat fruits and high fiberous food | medication
Malaria,"chills, vomiting, high fever, sweating, headache, nausea, diarrhoea, muscle pain",Consult nearest hospital | avoid oily food | avoid non veg food | keep mosquitos out
Chicken pox,"itching, skin rash, fatigue, lethargy, high fever, headache, loss of appetite, mild fever, swelled lymph nodes, malaise, red spots over body",use neem in bathing | consume neem leaves | take vaccine | avoid public places
Dengue,"skin rash, chills, joint pain, vomiting, fatigue, high fever, headache, nausea, loss of appetite, pain behind the eyes, back pain, malaise, muscle pain, red spots over body",drink papaya leaf juice | avoid fatty spicy food | keep mosquitos away | keep hydrated
Typhoid,"chills, vomiting, fatigue, high fever, headache, nausea, constipation, abdominal pain, diarrhoea, toxic look (typhos), belly pain",eat high calorie vegitables | antiboitic therapy | consult doctor | medication
hepatitis A,"joint pain, vomiting, yellowish skin, dark urine, nausea, loss of appetite, abdominal pain, diarrhoea, mild fever, yellowing of eyes, muscle pain",Consult nearest hospital | wash hands through | avoid fatty spicy food | medication
Hepatitis B,"itching, fatigue, lethargy, yellowish skin, dark urine, loss of appetite, abdominal pain, yellow urine, yellowing of eyes, malaise, receiving blood transfusion, receiving unsterile injections",consult nearest hospital | vaccination | eat healthy | medication
Hepatitis C,"fatigue, yellowish skin, nausea, loss of appetite, yellowing of eyes, family history",Consult nearest hospital | vaccination | eat healthy | medication
Hepatitis D,"joint pain, vomiting, fatigue, yellowish skin, dark urine, nausea, loss of appetite, abdominal pain, yellowing of eyes",consult doctor | medication | eat healthy | follow up
Hepatitis E,"joint pain, vomiting, fatigue, high fever, yellowish skin, dark urine, nausea, loss of appetite, abdominal pain, yellowing of eyes, acute liver failure, coma, stomach bleeding",stop alcohol consumption | rest | consult doctor | medication
Alcoholic hepatitis,"vomiting, yellowish skin, abdominal pain, swelling of stomach, distention of abdomen, history of alcohol consumption, fluid overload",stop alcohol consumption | consult doctor | medication | follow up
Tuberculosis,"chills, vomiting, fatigue, weight loss, cough, high fever, breathlessness, sweating, loss of appetite, mild fever, yellowing of eyes, swelled lymph nodes, malaise, phlegm, chest pain, blood in sputum",cover mouth | consult doctor | medication | rest
Common Cold,"continuous sneezing, chills, fatigue, cough, high fever, headache, swelled lymph nodes, malaise, phlegm, throat irritation, redness of eyes, sinus pressure, runny nose, congestion, chest pain, loss of smell, muscle pain",drink vitamin c rich drinks | take vapour | avoid cold food | keep fever in check
Pneumonia,"chills, fatigue, cough, high fever, breathlessness, sweating, malaise, phlegm, chest pain, fast heart rate, rusty sputum",consult doctor | medication | rest | follow up
Dimorphic hemmorhoids(piles),"constipation, pain during bowel movements, pain in anal region, bloody stool, irritation in anus",avoid fatty spicy food | consume witch hazel | warm bath with epsom salt | consume alovera juice
Heart attack,"vomiting, breathlessness, sweating, chest pain",Consult a doctor | Get adequate rest | Stay hydrated | Follow prescribed treatment
Varicose veins,"fatigue, cramps, bruising, obesity, swollen legs, swollen blood vessels, prominent veins on calf",lie down flat and raise the leg high | use oinments | use vein compression | dont stand still for long
Hypothyroidism,"fatigue, weight gain, cold hands and feets, mood swings, lethargy, dizziness, puffy face and eyes, enlarged thyroid, brittle nails, swollen extremeties, depression, irritability, abnormal menstruation",reduce stress | exercise | eat healthy | get proper sleep
Hyperthyroidism,"fatigue, mood swings, weight loss, restlessness, sweating, diarrhoea, fast heart rate, excessive hunger, muscle weakness, irritability, abnormal menstruation",eat healthy | massage | use lemon balm | take radioactive iodine treatment
Hypoglycemia,"vomiting, fatigue, anxiety, sweating, headache, nausea, blurred and distorted vision, excessive hunger, drying and tingling lips, slurred speech, irritability, palpitations",lie down on side | check in pulse | drink sugary drinks | consult doctor
Osteoarthristis,"joint pain, neck pain, knee pain, hip joint pain, swelling joints, painful walking",acetaminophen | consult nearest hospital | follow up | salt baths
Arthritis,"muscle weakness, stiff neck, swelling joints, movement stiffness, painful walking",exercise | use hot and cold therapy | try acupuncture | massage
(vertigo) Paroymsal  Positional Vertigo,"vomiting, headache, nausea, spinning movements, loss of balance, unsteadiness",lie down | avoid sudden change in body | avoid abrupt head movment | relax
Acne,"skin rash, pus filled pimples, blackheads, scurring",bath twice | avoid fatty spicy food | drink plenty of water | avoid too many products
Urinary tract infection,"burning micturition, bladder discomfort, foul smell of urine, continuous feel of urine",drink plenty of water | increase vitamin c intake | drink cranberry juice | take probiotics
Psoriasis,"skin rash, joint pain, skin peeling, silver like dusting, small dents in nails, inflammatory nails",wash hands with warm soapy water | stop bleeding using pressure | consult doctor | salt baths
Impetigo,"skin rash, high fever, blister, red sore around nose, yellow crust ooze",soak affected area in warm water | use antibiotics | remove scabs with wet compressed cloth | consult doctor
Fungal infection,"itching, skin rash, nodal skin eruptions, dischromic  patches",bath twice | use detol or neem in bathing water | keep infected area dry | use clean cloths
Allergy,"continuous sneezing, shivering, chills, watering from eyes",Consult a doctor | Get adequate rest | Stay hydrated | Follow prescribed treatment
GERD,"stomach pain, acidity, ulcers on tongue, vomiting, cough, chest pain",avoid fatty spicy food | avoid lying down after eating | maintain healthy weight | exercise
Chronic cholestasis,"itching, vomiting, yellowish skin, nausea, loss of appetite, abdominal pain, yellowing of eyes",cold baths | anti itch medicine | consult doctor | eat healthy
Drug Reaction,"itching, skin rash, stomach pain, burning micturition, spotting  urination",Consult a doctor | Get adequate rest | Stay hydrated | Follow prescribed treatment
Peptic ulcer diseae,"vomiting, indigestion, loss of appetite, abdominal pain, passage of gases, internal itching",avoid fatty spicy food | consume probiotic food | eliminate milk | limit alcohol
AIDS,"muscle wasting, patches in throat, high fever, extra marital contacts",avoid open cuts | wear ppe if possible | consult doctor | follow up
Diabetes ,"fatigue, weight loss, restlessness, lethargy, irregular sugar level, blurred and distorted vision, obesity, excessive hunger, increased appetite, polyuria",have balanced diet | exercise | consult doctor | follow up
Gastroenteritis,"vomiting, sunken eyes, dehydration, diarrhoea",stop eating solid food for while | try taking small sips of water | rest | ease back into eating
Bronchial Asthma,"fatigue, cough, high fever, breathlessness, family history, mucoid sputum",switch to loose cloothing | take deep breaths | get away from trigger | seek help
Hypertension ,"headache, chest pain, dizziness, loss of balance, lack of concentration",meditation | salt baths | reduce stress | get proper sleep
Migraine,"acidity, indigestion, headache, blurred and distorted vision, excessive hunger, stiff neck, depression, irritability, visual disturbances",meditation | reduce stress | use poloroid glasses in sun | consult doctor
Cervical spondylosis,"back pain, weakness in limbs, neck pain, dizziness, loss of balance",use heating pad or cold pack | exercise | take otc pain reliver | consult doctor
Paralysis (brain hemorrhage),"vomiting, headache, weakness of one body side, altered sensorium",massage | eat healthy | exercise | consult doctor
Jaundice,"itching, vomiting, fatigue, weight loss, high fever, yellowish skin, dark urine, abdominal pain",drink plenty of water | consume milk thistle | eat fruits and high fiberous food | medication
Malaria,"chills, vomiting, high fever, sweating, headache, nausea, diarrhoea, muscle pain",Consult nearest hospital | avoid oily food | avoid non veg food | keep mosquitos out
Chicken pox,"itching, skin rash, fatigue, lethargy, high fever, headache, loss of appetite, mild fever, swelled lymph nodes, malaise, red spots over body",use neem in bathing | consume neem leaves | take vaccine | avoid public places
Dengue,"skin rash, chills, joint pain, vomiting, fatigue, high fever, headache, nausea, loss of appetite, pain behind the eyes, back pain, malaise, muscle pain, red spots over body",drink papaya leaf juice | avoid fatty spicy food | keep mosquitos away | keep hydrated
Typhoid,"chills, vomiting, fatigue, high fever, headache, nausea, constipation, abdominal pain, diarrhoea, toxic look (typhos), belly pain",eat high calorie vegitables | antiboitic therapy | consult doctor | medication
hepatitis A,"joint pain, vomiting, yellowish skin, dark urine, nausea, loss of appetite, abdominal pain, diarrhoea, mild fever, yellowing of eyes, muscle pain",Consult nearest hospital | wash hands through | avoid fatty spicy food | medication
Hepatitis B,"itching, fatigue, lethargy, yellowish skin, dark urine, loss of appetite, abdominal pain, yellow urine, yellowing of eyes, malaise, receiving blood transfusion, receiving unsterile injections",consult nearest hospital | vaccination | eat healthy | medication
Hepatitis C,"fatigue, yellowish skin, nausea, loss of appetite, yellowing of eyes, family history",Consult nearest hospital | vaccination | eat healthy | medication
Hepatitis D,"joint pain, vomiting, fatigue, yellowish skin, dark urine, nausea, loss of appetite, abdominal pain, yellowing of eyes",consult doctor | medication | eat healthy | follow up
Hepatitis E,"joint pain, vomiting, fatigue, high fever, yellowish skin, dark urine, nausea, loss of appetite, abdominal pain, yellowing of eyes, acute liver failure, coma, stomach bleeding",stop alcohol consumption | rest | consult doctor | medication
Alcoholic hepatitis,"vomiting, yellowish skin, abdominal pain, swelling of stomach, distention of abdomen, history of alcohol consumption, fluid overload",stop alcohol consumption | consult doctor | medication | follow up
Tuberculosis,"chills, vomiting, fatigue, weight loss, cough, high fever, breathlessness, sweating, loss of appetite, mild fever, yellowing of eyes, swelled lymph nodes, malaise, phlegm, chest pain, blood in sputum",cover mouth | consult doctor | medication | rest
Common Cold,"continuous sneezing, chills, fatigue, cough, high fever, headache, swelled lymph nodes, malaise, phlegm, throat irritation, redness of eyes, sinus pressure, runny nose, congestion, chest pain, loss of smell, muscle pain",drink vitamin c rich drinks | take vapour | avoid cold food | keep fever in check
Pneumonia,"chills, fatigue, cough, high fever, breathlessness, sweating, malaise, phlegm, chest pain, fast heart rate, rusty sputum",consult doctor | medication | rest | follow up
Dimorphic hemmorhoids(piles),"constipation, pain during bowel movements, pain in anal region, bloody stool, irritation in anus",avoid fatty spicy food | consume witch hazel | warm bath with epsom salt | consume alovera juice
Heart attack,"vomiting, breathlessness, sweating, chest pain",Consult a doctor | Get adequate rest | Stay hydrated | Follow prescribed treatment
Varicose veins,"fatigue, cramps, bruising, obesity, swollen legs, swollen blood vessels, prominent veins on calf",lie down flat and raise the leg high | use oinments | use vein compression | dont stand still for long
Hypothyroidism,"fatigue, weight gain, cold hands and feets, mood swings, lethargy, dizziness, puffy face and eyes, enlarged thyroid, brittle nails, swollen extremeties, depression, irritability, abnormal menstruation",reduce stress | exercise | eat healthy | get proper sleep
Hyperthyroidism,"fatigue, mood swings, weight loss, restlessness, sweating, diarrhoea, fast heart rate, excessive hunger, muscle weakness, irritability, abnormal menstruation",eat healthy | massage | use lemon balm | take radioactive iodine treatment
Hypoglycemia,"vomiting, fatigue, anxiety, sweating, headache, nausea, blurred and distorted vision, excessive hunger, drying and tingling lips, slurred speech, irritability, palpitations",lie down on side | check in pulse | drink sugary drinks | consult doctor
Osteoarthristis,"joint pain, neck pain, knee pain, hip joint pain, swelling joints, painful walking",acetaminophen | consult nearest hospital | follow up | salt baths
Arthritis,"muscle weakness, stiff neck, swelling joints, movement stiffness, painful walking",exercise | use hot and cold therapy | try acupuncture | massage
(vertigo) Paroymsal  Positional Vertigo,"vomiting, headache, nausea, spinning movements, loss of balance, unsteadiness",lie down | avoid sudden change in body | avoid abrupt head movment | relax
Acne,"skin rash, pus filled pimples, blackheads, scurring",bath twice | avoid fatty spicy food | drink plenty of water | avoid too many products
Urinary tract infection,"burning micturition, bladder discomfort, foul smell of urine, continuous feel of urine",drink plenty of water | increase vitamin c intake | drink cranberry juice | take probiotics
Psoriasis,"skin rash, joint pain, skin peeling, silver like dusting, small dents in nails, inflammatory nails",wash hands with warm soapy water | stop bleeding using pressure | consult doctor | salt baths
Impetigo,"skin rash, high fever, blister, red sore around nose, yellow crust ooze",soak affected area in warm water | use antibiotics | remove scabs with wet compressed cloth | consult doctor
Fungal infection,"itching, skin rash, nodal skin eruptions, dischromic  patches",bath twice | use detol or neem in bathing water | keep infected area dry | use clean cloths
Allergy,"continuous sneezing, shivering, chills, watering from eyes",Consult a doctor | Get adequate rest | Stay hydrated | Follow prescribed treatment
GERD,"stomach pain, acidity, ulcers on tongue, vomiting, cough, chest pain",avoid fatty spicy food | avoid lying down after eating | maintain healthy weight | exercise
Chronic cholestasis,"itching, vomiting, yellowish skin, nausea, loss of appetite, abdominal pain, yellowing of eyes",cold baths | anti itch medicine | consult doctor | eat healthy
Drug Reaction,"itching, skin rash, stomach pain, burning micturition, spotting  urination",Consult a doctor | Get adequate rest | Stay hydrated | Follow prescribed treatment
Peptic ulcer diseae,"vomiting, indigestion, loss of appetite, abdominal pain, passage of gases, internal itching",avoid fatty spicy food | consume probiotic food | eliminate milk | limit alcohol
AIDS,"muscle wasting, patches in throat, high fever, extra marital contacts",avoid open cuts | wear ppe if possible | consult doctor | follow up
Diabetes ,"fatigue, weight loss, restlessness, lethargy, irregular sugar level, blurred and distorted vision, obesity, excessive hunger, increased appetite, polyuria",have balanced diet | exercise | consult doctor | follow up
Gastroenteritis,"vomiting, sunken eyes, dehydration, diarrhoea",stop eating solid food for while | try taking small sips of water | rest | ease back into eating
Bronchial Asthma,"fatigue, cough, high fever, breathlessness, family history, mucoid sputum",switch to loose cloothing | take deep breaths | get away from trigger | seek help
Hypertension ,"headache, chest pain, dizziness, loss of balance, lack of concentration",meditation | salt baths | reduce stress | get proper sleep
Migraine,"acidity, indigestion, headache, blurred and distorted vision, excessive hunger, stiff neck, depression, irritability, visual disturbances",meditation | reduce stress | use poloroid glasses in sun | consult doctor
Cervical spondylosis,"back pain, weakness in limbs, neck pain, dizziness, loss of balance",use heating pad or cold pack | exercise | take otc pain reliver | consult doctor
Paralysis (brain hemorrhage),"vomiting, headache, weakness of one body side, altered sensorium",massage | eat healthy | exercise | consult doctor
Jaundice,"itching, vomiting, fatigue, weight loss, high fever, yellowish skin, dark urine, abdominal pain",drink plenty of water | consume milk thistle | eat fruits and high fiberous food | medication
Malaria,"chills, vomiting, high fever, sweating, headache, nausea, diarrhoea, muscle pain",Consult nearest hospital | avoid oily food | avoid non veg food | keep mosquitos out
Chicken pox,"itching, skin rash, fatigue, lethargy, high fever, headache, loss of appetite, mild fever, swelled lymph nodes, malaise, red spots over body",use neem in bathing | consume neem leaves | take vaccine | avoid public places
Dengue,"skin rash, chills, joint pain, vomiting, fatigue, high fever, headache, nausea, loss of appetite, pain behind the eyes, back pain, malaise, muscle pain, red spots over body",drink papaya leaf juice | avoid fatty spicy food | keep mosquitos away | keep hydrated
Typhoid,"chills, vomiting, fatigue, high fever, headache, nausea, constipation, abdominal pain, diarrhoea, toxic look (typhos), belly pain",eat high calorie vegitables | antiboitic therapy | consult doctor | medication
hepatitis A,"joint pain, vomiting, yellowish skin, dark urine, nausea, loss of appetite, abdominal pain, diarrhoea, mild fever, yellowing of eyes, muscle pain",Consult nearest hospital | wash hands through | avoid fatty spicy food | medication
Hepatitis B,"itching, fatigue, lethargy, yellowish skin, dark urine, loss of appetite, abdominal pain, yellow urine, yellowing of eyes, malaise, receiving blood transfusion, receiving unsterile injections",consult nearest hospital | vaccination | eat healthy | medication
Hepatitis C,"fatigue, yellowish skin, nausea, loss of appetite, yellowing of eyes, family history",Consult nearest hospital | vaccination | eat healthy | medication
Hepatitis D,"joint pain, vomiting, fatigue, yellowish skin, dark urine, nausea, loss of appetite, abdominal pain, yellowing of eyes",consult doctor | medication | eat healthy | follow up
Hepatitis E,"joint pain, vomiting, fatigue, high fever, yellowish skin, dark urine, nausea, loss of appetite, abdominal pain, yellowing of eyes, acute liver failure, coma, stomach bleeding",stop alcohol consumption | rest | consult doctor | medication
Alcoholic hepatitis,"vomiting, yellowish skin, abdominal pain, swelling of stomach, distention of abdomen, history of alcohol consumption, fluid overload",stop alcohol consumption | consult doctor | medication | follow up
Tuberculosis,"chills, vomiting, fatigue, weight loss, cough, high fever, breathlessness, sweating, loss of appetite, mild fever, yellowing of eyes, swelled lymph nodes, malaise, phlegm, chest pain, blood in sputum",cover mouth | consult doctor | medication | rest
Common Cold,"continuous sneezing, chills, fatigue, cough, high fever, headache, swelled lymph nodes, malaise, phlegm, throat irritation, redness of eyes, sinus pressure, runny nose, congestion, chest pain, loss of smell, muscle pain",drink vitamin c rich drinks | take vapour | avoid cold food | keep fever in check
Pneumonia,"chills, fatigue, cough, high fever, breathlessness, sweating, malaise, phlegm, chest pain, fast heart rate, rusty sputum",consult doctor | medication | rest | follow up
Dimorphic hemmorhoids(piles),"constipation, pain during bowel movements, pain in anal region, bloody stool, irritation in anus",avoid fatty spicy food | consume witch hazel | warm bath with epsom salt | consume alovera juice
Heart attack,"vomiting, breathlessness, sweating, chest pain",Consult a doctor | Get adequate rest | Stay hydrated | Follow prescribed treatment
Varicose veins,"fatigue, cramps, bruising, obesity, swollen legs, swollen blood vessels, prominent veins on calf",lie down flat and raise the leg high | use oinments | use vein compression | dont stand still for long
Hypothyroidism,"fatigue, weight gain, cold hands and feets, mood swings, lethargy, dizziness, puffy face and eyes, enlarged thyroid, brittle nails, swollen extremeties, depression, irritability, abnormal menstruation",reduce stress | exercise | eat healthy | get proper sleep
Hyperthyroidism,"fatigue, mood swings, weight loss, restlessness, sweating, diarrhoea, fast heart rate, excessive hunger, muscle weakness, irritability, abnormal menstruation",eat healthy | massage | use lemon balm | take radioactive iodine treatment
Hypoglycemia,"vomiting, fatigue, anxiety, sweating, headache, nausea, blurred and distorted vision, excessive hunger, drying and tingling lips, slurred speech, irritability, palpitations",lie down on side | check in pulse | drink sugary drinks | consult doctor
Osteoarthristis,"joint pain, neck pain, knee pain, hip joint pain, swelling joints, painful walking",acetaminophen | consult nearest hospital | follow up | salt baths
Arthritis,"muscle weakness, stiff neck, swelling joints, movement stiffness, painful walking",exercise | use hot and cold therapy | try acupuncture | massage
(vertigo) Paroymsal  Positional Vertigo,"vomiting, headache, nausea, spinning movements, loss of balance, unsteadiness",lie down | avoid sudden change in body | avoid abrupt head movment | relax
Acne,"skin rash, pus filled pimples, blackheads, scurring",bath twice | avoid fatty spicy food | drink plenty of water | avoid too many products
Urinary tract infection,"burning micturition, bladder discomfort, foul smell of urine, continuous feel of urine",drink plenty of water | increase vitamin c intake | drink cranberry juice | take probiotics
Psoriasis,"skin rash, joint pain, skin peeling, silver like dusting, small dents in nails, inflammatory nails",wash hands with warm soapy water | stop bleeding using pressure | consult doctor | salt baths
Impetigo,"skin rash, high fever, blister, red sore around nose, yellow crust ooze",soak affected area in warm water | use antibiotics | remove scabs with wet compressed cloth | consult doctor
Fungal infection,"itching, skin rash, nodal skin eruptions, dischromic  patches",bath twice | use detol or neem in bathing water | keep infected area dry | use clean cloths
Allergy,"continuous sneezing, shivering, chills, watering from eyes",Consult a doctor | Get adequate rest | Stay hydrated | Follow prescribed treatment
GERD,"stomach pain, acidity, ulcers on tongue, vomiting, cough, chest pain",avoid fatty spicy food | avoid lying down after eating | maintain healthy weight | exercise
Chronic cholestasis,"itching, vomiting, yellowish skin, nausea, loss of appetite, abdominal pain, yellowing of eyes",cold baths | anti itch medicine | consult doctor | eat healthy
Drug Reaction,"itching, skin rash, stomach pain, burning micturition, spotting  urination",Consult a doctor | Get adequate rest | Stay hydrated | Follow prescribed treatment
Peptic ulcer diseae,"vomiting, indigestion, loss of appetite, abdominal pain, passage of gases, internal itching",avoid fatty spicy food | consume probiotic food | eliminate milk | limit alcohol
AIDS,"muscle wasting, patches in throat, high fever, extra marital contacts",avoid open cuts | wear ppe if possible | consult doctor | follow up
Diabetes ,"fatigue, weight loss, restlessness, lethargy, irregular sugar level, blurred and distorted vision, obesity, excessive hunger, increased appetite, polyuria",have balanced diet | exercise | consult doctor | follow up
Gastroenteritis,"vomiting, sunken eyes, dehydration, diarrhoea",stop eating solid food for while | try taking small sips of water | rest | ease back into eating
Bronchial Asthma,"fatigue, cough, high fever, breathlessness, family history, mucoid sputum",switch to loose cloothing | take deep breaths | get away from trigger | seek help
Hypertension ,"headache, chest pain, dizziness, loss of balance, lack of concentration",meditation | salt baths | reduce stress | get proper sleep
Migraine,"acidity, indigestion, headache, blurred and distorted vision, excessive hunger, stiff neck, depression, irritability, visual disturbances",meditation | reduce stress | use poloroid glasses in sun | consult doctor
Cervical spondylosis,"back pain, weakness in limbs, neck pain, dizziness, loss of balance",use heating pad or cold pack | exercise | take otc pain reliver | consult doctor
Paralysis (brain hemorrhage),"vomiting, headache, weakness of one body side, altered sensorium",massage | eat healthy | exercise | consult doctor
Jaundice,"itching, vomiting, fatigue, weight loss, high fever, yellowish skin, dark urine, abdominal pain",drink plenty of water | consume milk thistle | eat fruits and high fiberous food | medication
Malaria,"chills, vomiting, high fever, sweating, headache, nausea, diarrhoea, muscle pain",Consult nearest hospital | avoid oily food | avoid non veg food | keep mosquitos out
Chicken pox,"itching, skin rash, fatigue, lethargy, high fever, headache, loss of appetite, mild fever, swelled lymph nodes, malaise, red spots over body",use neem in bathing | consume neem leaves | take vaccine | avoid public places
Dengue,"skin rash, chills, joint pain, vomiting, fatigue, high fever, headache, nausea, loss of appetite, pain behind the eyes, back pain, malaise, muscle pain, red spots over body",drink papaya leaf juice | avoid fatty spicy food | keep mosquitos away | keep hydrated
Typhoid,"chills, vomiting, fatigue, high fever, headache, nausea, constipation, abdominal pain, diarrhoea, toxic look (typhos), belly pain",eat high calorie vegitables | antiboitic therapy | consult doctor | medication
hepatitis A,"joint pain, vomiting, yellowish skin, dark urine, nausea, loss of appetite, abdominal pain, diarrhoea, mild fever, yellowing of eyes, muscle pain",Consult nearest hospital | wash hands through | avoid fatty spicy food | medication
Hepatitis B,"itching, fatigue, lethargy, yellowish skin, dark urine, loss of appetite, abdominal pain, yellow urine, yellowing of eyes, malaise, receiving blood transfusion, receiving unsterile injections",consult nearest hospital | vaccination | eat healthy | medication
Hepatitis C,"fatigue, yellowish skin, nausea, loss of appetite, yellowing of eyes, family history",Consult nearest hospital | vaccination | eat healthy | medication
Hepatitis D,"joint pain, vomiting, fatigue, yellowish skin, dark urine, nausea, loss of appetite, abdominal pain, yellowing of eyes",consult doctor | medication | eat healthy | follow up
Hepatitis E,"joint pain, vomiting, fatigue, high fever, yellowish skin, dark urine, nausea, loss of appetite, abdominal pain, yellowing of eyes, acute liver failure, coma, stomach bleeding",stop alcohol consumption | rest | consult doctor | medication
Alcoholic hepatitis,"vomiting, yellowish skin, abdominal pain, swelling of stomach, distention of abdomen, history of alcohol consumption, fluid overload",stop alcohol consumption | consult doctor | medication | follow up
Tuberculosis,"chills, vomiting, fatigue, weight loss, cough, high fever, breathlessness, sweating, loss of appetite, mild fever, yellowing of eyes, swelled lymph nodes, malaise, phlegm, chest pain, blood in sputum",cover mouth | consult doctor | medication | rest
Common Cold,"continuous sneezing, chills, fatigue, cough, high fever, headache, swelled lymph nodes, malaise, phlegm, throat irritation, redness of eyes, sinus pressure, runny nose, congestion, chest pain, loss of smell, muscle pain",drink vitamin c rich drinks | take vapour | avoid cold food | keep fever in check
Pneumonia,"chills, fatigue, cough, high fever, breathlessness, sweating, malaise, phlegm, chest pain, fast heart rate, rusty sputum",consult doctor | medication | rest | follow up
Dimorphic hemmorhoids(piles),"constipation, pain during bowel movements, pain in anal region, bloody stool, irritation in anus",avoid fatty spicy food | consume witch hazel | warm bath with epsom salt | consume alovera juice
Heart attack,"vomiting, breathlessness, sweating, chest pain",Consult a doctor | Get adequate rest | Stay hydrated | Follow prescribed treatment
Varicose veins,"fatigue, cramps, bruising, obesity, swollen legs, swollen blood vessels, prominent veins on calf",lie down flat and raise the leg high | use oinments | use vein compression | dont stand still for long
Hypothyroidism,"fatigue, weight gain, cold hands and feets, mood swings, lethargy, dizziness, puffy face and eyes, enlarged thyroid, brittle nails, swollen extremeties, depression, irritability, abnormal menstruation",reduce stress | exercise | eat healthy | get proper sleep
Hyperthyroidism,"fatigue, mood swings, weight loss, restlessness, sweating, diarrhoea, fast heart rate, excessive hunger, muscle weakness, irritability, abnormal menstruation",eat healthy | massage | use lemon balm | take radioactive iodine treatment
Hypoglycemia,"vomiting, fatigue, anxiety, sweating, headache, nausea, blurred and distorted vision, excessive hunger, drying and tingling lips, slurred speech, irritability, palpitations",lie down on side | check in pulse | drink sugary drinks | consult doctor
Osteoarthristis,"joint pain, neck pain, knee pain, hip joint pain, swelling joints, painful walking",acetaminophen | consult nearest hospital | follow up | salt baths
Arthritis,"muscle weakness, stiff neck, swelling joints, movement stiffness, painful walking",exercise | use hot and cold therapy | try acupuncture | massage
(vertigo) Paroymsal  Positional Vertigo,"vomiting, headache, nausea, spinning movements, loss of balance, unsteadiness",lie down | avoid sudden change in body | avoid abrupt head movment | relax
Acne,"skin rash, pus filled pimples, blackheads, scurring",bath twice | avoid fatty spicy food | drink plenty of water | avoid too many products
Urinary tract infection,"burning micturition, bladder discomfort, foul smell of urine, continuous feel of urine",drink plenty of water | increase vitamin c intake | drink cranberry juice | take probiotics
Psoriasis,"skin rash, joint pain, skin peeling, silver like dusting, small dents in nails, inflammatory nails",wash hands with warm soapy water | stop bleeding using pressure | consult doctor | salt baths
Impetigo,"skin rash, high fever, blister, red sore around nose, yellow crust ooze",soak affected area in warm water | use antibiotics | remove scabs with wet compressed cloth | consult doctor
Fungal infection,"itching, skin rash, nodal skin eruptions, dischromic  patches",bath twice | use detol or neem in bathing water | keep infected area dry | use clean cloths
Allergy,"continuous sneezing, shivering, chills, watering from eyes",Consult a doctor | Get adequate rest | Stay hydrated | Follow prescribed treatment
GERD,"stomach pain, acidity, ulcers on tongue, vomiting, cough, chest pain",avoid fatty spicy food | avoid lying down after eating | maintain healthy weight | exercise
Chronic cholestasis,"itching, vomiting, yellowish skin, nausea, loss of appetite, abdominal pain, yellowing of eyes",cold baths | anti itch medicine | consult doctor | eat healthy
Drug Reaction,"itching, skin rash, stomach pain, burning micturition, spotting  urination",Consult a doctor | Get adequate rest | Stay hydrated | Follow prescribed treatment
Peptic ulcer diseae,"vomiting, indigestion, loss of appetite, abdominal pain, passage of gases, internal itching",avoid fatty spicy food | consume probiotic food | eliminate milk | limit alcohol
AIDS,"muscle wasting, patches in throat, high fever, extra marital contacts",avoid open cuts | wear ppe if possible | consult doctor | follow up
Diabetes ,"fatigue, weight loss, restlessness, lethargy, irregular sugar level, blurred and distorted vision, obesity, excessive hunger, increased appetite, polyuria",have balanced diet | exercise | consult doctor | follow up
Gastroenteritis,"vomiting, sunken eyes, dehydration, diarrhoea",stop eating solid food for while | try taking small sips of water | rest | ease back into eating
Bronchial Asthma,"fatigue, cough, high fever, breathlessness, family history, mucoid sputum",switch to loose cloothing | take deep breaths | get away from trigger | seek help
Hypertension ,"headache, chest pain, dizziness, loss of balance, lack of concentration",meditation | salt baths | reduce stress | get proper sleep
Migraine,"acidity, indigestion, headache, blurred and distorted vision, excessive hunger, stiff neck, depression, irritability, visual disturbances",meditation | reduce stress | use poloroid glasses in sun | consult doctor
Cervical spondylosis,"back pain, weakness in limbs, neck pain, dizziness, loss of balance",use heating pad or cold pack | exercise | take otc pain reliver | consult doctor
Paralysis (brain hemorrhage),"vomiting, headache, weakness of one body side, altered sensorium",massage | eat healthy | exercise | consult doctor
Jaundice,"itching, vomiting, fatigue, weight loss, high fever, yellowish skin, dark urine, abdominal pain",drink plenty of water | consume milk thistle | eat fruits and high fiberous food | medication
Malaria,"chills, vomiting, high fever, sweating, headache, nausea, diarrhoea, muscle pain",Consult nearest hospital | avoid oily food | avoid non veg food | keep mosquitos out
Chicken pox,"itching, skin rash, fatigue, lethargy, high fever, headache, loss of appetite, mild fever, swelled lymph nodes, malaise, red spots over body",use neem in bathing | consume neem leaves | take vaccine | avoid public places
Dengue,"skin rash, chills, joint pain, vomiting, fatigue, high fever, headache, nausea, loss of appetite, pain behind the eyes, back pain, malaise, muscle pain, red spots over body",drink papaya leaf juice | avoid fatty spicy food | keep mosquitos away | keep hydrated
Typhoid,"chills, vomiting, fatigue, high fever, headache, nausea, constipation, abdominal pain, diarrhoea, toxic look (typhos), belly pain",eat high calorie vegitables | antiboitic therapy | consult doctor | medication
hepatitis A,"joint pain, vomiting, yellowish skin, dark urine, nausea, loss of appetite, abdominal pain, diarrhoea, mild fever, yellowing of eyes, muscle pain",Consult nearest hospital | wash hands through | avoid fatty spicy food | medication
Hepatitis B,"itching, fatigue, lethargy, yellowish skin, dark urine, loss of appetite, abdominal pain, yellow urine, yellowing of eyes, malaise, receiving blood transfusion, receiving unsterile injections",consult nearest hospital | vaccination | eat healthy | medication
Hepatitis C,"fatigue, yellowish skin, nausea, loss of appetite, yellowing of eyes, family history",Consult nearest hospital | vaccination | eat healthy | medication
Hepatitis D,"joint pain, vomiting, fatigue, yellowish skin, dark urine, nausea, loss of appetite, abdominal pain, yellowing of eyes",consult doctor | medication | eat healthy | follow up
Hepatitis E,"joint pain, vomiting, fatigue, high fever, yellowish skin, dark urine, nausea, loss of appetite, abdominal pain, yellowing of eyes, acute liver failure, coma, stomach bleeding",stop alcohol consumption | rest | consult doctor | medication
Alcoholic hepatitis,"vomiting, yellowish skin, abdominal pain, swelling of stomach, distention of abdomen, history of alcohol consumption, fluid overload",stop alcohol consumption | consult doctor | medication | follow up
Tuberculosis,"chills, vomiting, fatigue, weight loss, cough, high fever, breathlessness, sweating, loss of appetite, mild fever, yellowing of eyes, swelled lymph nodes, malaise, phlegm, chest pain, blood in sputum",cover mouth | consult doctor | medication | rest
Common Cold,"continuous sneezing, chills, fatigue, cough, high fever, headache, swelled lymph nodes, malaise, phlegm, throat irritation, redness of eyes, sinus pressure, runny nose, congestion, chest pain, loss of smell, muscle pain",drink vitamin c rich drinks | take vapour | avoid cold food | keep fever in check
Pneumonia,"chills, fatigue, cough, high fever, breathlessness, sweating, malaise, phlegm, chest pain, fast heart rate, rusty sputum",consult doctor | medication | rest | follow up
Dimorphic hemmorhoids(piles),"constipation, pain during bowel movements, pain in anal region, bloody stool, irritation in anus",avoid fatty spicy food | consume witch hazel | warm bath with epsom salt | consume alovera juice
Heart attack,"vomiting, breathlessness, sweating, chest pain",Consult a doctor | Get adequate rest | Stay hydrated | Follow prescribed treatment
Varicose veins,"fatigue, cramps, bruising, obesity, swollen legs, swollen blood vessels, prominent veins on calf",lie down flat and raise the leg high | use oinments | use vein compression | dont stand still for long
Hypothyroidism,"fatigue, weight gain, cold hands and feets, mood swings, lethargy, dizziness, puffy face and eyes, enlarged thyroid, brittle nails, swollen extremeties, depression, irritability, abnormal menstruation",reduce stress | exercise | eat healthy | get proper sleep
Hyperthyroidism,"fatigue, mood swings, weight loss, restlessness, sweating, diarrhoea, fast heart rate, excessive hunger, muscle weakness, irritability, abnormal menstruation",eat healthy | massage | use lemon balm | take radioactive iodine treatment
Hypoglycemia,"vomiting, fatigue, anxiety, sweating, headache, nausea, blurred and distorted vision, excessive hunger, drying and tingling lips, slurred speech, irritability, palpitations",lie down on side | check in pulse | drink sugary drinks | consult doctor
Osteoarthristis,"joint pain, neck pain, knee pain, hip joint pain, swelling joints, painful walking",acetaminophen | consult nearest hospital | follow up | salt baths
Arthritis,"muscle weakness, stiff neck, swelling joints, movement stiffness, painful walking",exercise | use hot and cold therapy | try acupuncture | massage
(vertigo) Paroymsal  Positional Vertigo,"vomiting, headache, nausea, spinning movements, loss of balance, unsteadiness",lie down | avoid sudden change in body | avoid abrupt head movment | relax
Acne,"skin rash, pus filled pimples, blackheads, scurring",bath twice | avoid fatty spicy food | drink plenty of water | avoid too many products
Urinary tract infection,"burning micturition, bladder discomfort, foul smell of urine, continuous feel of urine",drink plenty of water | increase vitamin c intake | drink cranberry juice | take probiotics
Psoriasis,"skin rash, joint pain, skin peeling, silver like dusting, small dents in nails, inflammatory nails",wash hands with warm soapy water | stop bleeding using pressure | consult doctor | salt baths
Impetigo,"skin rash, high fever, blister, red sore around nose, yellow crust ooze",soak affected area in warm water | use antibiotics | remove scabs with wet compressed cloth | consult doctor
Fungal infection,"itching, skin rash, nodal skin eruptions, dischromic  patches",bath twice | use detol or neem in bathing water | keep infected area dry | use clean cloths
Allergy,"continuous sneezing, shivering, chills, watering from eyes",Consult a doctor | Get adequate rest | Stay hydrated | Follow prescribed treatment
GERD,"stomach pain, acidity, ulcers on tongue, vomiting, cough, chest pain",avoid fatty spicy food | avoid lying down after eating | maintain healthy weight | exercise
Chronic cholestasis,"itching, vomiting, yellowish skin, nausea, loss of appetite, abdominal pain, yellowing of eyes",cold baths | anti itch medicine | consult doctor | eat healthy
Drug Reaction,"itching, skin rash, stomach pain, burning micturition, spotting  urination",Consult a doctor | Get adequate rest | Stay hydrated | Follow prescribed treatment
Peptic ulcer diseae,"vomiting, indigestion, loss of appetite, abdominal pain, passage of gases, internal itching",avoid fatty spicy food | consume probiotic food | eliminate milk | limit alcohol
AIDS,"muscle wasting, patches in throat, high fever, extra marital contacts",avoid open cuts | wear ppe if possible | consult doctor | follow up
Diabetes ,"fatigue, weight loss, restlessness, lethargy, irregular sugar level, blurred and distorted vision, obesity, excessive hunger, increased appetite, polyuria",have balanced diet | exercise | consult doctor | follow up
Gastroenteritis,"vomiting, sunken eyes, dehydration, diarrhoea",stop eating solid food for while | try taking small sips of water | rest | ease back into eating
Bronchial Asthma,"fatigue, cough, high fever, breathlessness, family history, mucoid sputum",switch to loose cloothing | take deep breaths | get away from trigger | seek help
Hypertension ,"headache, chest pain, dizziness, loss of balance, lack of concentration",meditation | salt baths | reduce stress | get proper sleep
Migraine,"acidity, indigestion, headache, blurred and distorted vision, excessive hunger, stiff neck, depression, irritability, visual disturbances",meditation | reduce stress | use poloroid glasses in sun | consult doctor
Cervical spondylosis,"back pain, weakness in limbs, neck pain, dizziness, loss of balance",use heating pad or cold pack | exercise | take otc pain reliver | consult doctor
Paralysis (brain hemorrhage),"vomiting, headache, weakness of one body side, altered sensorium",massage | eat healthy | exercise | consult doctor
Jaundice,"itching, vomiting, fatigue, weight loss, high fever, yellowish skin, dark urine, abdominal pain",drink plenty of water | consume milk thistle | eat fruits and high fiberous food | medication
Malaria,"chills, vomiting, high fever, sweating, headache, nausea, diarrhoea, muscle pain",Consult nearest hospital | avoid oily food | avoid non veg food | keep mosquitos out
Chicken pox,"itching, skin rash, fatigue, lethargy, high fever, headache, loss of appetite, mild fever, swelled lymph nodes, malaise, red spots over body",use neem in bathing | consume neem leaves | take vaccine | avoid public places
Dengue,"skin rash, chills, joint pain, vomiting, fatigue, high fever, headache, nausea, loss of appetite, pain behind the eyes, back pain, malaise, muscle pain, red spots over body",drink papaya leaf juice | avoid fatty spicy food | keep mosquitos away | keep hydrated
Typhoid,"chills, vomiting, fatigue, high fever, headache, nausea, constipation, abdominal pain, diarrhoea, toxic look (typhos), belly pain",eat high calorie vegitables | antiboitic therapy | consult doctor | medication
hepatitis A,"joint pain, vomiting, yellowish skin, dark urine, nausea, loss of appetite, abdominal pain, diarrhoea, mild fever, yellowing of eyes, muscle pain",Consult nearest hospital | wash hands through | avoid fatty spicy food | medication
Hepatitis B,"itching, fatigue, lethargy, yellowish skin, dark urine, loss of appetite, abdominal pain, yellow urine, yellowing of eyes, malaise, receiving blood transfusion, receiving unsterile injections",consult nearest hospital | vaccination | eat healthy | medication
Hepatitis C,"fatigue, yellowish skin, nausea, loss of appetite, yellowing of eyes, family history",Consult nearest hospital | vaccination | eat healthy | medication
Hepatitis D,"joint pain, vomiting, fatigue, yellowish skin, dark urine, nausea, loss of appetite, abdominal pain, yellowing of eyes",consult doctor | medication | eat healthy | follow up
Hepatitis E,"joint pain, vomiting, fatigue, high fever, yellowish skin, dark urine, nausea, loss of appetite, abdominal pain, yellowing of eyes, acute liver failure, coma, stomach bleeding",stop alcohol consumption | rest | consult doctor | medication
Alcoholic hepatitis,"vomiting, yellowish skin, abdominal pain, swelling of stomach, distention of abdomen, history of alcohol consumption, fluid overload",stop alcohol consumption | consult doctor | medication | follow up
Tuberculosis,"chills, vomiting, fatigue, weight loss, cough, high fever, breathlessness, sweating, loss of appetite, mild fever, yellowing of eyes, swelled lymph nodes, malaise, phlegm, chest pain, blood in sputum",cover mouth | consult doctor | medication | rest
Common Cold,"continuous sneezing, chills, fatigue, cough, high fever, headache, swelled lymph nodes, malaise, phlegm, throat irritation, redness of eyes, sinus pressure, runny nose, congestion, chest pain, loss of smell, muscle pain",drink vitamin c rich drinks | take vapour | avoid cold food | keep fever in check
Pneumonia,"chills, fatigue, cough, high fever, breathlessness, sweating, malaise, phlegm, chest pain, fast heart rate, rusty sputum",consult doctor | medication | rest | follow up
Dimorphic hemmorhoids(piles),"constipation, pain during bowel movements, pain in anal region, bloody stool, irritation in anus",avoid fatty spicy food | consume witch hazel | warm bath with epsom salt | consume alovera juice
Heart attack,"vomiting, breathlessness, sweating, chest pain",Consult a doctor | Get adequate rest | Stay hydrated | Follow prescribed treatment
Varicose veins,"fatigue, cramps, bruising, obesity, swollen legs, swollen blood vessels, prominent veins on calf",lie down flat and raise the leg high | use oinments | use vein compression | dont stand still for long
Hypothyroidism,"fatigue, weight gain, cold hands and feets, mood swings, lethargy, dizziness, puffy face and eyes, enlarged thyroid, brittle nails, swollen extremeties, depression, irritability, abnormal menstruation",reduce stress | exercise | eat healthy | get proper sleep
Hyperthyroidism,"fatigue, mood swings, weight loss, restlessness, sweating, diarrhoea, fast heart rate, excessive hunger, muscle weakness, irritability, abnormal menstruation",eat healthy | massage | use lemon balm | take radioactive iodine treatment
Hypoglycemia,"vomiting, fatigue, anxiety, sweating, headache, nausea, blurred and distorted vision, excessive hunger, drying and tingling lips, slurred speech, irritability, palpitations",lie down on side | check in pulse | drink sugary drinks | consult doctor
Osteoarthristis,"joint pain, neck pain, knee pain, hip joint pain, swelling joints, painful walking",acetaminophen | consult nearest hospital | follow up | salt baths
Arthritis,"muscle weakness, stiff neck, swelling joints, movement stiffness, painful walking",exercise | use hot and cold therapy | try acupuncture | massage
(vertigo) Paroymsal  Positional Vertigo,"vomiting, headache, nausea, spinning movements, loss of balance, unsteadiness",lie down | avoid sudden change in body | avoid abrupt head movment | relax
Acne,"skin rash, pus filled pimples, blackheads, scurring",bath twice | avoid fatty spicy food | drink plenty of water | avoid too many products
Urinary tract infection,"burning micturition, bladder discomfort, foul smell of urine, continuous feel of urine",drink plenty of water | increase vitamin c intake | drink cranberry juice | take probiotics
Psoriasis,"skin rash, joint pain, skin peeling, silver like dusting, small dents in nails, inflammatory nails",wash hands with warm soapy water | stop bleeding using pressure | consult doctor | salt baths
Impetigo,"skin rash, high fever, blister, red sore around nose, yellow crust ooze",soak affected area in warm water | use antibiotics | remove scabs with wet compressed cloth | consult doctor
Fungal infection,"itching, skin rash, nodal skin eruptions, dischromic  patches",bath twice | use detol or neem in bathing water | keep infected area dry | use clean cloths
Allergy,"continuous sneezing, shivering, chills, watering from eyes",Consult a doctor | Get adequate rest | Stay hydrated | Follow prescribed treatment
GERD,"stomach pain, acidity, ulcers on tongue, vomiting, cough, chest pain",avoid fatty spicy food | avoid lying down after eating | maintain healthy weight | exercise
Chronic cholestasis,"itching, vomiting, yellowish skin, nausea, loss of appetite, abdominal pain, yellowing of eyes",cold baths | anti itch medicine | consult doctor | eat healthy
Drug Reaction,"itching, skin rash, stomach pain, burning micturition, spotting  urination",Consult a doctor | Get adequate rest | Stay hydrated | Follow prescribed treatment
Peptic ulcer diseae,"vomiting, indigestion, loss of appetite, abdominal pain, passage of gases, internal itching",avoid fatty spicy food | consume probiotic food | eliminate milk | limit alcohol
AIDS,"muscle wasting, patches in throat, high fever, extra marital contacts",avoid open cuts | wear ppe if possible | consult doctor | follow up
Diabetes ,"fatigue, weight loss, restlessness, lethargy, irregular sugar level, blurred and distorted vision, obesity, excessive hunger, increased appetite, polyuria",have balanced diet | exercise | consult doctor | follow up
Gastroenteritis,"vomiting, sunken eyes, dehydration, diarrhoea",stop eating solid food for while | try taking small sips of water | rest | ease back into eating
Bronchial Asthma,"fatigue, cough, high fever, breathlessness, family history, mucoid sputum",switch to loose cloothing | take deep breaths | get away from trigger | seek help
Hypertension ,"headache, chest pain, dizziness, loss of balance, lack of concentration",meditation | salt baths | reduce stress | get proper sleep
Migraine,"acidity, indigestion, headache, blurred and distorted vision, excessive hunger, stiff neck, depression, irritability, visual disturbances",meditation | reduce stress | use poloroid glasses in sun | consult doctor
Cervical spondylosis,"back pain, weakness in limbs, neck pain, dizziness, loss of balance",use heating pad or cold pack | exercise | take otc pain reliver | consult doctor
Paralysis (brain hemorrhage),"vomiting, headache, weakness of one body side, altered sensorium",massage | eat healthy | exercise | consult doctor
Jaundice,"itching, vomiting, fatigue, weight loss, high fever, yellowish skin, dark urine, abdominal pain",drink plenty of water | consume milk thistle | eat fruits and high fiberous food | medication
Malaria,"chills, vomiting, high fever, sweating, headache, nausea, diarrhoea, muscle pain",Consult nearest hospital | avoid oily food | avoid non veg food | keep mosquitos out
Chicken pox,"itching, skin rash, fatigue, lethargy, high fever, headache, loss of appetite, mild fever, swelled lymph nodes, malaise, red spots over body",use neem in bathing | consume neem leaves | take vaccine | avoid public places
Dengue,"skin rash, chills, joint pain, vomiting, fatigue, high fever, headache, nausea, loss of appetite, pain behind the eyes, back pain, malaise, muscle pain, red spots over body",drink papaya leaf juice | avoid fatty spicy food | keep mosquitos away | keep hydrated
Typhoid,"chills, vomiting, fatigue, high fever, headache, nausea, constipation, abdominal pain, diarrhoea, toxic look (typhos), belly pain",eat high calorie vegitables | antiboitic therapy | consult doctor | medication
hepatitis A,"joint pain, vomiting, yellowish skin, dark urine, nausea, loss of appetite, abdominal pain, diarrhoea, mild fever, yellowing of eyes, muscle pain",Consult nearest hospital | wash hands through | avoid fatty spicy food | medication
Hepatitis B,"itching, fatigue, lethargy, yellowish skin, dark urine, loss of appetite, abdominal pain, yellow urine, yellowing of eyes, malaise, receiving blood transfusion, receiving unsterile injections",consult nearest hospital | vaccination | eat healthy | medication
Hepatitis C,"fatigue, yellowish skin, nausea, loss of appetite, yellowing of eyes, family history",Consult nearest hospital | vaccination | eat healthy | medication
Hepatitis D,"joint pain, vomiting, fatigue, yellowish skin, dark urine, nausea, loss of appetite, abdominal pain, yellowing of eyes",consult doctor | medication | eat healthy | follow up
Hepatitis E,"joint pain, vomiting, fatigue, high fever, yellowish skin, dark urine, nausea, loss of appetite, abdominal pain, yellowing of eyes, acute liver failure, coma, stomach bleeding",stop alcohol consumption | rest | consult doctor | medication
Alcoholic hepatitis,"vomiting, yellowish skin, abdominal pain, swelling of stomach, distention of abdomen, history of alcohol consumption, fluid overload",stop alcohol consumption | consult doctor | medication | follow up
Tuberculosis,"chills, vomiting, fatigue, weight loss, cough, high fever, breathlessness, sweating, loss of appetite, mild fever, yellowing of eyes, swelled lymph nodes, malaise, phlegm, chest pain, blood in sputum",cover mouth | consult doctor | medication | rest
Common Cold,"continuous sneezing, chills, fatigue, cough, high fever, headache, swelled lymph nodes, malaise, phlegm, throat irritation, redness of eyes, sinus pressure, runny nose, congestion, chest pain, loss of smell, muscle pain",drink vitamin c rich drinks | take vapour | avoid cold food | keep fever in check
Pneumonia,"chills, fatigue, cough, high fever, breathlessness, sweating, malaise, phlegm, chest pain, fast heart rate, rusty sputum",consult doctor | medication | rest | follow up
Dimorphic hemmorhoids(piles),"constipation, pain during bowel movements, pain in anal region, bloody stool, irritation in anus",avoid fatty spicy food | consume witch hazel | warm bath with epsom salt | consume alovera juice
Heart attack,"vomiting, breathlessness, sweating, chest pain",Consult a doctor | Get adequate rest | Stay hydrated | Follow prescribed treatment
Varicose veins,"fatigue, cramps, bruising, obesity, swollen legs, swollen blood vessels, prominent veins on calf",lie down flat and raise the leg high | use oinments | use vein compression | dont stand still for long
Hypothyroidism,"fatigue, weight gain, cold hands and feets, mood swings, lethargy, dizziness, puffy face and eyes, enlarged thyroid, brittle nails, swollen extremeties, depression, irritability, abnormal menstruation",reduce stress | exercise | eat healthy | get proper sleep
Hyperthyroidism,"fatigue, mood swings, weight loss, restlessness, sweating, diarrhoea, fast heart rate, excessive hunger, muscle weakness, irritability, abnormal menstruation",eat healthy | massage | use lemon balm | take radioactive iodine treatment
Hypoglycemia,"vomiting, fatigue, anxiety, sweating, headache, nausea, blurred and distorted vision, excessive hunger, drying and tingling lips, slurred speech, irritability, palpitations",lie down on side | check in pulse | drink sugary drinks | consult doctor
Osteoarthristis,"joint pain, neck pain, knee pain, hip joint pain, swelling joints, painful walking",acetaminophen | consult nearest hospital | follow up | salt baths
Arthritis,"muscle weakness, stiff neck, swelling joints, movement stiffness, painful walking",exercise | use hot and cold therapy | try acupuncture | massage
(vertigo) Paroymsal  Positional Vertigo,"vomiting, headache, nausea, spinning movements, loss of balance, unsteadiness",lie down | avoid sudden change in body | avoid abrupt head movment | relax
Acne,"skin rash, pus filled pimples, blackheads, scurring",bath twice | avoid fatty spicy food | drink plenty of water | avoid too many products
Urinary tract infection,"burning micturition, bladder discomfort, foul smell of urine, continuous feel of urine",drink plenty of water | increase vitamin c intake | drink cranberry juice | take probiotics
Psoriasis,"skin rash, joint pain, skin peeling, silver like dusting, small dents in nails, inflammatory nails",wash hands with warm soapy water | stop bleeding using pressure | consult doctor | salt baths
Impetigo,"skin rash, high fever, blister, red sore around nose, yellow crust ooze",soak affected area in warm water | use antibiotics | remove scabs with wet compressed cloth | consult doctor
Fungal infection,"itching, skin rash, nodal skin eruptions, dischromic  patches",bath twice | use detol or neem in bathing water | keep infected area dry | use clean cloths
Allergy,"continuous sneezing, shivering, chills, watering from eyes",Consult a doctor | Get adequate rest | Stay hydrated | Follow prescribed treatment
GERD,"stomach pain, acidity, ulcers on tongue, vomiting, cough, chest pain",avoid fatty spicy food | avoid lying down after eating | maintain healthy weight | exercise
Chronic cholestasis,"itching, vomiting, yellowish skin, nausea, loss of appetite, abdominal pain, yellowing of eyes",cold baths | anti itch medicine | consult doctor | eat healthy
Drug Reaction,"itching, skin rash, stomach pain, burning micturition, spotting  urination",Consult a doctor | Get adequate rest | Stay hydrated | Follow prescribed treatment
Peptic ulcer diseae,"vomiting, indigestion, loss of appetite, abdominal pain, passage of gases, internal itching",avoid fatty spicy food | consume probiotic food | eliminate milk | limit alcohol
AIDS,"muscle wasting, patches in throat, high fever, extra marital contacts",avoid open cuts | wear ppe if possible | consult doctor | follow up
Diabetes ,"fatigue, weight loss, restlessness, lethargy, irregular sugar level, blurred and distorted vision, obesity, excessive hunger, increased appetite, polyuria",have balanced diet | exercise | consult doctor | follow up
Gastroenteritis,"vomiting, sunken eyes, dehydration, diarrhoea",stop eating solid food for while | try taking small sips of water | rest | ease back into eating
Bronchial Asthma,"fatigue, cough, high fever, breathlessness, family history, mucoid sputum",switch to loose cloothing | take deep breaths | get away from trigger | seek help
Hypertension ,"headache, chest pain, dizziness, loss of balance, lack of concentration",meditation | salt baths | reduce stress | get proper sleep
Migraine,"acidity, indigestion, headache, blurred and distorted vision, excessive hunger, stiff neck, depression, irritability, visual disturbances",meditation | reduce stress | use poloroid glasses in sun | consult doctor
Cervical spondylosis,"back pain, weakness in limbs, neck pain, dizziness, loss of balance",use heating pad or cold pack | exercise | take otc pain reliver | consult doctor
Paralysis (brain hemorrhage),"vomiting, headache, weakness of one body side, altered sensorium",massage | eat healthy | exercise | consult doctor
Jaundice,"itching, vomiting, fatigue, weight loss, high fever, yellowish skin, dark urine, abdominal pain",drink plenty of water | consume milk thistle | eat fruits and high fiberous food | medication
Malaria,"chills, vomiting, high fever, sweating, headache, nausea, diarrhoea, muscle pain",Consult nearest hospital | avoid oily food | avoid non veg food | keep mosquitos out
Chicken pox,"itching, skin rash, fatigue, lethargy, high fever, headache, loss of appetite, mild fever, swelled lymph nodes, malaise, red spots over body",use neem in bathing | consume neem leaves | take vaccine | avoid public places
Dengue,"skin rash, chills, joint pain, vomiting, fatigue, high fever, headache, nausea, loss of appetite, pain behind the eyes, back pain, malaise, muscle pain, red spots over body",drink papaya leaf juice | avoid fatty spicy food | keep mosquitos away | keep hydrated
Typhoid,"chills, vomiting, fatigue, high fever, headache, nausea, constipation, abdominal pain, diarrhoea, toxic look (typhos), belly pain",eat high calorie vegitables | antiboitic therapy | consult doctor | medication
hepatitis A,"joint pain, vomiting, yellowish skin, dark urine, nausea, loss of appetite, abdominal pain, diarrhoea, mild fever, yellowing of eyes, muscle pain",Consult nearest hospital | wash hands through | avoid fatty spicy food | medication
Hepatitis B,"itching, fatigue, lethargy, yellowish skin, dark urine, loss of appetite, abdominal pain, yellow urine, yellowing of eyes, malaise, receiving blood transfusion, receiving unsterile injections",consult nearest hospital | vaccination | eat healthy | medication
Hepatitis C,"fatigue, yellowish skin, nausea, loss of appetite, yellowing of eyes, family history",Consult nearest hospital | vaccination | eat healthy | medication
Hepatitis D,"joint pain, vomiting, fatigue, yellowish skin, dark urine, nausea, loss of appetite, abdominal pain, yellowing of eyes",consult doctor | medication | eat healthy | follow up
Hepatitis E,"joint pain, vomiting, fatigue, high fever, yellowish skin, dark urine, nausea, loss of appetite, abdominal pain, yellowing of eyes, acute liver failure, coma, stomach bleeding",stop alcohol consumption | rest | consult doctor | medication
Alcoholic hepatitis,"vomiting, yellowish skin, abdominal pain, swelling of stomach, distention of abdomen, history of alcohol consumption, fluid overload",stop alcohol consumption | consult doctor | medication | follow up
Tuberculosis,"chills, vomiting, fatigue, weight loss, cough, high fever, breathlessness, sweating, loss of appetite, mild fever, yellowing of eyes, swelled lymph nodes, malaise, phlegm, chest pain, blood in sputum",cover mouth | consult doctor | medication | rest
Common Cold,"continuous sneezing, chills, fatigue, cough, high fever, headache, swelled lymph nodes, malaise, phlegm, throat irritation, redness of eyes, sinus pressure, runny nose, congestion, chest pain, loss of smell, muscle pain",drink vitamin c rich drinks | take vapour | avoid cold food | keep fever in check
Pneumonia,"chills, fatigue, cough, high fever, breathlessness, sweating, malaise, phlegm, chest pain, fast heart rate, rusty sputum",consult doctor | medication | rest | follow up
Dimorphic hemmorhoids(piles),"constipation, pain during bowel movements, pain in anal region, bloody stool, irritation in anus",avoid fatty spicy food | consume witch hazel | warm bath with epsom salt | consume alovera juice
Heart attack,"vomiting, breathlessness, sweating, chest pain",Consult a doctor | Get adequate rest | Stay hydrated | Follow prescribed treatment
Varicose veins,"fatigue, cramps, bruising, obesity, swollen legs, swollen blood vessels, prominent veins on calf",lie down flat and raise the leg high | use oinments | use vein compression | dont stand still for long
Hypothyroidism,"fatigue, weight gain, cold hands and feets, mood swings, lethargy, dizziness, puffy face and eyes, enlarged thyroid, brittle nails, swollen extremeties, depression, irritability, abnormal menstruation",reduce stress | exercise | eat healthy | get proper sleep
Hyperthyroidism,"fatigue, mood swings, weight loss, restlessness, sweating, diarrhoea, fast heart rate, excessive hunger, muscle weakness, irritability, abnormal menstruation",eat healthy | massage | use lemon balm | take radioactive iodine treatment
Hypoglycemia,"vomiting, fatigue, anxiety, sweating, headache, nausea, blurred and distorted vision, excessive hunger, drying and tingling lips, slurred speech, irritability, palpitations",lie down on side | check in pulse | drink sugary drinks | consult doctor
Osteoarthristis,"joint pain, neck pain, knee pain, hip joint pain, swelling joints, painful walking",acetaminophen | consult nearest hospital | follow up | salt baths
Arthritis,"muscle weakness, stiff neck, swelling joints, movement stiffness, painful walking",exercise | use hot and cold therapy | try acupuncture | massage
(vertigo) Paroymsal  Positional Vertigo,"vomiting, headache, nausea, spinning movements, loss of balance, unsteadiness",lie down | avoid sudden change in body | avoid abrupt head movment | relax
Acne,"skin rash, pus filled pimples, blackheads, scurring",bath twice | avoid fatty spicy food | drink plenty of water | avoid too many products
Urinary tract infection,"burning micturition, bladder discomfort, foul smell of urine, continuous feel of urine",drink plenty of water | increase vitamin c intake | drink cranberry juice | take probiotics
Psoriasis,"skin rash, joint pain, skin peeling, silver like dusting, small dents in nails, inflammatory nails",wash hands with warm soapy water | stop bleeding using pressure | consult doctor | salt baths
Impetigo,"skin rash, high fever, blister, red sore around nose, yellow crust ooze",soak affected area in warm water | use antibiotics | remove scabs with wet compressed cloth | consult doctor
Fungal infection,"itching, skin rash, nodal skin eruptions, dischromic  patches",bath twice | use detol or neem in bathing water | keep infected area dry | use clean cloths
Allergy,"continuous sneezing, shivering, chills, watering from eyes",Consult a doctor | Get adequate rest | Stay hydrated | Follow prescribed treatment
GERD,"stomach pain, acidity, ulcers on tongue, vomiting, cough, chest pain",avoid fatty spicy food | avoid lying down after eating | maintain healthy weight | exercise
Chronic cholestasis,"itching, vomiting, yellowish skin, nausea, loss of appetite, abdominal pain, yellowing of eyes",cold baths | anti itch medicine | consult doctor | eat healthy
Drug Reaction,"itching, skin rash, stomach pain, burning micturition, spotting  urination",Consult a doctor | Get adequate rest | Stay hydrated | Follow prescribed treatment
Peptic ulcer diseae,"vomiting, indigestion, loss of appetite, abdominal pain, passage of gases, internal itching",avoid fatty spicy food | consume probiotic food | eliminate milk | limit alcohol
AIDS,"muscle wasting, patches in throat, high fever, extra marital contacts",avoid open cuts | wear ppe if possible | consult doctor | follow up
Diabetes ,"fatigue, weight loss, restlessness, lethargy, irregular sugar level, blurred and distorted vision, obesity, excessive hunger, increased appetite, polyuria",have balanced diet | exercise | consult doctor | follow up
Gastroenteritis,"vomiting, sunken eyes, dehydration, diarrhoea",stop eating solid food for while | try taking small sips of water | rest | ease back into eating
Bronchial Asthma,"fatigue, cough, high fever, breathlessness, family history, mucoid sputum",switch to loose cloothing | take deep breaths | get away from trigger | seek help
Hypertension ,"headache, chest pain, dizziness, loss of balance, lack of concentration",meditation | salt baths | reduce stress | get proper sleep
Migraine,"acidity, indigestion, headache, blurred and distorted vision, excessive hunger, stiff neck, depression, irritability, visual disturbances",meditation | reduce stress | use poloroid glasses in sun | consult doctor
Cervical spondylosis,"back pain, weakness in limbs, neck pain, dizziness, loss of balance",use heating pad or cold pack | exercise | take otc pain reliver | consult doctor
Paralysis (brain hemorrhage),"vomiting, headache, weakness of one body side, altered sensorium",massage | eat healthy | exercise | consult doctor
Jaundice,"itching, vomiting, fatigue, weight loss, high fever, yellowish skin, dark urine, abdominal pain",drink plenty of water | consume milk thistle | eat fruits and high fiberous food | medication
Malaria,"chills, vomiting, high fever, sweating, headache, nausea, diarrhoea, muscle pain",Consult nearest hospital | avoid oily food | avoid non veg food | keep mosquitos out
Chicken pox,"itching, skin rash, fatigue, lethargy, high fever, headache, loss of appetite, mild fever, swelled lymph nodes, malaise, red spots over body",use neem in bathing | consume neem leaves | take vaccine | avoid public places
Dengue,"skin rash, chills, joint pain, vomiting, fatigue, high fever, headache, nausea, loss of appetite, pain behind the eyes, back pain, malaise, muscle pain, red spots over body",drink papaya leaf juice | avoid fatty spicy food | keep mosquitos away | keep hydrated
Typhoid,"chills, vomiting, fatigue, high fever, headache, nausea, constipation, abdominal pain, diarrhoea, toxic look (typhos), belly pain",eat high calorie vegitables | antiboitic therapy | consult doctor | medication
hepatitis A,"joint pain, vomiting, yellowish skin, dark urine, nausea, loss of appetite, abdominal pain, diarrhoea, mild fever, yellowing of eyes, muscle pain",Consult nearest hospital | wash hands through | avoid fatty spicy food | medication
Hepatitis B,"itching, fatigue, lethargy, yellowish skin, dark urine, loss of appetite, abdominal pain, yellow urine, yellowing of eyes, malaise, receiving blood transfusion, receiving unsterile injections",consult nearest hospital | vaccination | eat healthy | medication
Hepatitis C,"fatigue, yellowish skin, nausea, loss of appetite, yellowing of eyes, family history",Consult nearest hospital | vaccination | eat healthy | medication
Hepatitis D,"joint pain, vomiting, fatigue, yellowish skin, dark urine, nausea, loss of appetite, abdominal pain, yellowing of eyes",consult doctor | medication | eat healthy | follow up
Hepatitis E,"joint pain, vomiting, fatigue, high fever, yellowish skin, dark urine, nausea, loss of appetite, abdominal pain, yellowing of eyes, acute liver failure, coma, stomach bleeding",stop alcohol consumption | rest | consult doctor | medication
Alcoholic hepatitis,"vomiting, yellowish skin, abdominal pain, swelling of stomach, distention of abdomen, history of alcohol consumption, fluid overload",stop alcohol consumption | consult doctor | medication | follow up
Tuberculosis,"chills, vomiting, fatigue, weight loss, cough, high fever, breathlessness, sweating, loss of appetite, mild fever, yellowing of eyes, swelled lymph nodes, malaise, phlegm, chest pain, blood in sputum",cover mouth | consult doctor | medication | rest
Common Cold,"continuous sneezing, chills, fatigue, cough, high fever, headache, swelled lymph nodes, malaise, phlegm, throat irritation, redness of eyes, sinus pressure, runny nose, congestion, chest pain, loss of smell, muscle pain",drink vitamin c rich drinks | take vapour | avoid cold food | keep fever in check
Pneumonia,"chills, fatigue, cough, high fever, breathlessness, sweating, malaise, phlegm, chest pain, fast heart rate, rusty sputum",consult doctor | medication | rest | follow up
Dimorphic hemmorhoids(piles),"constipation, pain during bowel movements, pain in anal region, bloody stool, irritation in anus",avoid fatty spicy food | consume witch hazel | warm bath with epsom salt | consume alovera juice
Heart attack,"vomiting, breathlessness, sweating, chest pain",Consult a doctor | Get adequate rest | Stay hydrated | Follow prescribed treatment
Varicose veins,"fatigue, cramps, bruising, obesity, swollen legs, swollen blood vessels, prominent veins on calf",lie down flat and raise the leg high | use oinments | use vein compression | dont stand still for long
Hypothyroidism,"fatigue, weight gain, cold hands and feets, mood swings, lethargy, dizziness, puffy face and eyes, enlarged thyroid, brittle nails, swollen extremeties, depression, irritability, abnormal menstruation",reduce stress | exercise | eat healthy | get proper sleep
Hyperthyroidism,"fatigue, mood swings, weight loss, restlessness, sweating, diarrhoea, fast heart rate, excessive hunger, muscle weakness, irritability, abnormal menstruation",eat healthy | massage | use lemon balm | take radioactive iodine treatment
Hypoglycemia,"vomiting, fatigue, anxiety, sweating, headache, nausea, blurred and distorted vision, excessive hunger, drying and tingling lips, slurred speech, irritability, palpitations",lie down on side | check in pulse | drink sugary drinks | consult doctor
Osteoarthristis,"joint pain, neck pain, knee pain, hip joint pain, swelling joints, painful walking",acetaminophen | consult nearest hospital | follow up | salt baths
Arthritis,"muscle weakness, stiff neck, swelling joints, movement stiffness, painful walking",exercise | use hot and cold therapy | try acupuncture | massage
(vertigo) Paroymsal  Positional Vertigo,"vomiting, headache, nausea, spinning movements, loss of balance, unsteadiness",lie down | avoid sudden change in body | avoid abrupt head movment | relax
Acne,"skin rash, pus filled pimples, blackheads, scurring",bath twice | avoid fatty spicy food | drink plenty of water | avoid too many products
Urinary tract infection,"burning micturition, bladder discomfort, foul smell of urine, continuous feel of urine",drink plenty of water | increase vitamin c intake | drink cranberry juice | take probiotics
Psoriasis,"skin rash, joint pain, skin peeling, silver like dusting, small dents in nails, inflammatory nails",wash hands with warm soapy water | stop bleeding using pressure | consult doctor | salt baths
Impetigo,"skin rash, high fever, blister, red sore around nose, yellow crust ooze",soak affected area in warm water | use antibiotics | remove scabs with wet compressed cloth | consult doctor
Fungal infection,"itching, skin rash, nodal skin eruptions, dischromic  patches",bath twice | use detol or neem in bathing water | keep infected area dry | use clean cloths
Allergy,"continuous sneezing, shivering, chills, watering from eyes",Consult a doctor | Get adequate rest | Stay hydrated | Follow prescribed treatment
GERD,"stomach pain, acidity, ulcers on tongue, vomiting, cough, chest pain",avoid fatty spicy food | avoid lying down after eating | maintain healthy weight | exercise
Chronic cholestasis,"itching, vomiting, yellowish skin, nausea, loss of appetite, abdominal pain, yellowing of eyes",cold baths | anti itch medicine | consult doctor | eat healthy
Drug Reaction,"itching, skin rash, stomach pain, burning micturition, spotting  urination",Consult a doctor | Get adequate rest | Stay hydrated | Follow prescribed treatment
Peptic ulcer diseae,"vomiting, indigestion, loss of appetite, abdominal pain, passage of gases, internal itching",avoid fatty spicy food | consume probiotic food | eliminate milk | limit alcohol
AIDS,"muscle wasting, patches in throat, high fever, extra marital contacts",avoid open cuts | wear ppe if possible | consult doctor | follow up
Diabetes ,"fatigue, weight loss, restlessness, lethargy, irregular sugar level, blurred and distorted vision, obesity, excessive hunger, increased appetite, polyuria",have balanced diet | exercise | consult doctor | follow up
Gastroenteritis,"vomiting, sunken eyes, dehydration, diarrhoea",stop eating solid food for while | try taking small sips of water | rest | ease back into eating
Bronchial Asthma,"fatigue, cough, high fever, breathlessness, family history, mucoid sputum",switch to loose cloothing | take deep breaths | get away from trigger | seek help
Hypertension ,"headache, chest pain, dizziness, loss of balance, lack of concentration",meditation | salt baths | reduce stress | get proper sleep
Migraine,"acidity, indigestion, headache, blurred and distorted vision, excessive hunger, stiff neck, depression, irritability, visual disturbances",meditation | reduce stress | use poloroid glasses in sun | consult doctor
Cervical spondylosis,"back pain, weakness in limbs, neck pain, dizziness, loss of balance",use heating pad or cold pack | exercise | take otc pain reliver | consult doctor
Paralysis (brain hemorrhage),"vomiting, headache, weakness of one body side, altered sensorium",massage | eat healthy | exercise | consult doctor
Jaundice,"itching, vomiting, fatigue, weight loss, high fever, yellowish skin, dark urine, abdominal pain",drink plenty of water | consume milk thistle | eat fruits and high fiberous food | medication
Malaria,"chills, vomiting, high fever, sweating, headache, nausea, diarrhoea, muscle pain",Consult nearest hospital | avoid oily food | avoid non veg food | keep mosquitos out
Chicken pox,"itching, skin rash, fatigue, lethargy, high fever, headache, loss of appetite, mild fever, swelled lymph nodes, malaise, red spots over body",use neem in bathing | consume neem leaves | take vaccine | avoid public places
Dengue,"skin rash, chills, joint pain, vomiting, fatigue, high fever, headache, nausea, loss of appetite, pain behind the eyes, back pain, malaise, muscle pain, red spots over body",drink papaya leaf juice | avoid fatty spicy food | keep mosquitos away | keep hydrated
Typhoid,"chills, vomiting, fatigue, high fever, headache, nausea, constipation, abdominal pain, diarrhoea, toxic look (typhos), belly pain",eat high calorie vegitables | antiboitic therapy | consult doctor | medication
hepatitis A,"joint pain, vomiting, yellowish skin, dark urine, nausea, loss of appetite, abdominal pain, diarrhoea, mild fever, yellowing of eyes, muscle pain",Consult nearest hospital | wash hands through | avoid fatty spicy food | medication
Hepatitis B,"itching, fatigue, lethargy, yellowish skin, dark urine, loss of appetite, abdominal pain, yellow urine, yellowing of eyes, malaise, receiving blood transfusion, receiving unsterile injections",consult nearest hospital | vaccination | eat healthy | medication
Hepatitis C,"fatigue, yellowish skin, nausea, loss of appetite, yellowing of eyes, family history",Consult nearest hospital | vaccination | eat healthy | medication
Hepatitis D,"joint pain, vomiting, fatigue, yellowish skin, dark urine, nausea, loss of appetite, abdominal pain, yellowing of eyes",consult doctor | medication | eat healthy | follow up
Hepatitis E,"joint pain, vomiting, fatigue, high fever, yellowish skin, dark urine, nausea, loss of appetite, abdominal pain, yellowing of eyes, acute liver failure, coma, stomach bleeding",stop alcohol consumption | rest | consult doctor | medication
Alcoholic hepatitis,"vomiting, yellowish skin, abdominal pain, swelling of stomach, distention of abdomen, history of alcohol consumption, fluid overload",stop alcohol consumption | consult doctor | medication | follow up
Tuberculosis,"chills, vomiting, fatigue, weight loss, cough, high fever, breathlessness, sweating, loss of appetite, mild fever, yellowing of eyes, swelled lymph nodes, malaise, phlegm, chest pain, blood in sputum",cover mouth | consult doctor | medication | rest
Common Cold,"continuous sneezing, chills, fatigue, cough, high fever, headache, swelled lymph nodes, malaise, phlegm, throat irritation, redness of eyes, sinus pressure, runny nose, congestion, chest pain, loss of smell, muscle pain",drink vitamin c rich drinks | take vapour | avoid cold food | keep fever in check
Pneumonia,"chills, fatigue, cough, high fever, breathlessness, sweating, malaise, phlegm, chest pain, fast heart rate, rusty sputum",consult doctor | medication | rest | follow up
Dimorphic hemmorhoids(piles),"constipation, pain during bowel movements, pain in anal region, bloody stool, irritation in anus",avoid fatty spicy food | consume witch hazel | warm bath with epsom salt | consume alovera juice
Heart attack,"vomiting, breathlessness, sweating, chest pain",Consult a doctor | Get adequate rest | Stay hydrated | Follow prescribed treatment
Varicose veins,"fatigue, cramps, bruising, obesity, swollen legs, swollen blood vessels, prominent veins on calf",lie down flat and raise the leg high | use oinments | use vein compression | dont stand still for long
Hypothyroidism,"fatigue, weight gain, cold hands and feets, mood swings, lethargy, dizziness, puffy face and eyes, enlarged thyroid, brittle nails, swollen extremeties, depression, irritability, abnormal menstruation",reduce stress | exercise | eat healthy | get proper sleep
Hyperthyroidism,"fatigue, mood swings, weight loss, restlessness, sweating, diarrhoea, fast heart rate, excessive hunger, muscle weakness, irritability, abnormal menstruation",eat healthy | massage | use lemon balm | take radioactive iodine treatment
Hypoglycemia,"vomiting, fatigue, anxiety, sweating, headache, nausea, blurred and distorted vision, excessive hunger, drying and tingling lips, slurred speech, irritability, palpitations",lie down on side | check in pulse | drink sugary drinks | consult doctor
Osteoarthristis,"joint pain, neck pain, knee pain, hip joint pain, swelling joints, painful walking",acetaminophen | consult nearest hospital | follow up | salt baths
Arthritis,"muscle weakness, stiff neck, swelling joints, movement stiffness, painful walking",exercise | use hot and cold therapy | try acupuncture | massage
(vertigo) Paroymsal  Positional Vertigo,"vomiting, headache, nausea, spinning movements, loss of balance, unsteadiness",lie down | avoid sudden change in body | avoid abrupt head movment | relax
Acne,"skin rash, pus filled pimples, blackheads, scurring",bath twice | avoid fatty spicy food | drink plenty of water | avoid too many products
Urinary tract infection,"burning micturition, bladder discomfort, foul smell of urine, continuous feel of urine",drink plenty of water | increase vitamin c intake | drink cranberry juice | take probiotics
Psoriasis,"skin rash, joint pain, skin peeling, silver like dusting, small dents in nails, inflammatory nails",wash hands with warm soapy water | stop bleeding using pressure | consult doctor | salt baths
Impetigo,"skin rash, high fever, blister, red sore around nose, yellow crust ooze",soak affected area in warm water | use antibiotics | remove scabs with wet compressed cloth | consult doctor
Fungal infection,"itching, skin rash, nodal skin eruptions, dischromic  patches",bath twice | use detol or neem in bathing water | keep infected area dry | use clean cloths
Allergy,"continuous sneezing, shivering, chills, watering from eyes",Consult a doctor | Get adequate rest | Stay hydrated | Follow prescribed treatment
GERD,"stomach pain, acidity, ulcers on tongue, vomiting, cough, chest pain",avoid fatty spicy food | avoid lying down after eating | maintain healthy weight | exercise
Chronic cholestasis,"itching, vomiting, yellowish skin, nausea, loss of appetite, abdominal pain, yellowing of eyes",cold baths | anti itch medicine | consult doctor | eat healthy
Drug Reaction,"itching, skin rash, stomach pain, burning micturition, spotting  urination",Consult a doctor | Get adequate rest | Stay hydrated | Follow prescribed treatment
Peptic ulcer diseae,"vomiting, indigestion, loss of appetite, abdominal pain, passage of gases, internal itching",avoid fatty spicy food | consume probiotic food | eliminate milk | limit alcohol
AIDS,"muscle wasting, patches in throat, high fever, extra marital contacts",avoid open cuts | wear ppe if possible | consult doctor | follow up
Diabetes ,"fatigue, weight loss, restlessness, lethargy, irregular sugar level, blurred and distorted vision, obesity, excessive hunger, increased appetite, polyuria",have balanced diet | exercise | consult doctor | follow up
Gastroenteritis,"vomiting, sunken eyes, dehydration, diarrhoea",stop eating solid food for while | try taking small sips of water | rest | ease back into eating
Bronchial Asthma,"fatigue, cough, high fever, breathlessness, family history, mucoid sputum",switch to loose cloothing | take deep breaths | get away from trigger | seek help
Hypertension ,"headache, chest pain, dizziness, loss of balance, lack of concentration",meditation | salt baths | reduce stress | get proper sleep
Migraine,"acidity, indigestion, headache, blurred and distorted vision, excessive hunger, stiff neck, depression, irritability, visual disturbances",meditation | reduce stress | use poloroid glasses in sun | consult doctor
Cervical spondylosis,"back pain, weakness in limbs, neck pain, dizziness, loss of balance",use heating pad or cold pack | exercise | take otc pain reliver | consult doctor
Paralysis (brain hemorrhage),"vomiting, headache, weakness of one body side, altered sensorium",massage | eat healthy | exercise | consult doctor
Jaundice,"itching, vomiting, fatigue, weight loss, high fever, yellowish skin, dark urine, abdominal pain",drink plenty of water | consume milk thistle | eat fruits and high fiberous food | medication
Malaria,"chills, vomiting, high fever, sweating, headache, nausea, diarrhoea, muscle pain",Consult nearest hospital | avoid oily food | avoid non veg food | keep mosquitos out
Chicken pox,"itching, skin rash, fatigue, lethargy, high fever, headache, loss of appetite, mild fever, swelled lymph nodes, malaise, red spots over body",use neem in bathing | consume neem leaves | take vaccine | avoid public places
Dengue,"skin rash, chills, joint pain, vomiting, fatigue, high fever, headache, nausea, loss of appetite, pain behind the eyes, back pain, malaise, muscle pain, red spots over body",drink papaya leaf juice | avoid fatty spicy food | keep mosquitos away | keep hydrated
Typhoid,"chills, vomiting, fatigue, high fever, headache, nausea, constipation, abdominal pain, diarrhoea, toxic look (typhos), belly pain",eat high calorie vegitables | antiboitic therapy | consult doctor | medication
hepatitis A,"joint pain, vomiting, yellowish skin, dark urine, nausea, loss of appetite, abdominal pain, diarrhoea, mild fever, yellowing of eyes, muscle pain",Consult nearest hospital | wash hands through | avoid fatty spicy food | medication
Hepatitis B,"itching, fatigue, lethargy, yellowish skin, dark urine, loss of appetite, abdominal pain, yellow urine, yellowing of eyes, malaise, receiving blood transfusion, receiving unsterile injections",consult nearest hospital | vaccination | eat healthy | medication
Hepatitis C,"fatigue, yellowish skin, nausea, loss of appetite, yellowing of eyes, family history",Consult nearest hospital | vaccination | eat healthy | medication
Hepatitis D,"joint pain, vomiting, fatigue, yellowish skin, dark urine, nausea, loss of appetite, abdominal pain, yellowing of eyes",consult doctor | medication | eat healthy | follow up
Hepatitis E,"joint pain, vomiting, fatigue, high fever, yellowish skin, dark urine, nausea, loss of appetite, abdominal pain, yellowing of eyes, acute liver failure, coma, stomach bleeding",stop alcohol consumption | rest | consult doctor | medication
Alcoholic hepatitis,"vomiting, yellowish skin, abdominal pain, swelling of stomach, distention of abdomen, history of alcohol consumption, fluid overload",stop alcohol consumption | consult doctor | medication | follow up
Tuberculosis,"chills, vomiting, fatigue, weight loss, cough, high fever, breathlessness, sweating, loss of appetite, mild fever, yellowing of eyes, swelled lymph nodes, malaise, phlegm, chest pain, blood in sputum",cover mouth | consult doctor | medication | rest
Common Cold,"continuous sneezing, chills, fatigue, cough, high fever, headache, swelled lymph nodes, malaise, phlegm, throat irritation, redness of eyes, sinus pressure, runny nose, congestion, chest pain, loss of smell, muscle pain",drink vitamin c rich drinks | take vapour | avoid cold food | keep fever in check
Pneumonia,"chills, fatigue, cough, high fever, breathlessness, sweating, malaise, phlegm, chest pain, fast heart rate, rusty sputum",consult doctor | medication | rest | follow up
Dimorphic hemmorhoids(piles),"constipation, pain during bowel movements, pain in anal region, bloody stool, irritation in anus",avoid fatty spicy food | consume witch hazel | warm bath with epsom salt | consume alovera juice
Heart attack,"vomiting, breathlessness, sweating, chest pain",Consult a doctor | Get adequate rest | Stay hydrated | Follow prescribed treatment
Varicose veins,"fatigue, cramps, bruising, obesity, swollen legs, swollen blood vessels, prominent veins on calf",lie down flat and raise the leg high | use oinments | use vein compression | dont stand still for long
Hypothyroidism,"fatigue, weight gain, cold hands and feets, mood swings, lethargy, dizziness, puffy face and eyes, enlarged thyroid, brittle nails, swollen extremeties, depression, irritability, abnormal menstruation",reduce stress | exercise | eat healthy | get proper sleep
Hyperthyroidism,"fatigue, mood swings, weight loss, restlessness, sweating, diarrhoea, fast heart rate, excessive hunger, muscle weakness, irritability, abnormal menstruation",eat healthy | massage | use lemon balm | take radioactive iodine treatment
Hypoglycemia,"vomiting, fatigue, anxiety, sweating, headache, nausea, blurred and distorted vision, excessive hunger, drying and tingling lips, slurred speech, irritability, palpitations",lie down on side | check in pulse | drink sugary drinks | consult doctor
Osteoarthristis,"joint pain, neck pain, knee pain, hip joint pain, swelling joints, painful walking",acetaminophen | consult nearest hospital | follow up | salt baths
Arthritis,"muscle weakness, stiff neck, swelling joints, movement stiffness, painful walking",exercise | use hot and cold therapy | try acupuncture | massage
(vertigo) Paroymsal  Positional Vertigo,"vomiting, headache, nausea, spinning movements, loss of balance, unsteadiness",lie down | avoid sudden change in body | avoid abrupt head movment | relax
Acne,"skin rash, pus filled pimples, blackheads, scurring",bath twice | avoid fatty spicy food | drink plenty of water | avoid too many products
Urinary tract infection,"burning micturition, bladder discomfort, foul smell of urine, continuous feel of urine",drink plenty of water | increase vitamin c intake | drink cranberry juice | take probiotics
Psoriasis,"skin rash, joint pain, skin peeling, silver like dusting, small dents in nails, inflammatory nails",wash hands with warm soapy water | stop bleeding using pressure | consult doctor | salt baths
Impetigo,"skin rash, high fever, blister, red sore around nose, yellow crust ooze",soak affected area in warm water | use antibiotics | remove scabs with wet compressed cloth | consult doctor
Fungal infection,"itching, skin rash, nodal skin eruptions, dischromic  patches",bath twice | use detol or neem in bathing water | keep infected area dry | use clean cloths
Allergy,"continuous sneezing, shivering, chills, watering from eyes",Consult a doctor | Get adequate rest | Stay hydrated | Follow prescribed treatment
GERD,"stomach pain, acidity, ulcers on tongue, vomiting, cough, chest pain",avoid fatty spicy food | avoid lying down after eating | maintain healthy weight | exercise
Chronic cholestasis,"itching, vomiting, yellowish skin, nausea, loss of appetite, abdominal pain, yellowing of eyes",cold baths | anti itch medicine | consult doctor | eat healthy
Drug Reaction,"itching, skin rash, stomach pain, burning micturition, spotting  urination",Consult a doctor | Get adequate rest | Stay hydrated | Follow prescribed treatment
Peptic ulcer diseae,"vomiting, indigestion, loss of appetite, abdominal pain, passage of gases, internal itching",avoid fatty spicy food | consume probiotic food | eliminate milk | limit alcohol
AIDS,"muscle wasting, patches in throat, high fever, extra marital contacts",avoid open cuts | wear ppe if possible | consult doctor | follow up
Diabetes ,"fatigue, weight loss, restlessness, lethargy, irregular sugar level, blurred and distorted vision, obesity, excessive hunger, increased appetite, polyuria",have balanced diet | exercise | consult doctor | follow up
Gastroenteritis,"vomiting, sunken eyes, dehydration, diarrhoea",stop eating solid food for while | try taking small sips of water | rest | ease back into eating
Bronchial Asthma,"fatigue, cough, high fever, breathlessness, family history, mucoid sputum",switch to loose cloothing | take deep breaths | get away from trigger | seek help
Hypertension ,"headache, chest pain, dizziness, loss of balance, lack of concentration",meditation | salt baths | reduce stress | get proper sleep
Migraine,"acidity, indigestion, headache, blurred and distorted vision, excessive hunger, stiff neck, depression, irritability, visual disturbances",meditation | reduce stress | use poloroid glasses in sun | consult doctor
Cervical spondylosis,"back pain, weakness in limbs, neck pain, dizziness, loss of balance",use heating pad or cold pack | exercise | take otc pain reliver | consult doctor
Paralysis (brain hemorrhage),"vomiting, headache, weakness of one body side, altered sensorium",massage | eat healthy | exercise | consult doctor
Jaundice,"itching, vomiting, fatigue, weight loss, high fever, yellowish skin, dark urine, abdominal pain",drink plenty of water | consume milk thistle | eat fruits and high fiberous food | medication
Malaria,"chills, vomiting, high fever, sweating, headache, nausea, diarrhoea, muscle pain",Consult nearest hospital | avoid oily food | avoid non veg food | keep mosquitos out
Chicken pox,"itching, skin rash, fatigue, lethargy, high fever, headache, loss of appetite, mild fever, swelled lymph nodes, malaise, red spots over body",use neem in bathing | consume neem leaves | take vaccine | avoid public places
Dengue,"skin rash, chills, joint pain, vomiting, fatigue, high fever, headache, nausea, loss of appetite, pain behind the eyes, back pain, malaise, muscle pain, red spots over body",drink papaya leaf juice | avoid fatty spicy food | keep mosquitos away | keep hydrated
Typhoid,"chills, vomiting, fatigue, high fever, headache, nausea, constipation, abdominal pain, diarrhoea, toxic look (typhos), belly pain",eat high calorie vegitables | antiboitic therapy | consult doctor | medication
hepatitis A,"joint pain, vomiting, yellowish skin, dark urine, nausea, loss of appetite, abdominal pain, diarrhoea, mild fever, yellowing of eyes, muscle pain",Consult nearest hospital | wash hands through | avoid fatty spicy food | medication
Hepatitis B,"itching, fatigue, lethargy, yellowish skin, dark urine, loss of appetite, abdominal pain, yellow urine, yellowing of eyes, malaise, receiving blood transfusion, receiving unsterile injections",consult nearest hospital | vaccination | eat healthy | medication
Hepatitis C,"fatigue, yellowish skin, nausea, loss of appetite, yellowing of eyes, family history",Consult nearest hospital | vaccination | eat healthy | medication
Hepatitis D,"joint pain, vomiting, fatigue, yellowish skin, dark urine, nausea, loss of appetite, abdominal pain, yellowing of eyes",consult doctor | medication | eat healthy | follow up
Hepatitis E,"joint pain, vomiting, fatigue, high fever, yellowish skin, dark urine, nausea, loss of appetite, abdominal pain, yellowing of eyes, acute liver failure, coma, stomach bleeding",stop alcohol consumption | rest | consult doctor | medication
Alcoholic hepatitis,"vomiting, yellowish skin, abdominal pain, swelling of stomach, distention of abdomen, history of alcohol consumption, fluid overload",stop alcohol consumption | consult doctor | medication | follow up
Tuberculosis,"chills, vomiting, fatigue, weight loss, cough, high fever, breathlessness, sweating, loss of appetite, mild fever, yellowing of eyes, swelled lymph nodes, malaise, phlegm, chest pain, blood in sputum",cover mouth | consult doctor | medication | rest
Common Cold,"continuous sneezing, chills, fatigue, cough, high fever, headache, swelled lymph nodes, malaise, phlegm, throat irritation, redness of eyes, sinus pressure, runny nose, congestion, chest pain, loss of smell, muscle pain",drink vitamin c rich drinks | take vapour | avoid cold food | keep fever in check
Pneumonia,"chills, fatigue, cough, high fever, breathlessness, sweating, malaise, phlegm, chest pain, fast heart rate, rusty sputum",consult doctor | medication | rest | follow up
Dimorphic hemmorhoids(piles),"constipation, pain during bowel movements, pain in anal region, bloody stool, irritation in anus",avoid fatty spicy food | consume witch hazel | warm bath with epsom salt | consume alovera juice
Heart attack,"vomiting, breathlessness, sweating, chest pain",Consult a doctor | Get adequate rest | Stay hydrated | Follow prescribed treatment
Varicose veins,"fatigue, cramps, bruising, obesity, swollen legs, swollen blood vessels, prominent veins on calf",lie down flat and raise the leg high | use oinments | use vein compression | dont stand still for long
Hypothyroidism,"fatigue, weight gain, cold hands and feets, mood swings, lethargy, dizziness, puffy face and eyes, enlarged thyroid, brittle nails, swollen extremeties, depression, irritability, abnormal menstruation",reduce stress | exercise | eat healthy | get proper sleep
Hyperthyroidism,"fatigue, mood swings, weight loss, restlessness, sweating, diarrhoea, fast heart rate, excessive hunger, muscle weakness, irritability, abnormal menstruation",eat healthy | massage | use lemon balm | take radioactive iodine treatment
Hypoglycemia,"vomiting, fatigue, anxiety, sweating, headache, nausea, blurred and distorted vision, excessive hunger, drying and tingling lips, slurred speech, irritability, palpitations",lie down on side | check in pulse | drink sugary drinks | consult doctor
Osteoarthristis,"joint pain, neck pain, knee pain, hip joint pain, swelling joints, painful walking",acetaminophen | consult nearest hospital | follow up | salt baths
Arthritis,"muscle weakness, stiff neck, swelling joints, movement stiffness, painful walking",exercise | use hot and cold therapy | try acupuncture | massage
(vertigo) Paroymsal  Positional Vertigo,"vomiting, headache, nausea, spinning movements, loss of balance, unsteadiness",lie down | avoid sudden change in body | avoid abrupt head movment | relax
Acne,"skin rash, pus filled pimples, blackheads, scurring",bath twice | avoid fatty spicy food | drink plenty of water | avoid too many products
Urinary tract infection,"burning micturition, bladder discomfort, foul smell of urine, continuous feel of urine",drink plenty of water | increase vitamin c intake | drink cranberry juice | take probiotics
Psoriasis,"skin rash, joint pain, skin peeling, silver like dusting, small dents in nails, inflammatory nails",wash hands with warm soapy water | stop bleeding using pressure | consult doctor | salt baths
Impetigo,"skin rash, high fever, blister, red sore around nose, yellow crust ooze",soak affected area in warm water | use antibiotics | remove scabs with wet compressed cloth | consult doctor
Fungal infection,"itching, skin rash, nodal skin eruptions, dischromic  patches",bath twice | use detol or neem in bathing water | keep infected area dry | use clean cloths
Allergy,"continuous sneezing, shivering, chills, watering from eyes",Consult a doctor | Get adequate rest | Stay hydrated | Follow prescribed treatment
GERD,"stomach pain, acidity, ulcers on tongue, vomiting, cough, chest pain",avoid fatty spicy food | avoid lying down after eating | maintain healthy weight | exercise
Chronic cholestasis,"itching, vomiting, yellowish skin, nausea, loss of appetite, abdominal pain, yellowing of eyes",cold baths | anti itch medicine | consult doctor | eat healthy
Drug Reaction,"itching, skin rash, stomach pain, burning micturition, spotting  urination",Consult a doctor | Get adequate rest | Stay hydrated | Follow prescribed treatment
Peptic ulcer diseae,"vomiting, indigestion, loss of appetite, abdominal pain, passage of gases, internal itching",avoid fatty spicy food | consume probiotic food | eliminate milk | limit alcohol
AIDS,"muscle wasting, patches in throat, high fever, extra marital contacts",avoid open cuts | wear ppe if possible | consult doctor | follow up
Diabetes ,"fatigue, weight loss, restlessness, lethargy, irregular sugar level, blurred and distorted vision, obesity, excessive hunger, increased appetite, polyuria",have balanced diet | exercise | consult doctor | follow up
Gastroenteritis,"vomiting, sunken eyes, dehydration, diarrhoea",stop eating solid food for while | try taking small sips of water | rest | ease back into eating
Bronchial Asthma,"fatigue, cough, high fever, breathlessness, family history, mucoid sputum",switch to loose cloothing | take deep breaths | get away from trigger | seek help
Hypertension ,"headache, chest pain, dizziness, loss of balance, lack of concentration",meditation | salt baths | reduce stress | get proper sleep
Migraine,"acidity, indigestion, headache, blurred and distorted vision, excessive hunger, stiff neck, depression, irritability, visual disturbances",meditation | reduce stress | use poloroid glasses in sun | consult doctor
Cervical spondylosis,"back pain, weakness in limbs, neck pain, dizziness, loss of balance",use heating pad or cold pack | exercise | take otc pain reliver | consult doctor
Paralysis (brain hemorrhage),"vomiting, headache, weakness of one body side, altered sensorium",massage | eat healthy | exercise | consult doctor
Jaundice,"itching, vomiting, fatigue, weight loss, high fever, yellowish skin, dark urine, abdominal pain",drink plenty of water | consume milk thistle | eat fruits and high fiberous food | medication
Malaria,"chills, vomiting, high fever, sweating, headache, nausea, diarrhoea, muscle pain",Consult nearest hospital | avoid oily food | avoid non veg food | keep mosquitos out
Chicken pox,"itching, skin rash, fatigue, lethargy, high fever, headache, loss of appetite, mild fever, swelled lymph nodes, malaise, red spots over body",use neem in bathing | consume neem leaves | take vaccine | avoid public places
Dengue,"skin rash, chills, joint pain, vomiting, fatigue, high fever, headache, nausea, loss of appetite, pain behind the eyes, back pain, malaise, muscle pain, red spots over body",drink papaya leaf juice | avoid fatty spicy food | keep mosquitos away | keep hydrated
Typhoid,"chills, vomiting, fatigue, high fever, headache, nausea, constipation, abdominal pain, diarrhoea, toxic look (typhos), belly pain",eat high calorie vegitables | antiboitic therapy | consult doctor | medication
hepatitis A,"joint pain, vomiting, yellowish skin, dark urine, nausea, loss of appetite, abdominal pain, diarrhoea, mild fever, yellowing of eyes, muscle pain",Consult nearest hospital | wash hands through | avoid fatty spicy food | medication
Hepatitis B,"itching, fatigue, lethargy, yellowish skin, dark urine, loss of appetite, abdominal pain, yellow urine, yellowing of eyes, malaise, receiving blood transfusion, receiving unsterile injections",consult nearest hospital | vaccination | eat healthy | medication
Hepatitis C,"fatigue, yellowish skin, nausea, loss of appetite, yellowing of eyes, family history",Consult nearest hospital | vaccination | eat healthy | medication
Hepatitis D,"joint pain, vomiting, fatigue, yellowish skin, dark urine, nausea, loss of appetite, abdominal pain, yellowing of eyes",consult doctor | medication | eat healthy | follow up
Hepatitis E,"joint pain, vomiting, fatigue, high fever, yellowish skin, dark urine, nausea, loss of appetite, abdominal pain, yellowing of eyes, acute liver failure, coma, stomach bleeding",stop alcohol consumption | rest | consult doctor | medication
Alcoholic hepatitis,"vomiting, yellowish skin, abdominal pain, swelling of stomach, distention of abdomen, history of alcohol consumption, fluid overload",stop alcohol consumption | consult doctor | medication | follow up
Tuberculosis,"chills, vomiting, fatigue, weight loss, cough, high fever, breathlessness, sweating, loss of appetite, mild fever, yellowing of eyes, swelled lymph nodes, malaise, phlegm, chest pain, blood in sputum",cover mouth | consult doctor | medication | rest
Common Cold,"continuous sneezing, chills, fatigue, cough, high fever, headache, swelled lymph nodes, malaise, phlegm, throat irritation, redness of eyes, sinus pressure, runny nose, congestion, chest pain, loss of smell, muscle pain",drink vitamin c rich drinks | take vapour | avoid cold food | keep fever in check
Pneumonia,"chills, fatigue, cough, high fever, breathlessness, sweating, malaise, phlegm, chest pain, fast heart rate, rusty sputum",consult doctor | medication | rest | follow up
Dimorphic hemmorhoids(piles),"constipation, pain during bowel movements, pain in anal region, bloody stool, irritation in anus",avoid fatty spicy food | consume witch hazel | warm bath with epsom salt | consume alovera juice
Heart attack,"vomiting, breathlessness, sweating, chest pain",Consult a doctor | Get adequate rest | Stay hydrated | Follow prescribed treatment
Varicose veins,"fatigue, cramps, bruising, obesity, swollen legs, swollen blood vessels, prominent veins on calf",lie down flat and raise the leg high | use oinments | use vein compression | dont stand still for long
Hypothyroidism,"fatigue, weight gain, cold hands and feets, mood swings, lethargy, dizziness, puffy face and eyes, enlarged thyroid, brittle nails, swollen extremeties, depression, irritability, abnormal menstruation",reduce stress | exercise | eat healthy | get proper sleep
Hyperthyroidism,"fatigue, mood swings, weight loss, restlessness, sweating, diarrhoea, fast heart rate, excessive hunger, muscle weakness, irritability, abnormal menstruation",eat healthy | massage | use lemon balm | take radioactive iodine treatment
Hypoglycemia,"vomiting, fatigue, anxiety, sweating, headache, nausea, blurred and distorted vision, excessive hunger, drying and tingling lips, slurred speech, irritability, palpitations",lie down on side | check in pulse | drink sugary drinks | consult doctor
Osteoarthristis,"joint pain, neck pain, knee pain, hip joint pain, swelling joints, painful walking",acetaminophen | consult nearest hospital | follow up | salt baths
Arthritis,"muscle weakness, stiff neck, swelling joints, movement stiffness, painful walking",exercise | use hot and cold therapy | try acupuncture | massage
(vertigo) Paroymsal  Positional Vertigo,"vomiting, headache, nausea, spinning movements, loss of balance, unsteadiness",lie down | avoid sudden change in body | avoid abrupt head movment | relax
Acne,"skin rash, pus filled pimples, blackheads, scurring",bath twice | avoid fatty spicy food | drink plenty of water | avoid too many products
Urinary tract infection,"burning micturition, bladder discomfort, foul smell of urine, continuous feel of urine",drink plenty of water | increase vitamin c intake | drink cranberry juice | take probiotics
Psoriasis,"skin rash, joint pain, skin peeling, silver like dusting, small dents in nails, inflammatory nails",wash hands with warm soapy water | stop bleeding using pressure | consult doctor | salt baths
Impetigo,"skin rash, high fever, blister, red sore around nose, yellow crust ooze",soak affected area in warm water | use antibiotics | remove scabs with wet compressed cloth | consult doctor
Fungal infection,"itching, skin rash, nodal skin eruptions, dischromic  patches",bath twice | use detol or neem in bathing water | keep infected area dry | use clean cloths
Allergy,"continuous sneezing, shivering, chills, watering from eyes",Consult a doctor | Get adequate rest | Stay hydrated | Follow prescribed treatment
GERD,"stomach pain, acidity, ulcers on tongue, vomiting, cough, chest pain",avoid fatty spicy food | avoid lying down after eating | maintain healthy weight | exercise
Chronic cholestasis,"itching, vomiting, yellowish skin, nausea, loss of appetite, abdominal pain, yellowing of eyes",cold baths | anti itch medicine | consult doctor | eat healthy
Drug Reaction,"itching, skin rash, stomach pain, burning micturition, spotting  urination",Consult a doctor | Get adequate rest | Stay hydrated | Follow prescribed treatment
Peptic ulcer diseae,"vomiting, indigestion, loss of appetite, abdominal pain, passage of gases, internal itching",avoid fatty spicy food | consume probiotic food | eliminate milk | limit alcohol
AIDS,"muscle wasting, patches in throat, high fever, extra marital contacts",avoid open cuts | wear ppe if possible | consult doctor | follow up
Diabetes ,"fatigue, weight loss, restlessness, lethargy, irregular sugar level, blurred and distorted vision, obesity, excessive hunger, increased appetite, polyuria",have balanced diet | exercise | consult doctor | follow up
Gastroenteritis,"vomiting, sunken eyes, dehydration, diarrhoea",stop eating solid food for while | try taking small sips of water | rest | ease back into eating
Bronchial Asthma,"fatigue, cough, high fever, breathlessness, family history, mucoid sputum",switch to loose cloothing | take deep breaths | get away from trigger | seek help
Hypertension ,"headache, chest pain, dizziness, loss of balance, lack of concentration",meditation | salt baths | reduce stress | get proper sleep
Migraine,"acidity, indigestion, headache, blurred and distorted vision, excessive hunger, stiff neck, depression, irritability, visual disturbances",meditation | reduce stress | use poloroid glasses in sun | consult doctor
Cervical spondylosis,"back pain, weakness in limbs, neck pain, dizziness, loss of balance",use heating pad or cold pack | exercise | take otc pain reliver | consult doctor
Paralysis (brain hemorrhage),"vomiting, headache, weakness of one body side, altered sensorium",massage | eat healthy | exercise | consult doctor
Jaundice,"itching, vomiting, fatigue, weight loss, high fever, yellowish skin, dark urine, abdominal pain",drink plenty of water | consume milk thistle | eat fruits and high fiberous food | medication
Malaria,"chills, vomiting, high fever, sweating, headache, nausea, diarrhoea, muscle pain",Consult nearest hospital | avoid oily food | avoid non veg food | keep mosquitos out
Chicken pox,"itching, skin rash, fatigue, lethargy, high fever, headache, loss of appetite, mild fever, swelled lymph nodes, malaise, red spots over body",use neem in bathing | consume neem leaves | take vaccine | avoid public places
Dengue,"skin rash, chills, joint pain, vomiting, fatigue, high fever, headache, nausea, loss of appetite, pain behind the eyes, back pain, malaise, muscle pain, red spots over body",drink papaya leaf juice | avoid fatty spicy food | keep mosquitos away | keep hydrated
Typhoid,"chills, vomiting, fatigue, high fever, headache, nausea, constipation, abdominal pain, diarrhoea, toxic look (typhos), belly pain",eat high calorie vegitables | antiboitic therapy | consult doctor | medication
hepatitis A,"joint pain, vomiting, yellowish skin, dark urine, nausea, loss of appetite, abdominal pain, diarrhoea, mild fever, yellowing of eyes, muscle pain",Consult nearest hospital | wash hands through | avoid fatty spicy food | medication
Hepatitis B,"itching, fatigue, lethargy, yellowish skin, dark urine, loss of appetite, abdominal pain, yellow urine, yellowing of eyes, malaise, receiving blood transfusion, receiving unsterile injections",consult nearest hospital | vaccination | eat healthy | medication
Hepatitis C,"fatigue, yellowish skin, nausea, loss of appetite, yellowing of eyes, family history",Consult nearest hospital | vaccination | eat healthy | medication
Hepatitis D,"joint pain, vomiting, fatigue, yellowish skin, dark urine, nausea, loss of appetite, abdominal pain, yellowing of eyes",consult doctor | medication | eat healthy | follow up
Hepatitis E,"joint pain, vomiting, fatigue, high fever, yellowish skin, dark urine, nausea, loss of appetite, abdominal pain, yellowing of eyes, acute liver failure, coma, stomach bleeding",stop alcohol consumption | rest | consult doctor | medication
Alcoholic hepatitis,"vomiting, yellowish skin, abdominal pain, swelling of stomach, distention of abdomen, history of alcohol consumption, fluid overload",stop alcohol consumption | consult doctor | medication | follow up
Tuberculosis,"chills, vomiting, fatigue, weight loss, cough, high fever, breathlessness, sweating, loss of appetite, mild fever, yellowing of eyes, swelled lymph nodes, malaise, phlegm, chest pain, blood in sputum",cover mouth | consult doctor | medication | rest
Common Cold,"continuous sneezing, chills, fatigue, cough, high fever, headache, swelled lymph nodes, malaise, phlegm, throat irritation, redness of eyes, sinus pressure, runny nose, congestion, chest pain, loss of smell, muscle pain",drink vitamin c rich drinks | take vapour | avoid cold food | keep fever in check
Pneumonia,"chills, fatigue, cough, high fever, breathlessness, sweating, malaise, phlegm, chest pain, fast heart rate, rusty sputum",consult doctor | medication | rest | follow up
Dimorphic hemmorhoids(piles),"constipation, pain during bowel movements, pain in anal region, bloody stool, irritation in anus",avoid fatty spicy food | consume witch hazel | warm bath with epsom salt | consume alovera juice
Heart attack,"vomiting, breathlessness, sweating, chest pain",Consult a doctor | Get adequate rest | Stay hydrated | Follow prescribed treatment
Varicose veins,"fatigue, cramps, bruising, obesity, swollen legs, swollen blood vessels, prominent veins on calf",lie down flat and raise the leg high | use oinments | use vein compression | dont stand still for long
Hypothyroidism,"fatigue, weight gain, cold hands and feets, mood swings, lethargy, dizziness, puffy face and eyes, enlarged thyroid, brittle nails, swollen extremeties, depression, irritability, abnormal menstruation",reduce stress | exercise | eat healthy | get proper sleep
Hyperthyroidism,"fatigue, mood swings, weight loss, restlessness, sweating, diarrhoea, fast heart rate, excessive hunger, muscle weakness, irritability, abnormal menstruation",eat healthy | massage | use lemon balm | take radioactive iodine treatment
Hypoglycemia,"vomiting, fatigue, anxiety, sweating, headache, nausea, blurred and distorted vision, excessive hunger, drying and tingling lips, slurred speech, irritability, palpitations",lie down on side | check in pulse | drink sugary drinks | consult doctor
Osteoarthristis,"joint pain, neck pain, knee pain, hip joint pain, swelling joints, painful walking",acetaminophen | consult nearest hospital | follow up | salt baths
Arthritis,"muscle weakness, stiff neck, swelling joints, movement stiffness, painful walking",exercise | use hot and cold therapy | try acupuncture | massage
(vertigo) Paroymsal  Positional Vertigo,"vomiting, headache, nausea, spinning movements, loss of balance, unsteadiness",lie down | avoid sudden change in body | avoid abrupt head movment | relax
Acne,"skin rash, pus filled pimples, blackheads, scurring",bath twice | avoid fatty spicy food | drink plenty of water | avoid too many products
Urinary tract infection,"burning micturition, bladder discomfort, foul smell of urine, continuous feel of urine",drink plenty of water | increase vitamin c intake | drink cranberry juice | take probiotics
Psoriasis,"skin rash, joint pain, skin peeling, silver like dusting, small dents in nails, inflammatory nails",wash hands with warm soapy water | stop bleeding using pressure | consult doctor | salt baths
Impetigo,"skin rash, high fever, blister, red sore around nose, yellow crust ooze",soak affected area in warm water | use antibiotics | remove scabs with wet compressed cloth | consult doctor
Fungal infection,"itching, skin rash, nodal skin eruptions, dischromic  patches",bath twice | use detol or neem in bathing water | keep infected area dry | use clean cloths
Allergy,"continuous sneezing, shivering, chills, watering from eyes",Consult a doctor | Get adequate rest | Stay hydrated | Follow prescribed treatment
GERD,"stomach pain, acidity, ulcers on tongue, vomiting, cough, chest pain",avoid fatty spicy food | avoid lying down after eating | maintain healthy weight | exercise
Chronic cholestasis,"itching, vomiting, yellowish skin, nausea, loss of appetite, abdominal pain, yellowing of eyes",cold baths | anti itch medicine | consult doctor | eat healthy
Drug Reaction,"itching, skin rash, stomach pain, burning micturition, spotting  urination",Consult a doctor | Get adequate rest | Stay hydrated | Follow prescribed treatment
Peptic ulcer diseae,"vomiting, indigestion, loss of appetite, abdominal pain, passage of gases, internal itching",avoid fatty spicy food | consume probiotic food | eliminate milk | limit alcohol
AIDS,"muscle wasting, patches in throat, high fever, extra marital contacts",avoid open cuts | wear ppe if possible | consult doctor | follow up
Diabetes ,"fatigue, weight loss, restlessness, lethargy, irregular sugar level, blurred and distorted vision, obesity, excessive hunger, increased appetite, polyuria",have balanced diet | exercise | consult doctor | follow up
Gastroenteritis,"vomiting, sunken eyes, dehydration, diarrhoea",stop eating solid food for while | try taking small sips of water | rest | ease back into eating
Bronchial Asthma,"fatigue, cough, high fever, breathlessness, family history, mucoid sputum",switch to loose cloothing | take deep breaths | get away from trigger | seek help
Hypertension ,"headache, chest pain, dizziness, loss of balance, lack of concentration",meditation | salt baths | reduce stress | get proper sleep
Migraine,"acidity, indigestion, headache, blurred and distorted vision, excessive hunger, stiff neck, depression, irritability, visual disturbances",meditation | reduce stress | use poloroid glasses in sun | consult doctor
Cervical spondylosis,"back pain, weakness in limbs, neck pain, dizziness, loss of balance",use heating pad or cold pack | exercise | take otc pain reliver | consult doctor
Paralysis (brain hemorrhage),"vomiting, headache, weakness of one body side, altered sensorium",massage | eat healthy | exercise | consult doctor
Jaundice,"itching, vomiting, fatigue, weight loss, high fever, yellowish skin, dark urine, abdominal pain",drink plenty of water | consume milk thistle | eat fruits and high fiberous food | medication
Malaria,"chills, vomiting, high fever, sweating, headache, nausea, diarrhoea, muscle pain",Consult nearest hospital | avoid oily food | avoid non veg food | keep mosquitos out
Chicken pox,"itching, skin rash, fatigue, lethargy, high fever, headache, loss of appetite, mild fever, swelled lymph nodes, malaise, red spots over body",use neem in bathing | consume neem leaves | take vaccine | avoid public places
Dengue,"skin rash, chills, joint pain, vomiting, fatigue, high fever, headache, nausea, loss of appetite, pain behind the eyes, back pain, malaise, muscle pain, red spots over body",drink papaya leaf juice | avoid fatty spicy food | keep mosquitos away | keep hydrated
Typhoid,"chills, vomiting, fatigue, high fever, headache, nausea, constipation, abdominal pain, diarrhoea, toxic look (typhos), belly pain",eat high calorie vegitables | antiboitic therapy | consult doctor | medication
hepatitis A,"joint pain, vomiting, yellowish skin, dark urine, nausea, loss of appetite, abdominal pain, diarrhoea, mild fever, yellowing of eyes, muscle pain",Consult nearest hospital | wash hands through | avoid fatty spicy food | medication
Hepatitis B,"itching, fatigue, lethargy, yellowish skin, dark urine, loss of appetite, abdominal pain, yellow urine, yellowing of eyes, malaise, receiving blood transfusion, receiving unsterile injections",consult nearest hospital | vaccination | eat healthy | medication
Hepatitis C,"fatigue, yellowish skin, nausea, loss of appetite, yellowing of eyes, family history",Consult nearest hospital | vaccination | eat healthy | medication
Hepatitis D,"joint pain, vomiting, fatigue, yellowish skin, dark urine, nausea, loss of appetite, abdominal pain, yellowing of eyes",consult doctor | medication | eat healthy | follow up
Hepatitis E,"joint pain, vomiting, fatigue, high fever, yellowish skin, dark urine, nausea, loss of appetite, abdominal pain, yellowing of eyes, acute liver failure, coma, stomach bleeding",stop alcohol consumption | rest | consult doctor | medication
Alcoholic hepatitis,"vomiting, yellowish skin, abdominal pain, swelling of stomach, distention of abdomen, history of alcohol consumption, fluid overload",stop alcohol consumption | consult doctor | medication | follow up
Tuberculosis,"chills, vomiting, fatigue, weight loss, cough, high fever, breathlessness, sweating, loss of appetite, mild fever, yellowing of eyes, swelled lymph nodes, malaise, phlegm, chest pain, blood in sputum",cover mouth | consult doctor | medication | rest
Common Cold,"continuous sneezing, chills, fatigue, cough, high fever, headache, swelled lymph nodes, malaise, phlegm, throat irritation, redness of eyes, sinus pressure, runny nose, congestion, chest pain, loss of smell, muscle pain",drink vitamin c rich drinks | take vapour | avoid cold food | keep fever in check
Pneumonia,"chills, fatigue, cough, high fever, breathlessness, sweating, malaise, phlegm, chest pain, fast heart rate, rusty sputum",consult doctor | medication | rest | follow up
Dimorphic hemmorhoids(piles),"constipation, pain during bowel movements, pain in anal region, bloody stool, irritation in anus",avoid fatty spicy food | consume witch hazel | warm bath with epsom salt | consume alovera juice
Heart attack,"vomiting, breathlessness, sweating, chest pain",Consult a doctor | Get adequate rest | Stay hydrated | Follow prescribed treatment
Varicose veins,"fatigue, cramps, bruising, obesity, swollen legs, swollen blood vessels, prominent veins on calf",lie down flat and raise the leg high | use oinments | use vein compression | dont stand still for long
Hypothyroidism,"fatigue, weight gain, cold hands and feets, mood swings, lethargy, dizziness, puffy face and eyes, enlarged thyroid, brittle nails, swollen extremeties, depression, irritability, abnormal menstruation",reduce stress | exercise | eat healthy | get proper sleep
Hyperthyroidism,"fatigue, mood swings, weight loss, restlessness, sweating, diarrhoea, fast heart rate, excessive hunger, muscle weakness, irritability, abnormal menstruation",eat healthy | massage | use lemon balm | take radioactive iodine treatment
Hypoglycemia,"vomiting, fatigue, anxiety, sweating, headache, nausea, blurred and distorted vision, excessive hunger, drying and tingling lips, slurred speech, irritability, palpitations",lie down on side | check in pulse | drink sugary drinks | consult doctor
Osteoarthristis,"joint pain, neck pain, knee pain, hip joint pain, swelling joints, painful walking",acetaminophen | consult nearest hospital | follow up | salt baths
Arthritis,"muscle weakness, stiff neck, swelling joints, movement stiffness, painful walking",exercise | use hot and cold therapy | try acupuncture | massage
(vertigo) Paroymsal  Positional Vertigo,"vomiting, headache, nausea, spinning movements, loss of balance, unsteadiness",lie down | avoid sudden change in body | avoid abrupt head movment | relax
Acne,"skin rash, pus filled pimples, blackheads, scurring",bath twice | avoid fatty spicy food | drink plenty of water | avoid too many products
Urinary tract infection,"burning micturition, bladder discomfort, foul smell of urine, continuous feel of urine",drink plenty of water | increase vitamin c intake | drink cranberry juice | take probiotics
Psoriasis,"skin rash, joint pain, skin peeling, silver like dusting, small dents in nails, inflammatory nails",wash hands with warm soapy water | stop bleeding using pressure | consult doctor | salt baths
Impetigo,"skin rash, high fever, blister, red sore around nose, yellow crust ooze",soak affected area in warm water | use antibiotics | remove scabs with wet compressed cloth | consult doctor
Fungal infection,"itching, skin rash, nodal skin eruptions, dischromic  patches",bath twice | use detol or neem in bathing water | keep infected area dry | use clean cloths
Allergy,"continuous sneezing, shivering, chills, watering from eyes",Consult a doctor | Get adequate rest | Stay hydrated | Follow prescribed treatment
GERD,"stomach pain, acidity, ulcers on tongue, vomiting, cough, chest pain",avoid fatty spicy food | avoid lying down after eating | maintain healthy weight | exercise
Chronic cholestasis,"itching, vomiting, yellowish skin, nausea, loss of appetite, abdominal pain, yellowing of eyes",cold baths | anti itch medicine | consult doctor | eat healthy
Drug Reaction,"itching, skin rash, stomach pain, burning micturition, spotting  urination",Consult a doctor | Get adequate rest | Stay hydrated | Follow prescribed treatment
Peptic ulcer diseae,"vomiting, indigestion, loss of appetite, abdominal pain, passage of gases, internal itching",avoid fatty spicy food | consume probiotic food | eliminate milk | limit alcohol
AIDS,"muscle wasting, patches in throat, high fever, extra marital contacts",avoid open cuts | wear ppe if possible | consult doctor | follow up
Diabetes ,"fatigue, weight loss, restlessness, lethargy, irregular sugar level, blurred and distorted vision, obesity, excessive hunger, increased appetite, polyuria",have balanced diet | exercise | consult doctor | follow up
Gastroenteritis,"vomiting, sunken eyes, dehydration, diarrhoea",stop eating solid food for while | try taking small sips of water | rest | ease back into eating
Bronchial Asthma,"fatigue, cough, high fever, breathlessness, family history, mucoid sputum",switch to loose cloothing | take deep breaths | get away from trigger | seek help
Hypertension ,"headache, chest pain, dizziness, loss of balance, lack of concentration",meditation | salt baths | reduce stress | get proper sleep
Migraine,"acidity, indigestion, headache, blurred and distorted vision, excessive hunger, stiff neck, depression, irritability, visual disturbances",meditation | reduce stress | use poloroid glasses in sun | consult doctor
Cervical spondylosis,"back pain, weakness in limbs, neck pain, dizziness, loss of balance",use heating pad or cold pack | exercise | take otc pain reliver | consult doctor
Paralysis (brain hemorrhage),"vomiting, headache, weakness of one body side, altered sensorium",massage | eat healthy | exercise | consult doctor
Jaundice,"itching, vomiting, fatigue, weight loss, high fever, yellowish skin, dark urine, abdominal pain",drink plenty of water | consume milk thistle | eat fruits and high fiberous food | medication
Malaria,"chills, vomiting, high fever, sweating, headache, nausea, diarrhoea, muscle pain",Consult nearest hospital | avoid oily food | avoid non veg food | keep mosquitos out
Chicken pox,"itching, skin rash, fatigue, lethargy, high fever, headache, loss of appetite, mild fever, swelled lymph nodes, malaise, red spots over body",use neem in bathing | consume neem leaves | take vaccine | avoid public places
Dengue,"skin rash, chills, joint pain, vomiting, fatigue, high fever, headache, nausea, loss of appetite, pain behind the eyes, back pain, malaise, muscle pain, red spots over body",drink papaya leaf juice | avoid fatty spicy food | keep mosquitos away | keep hydrated
Typhoid,"chills, vomiting, fatigue, high fever, headache, nausea, constipation, abdominal pain, diarrhoea, toxic look (typhos), belly pain",eat high calorie vegitables | antiboitic therapy | consult doctor | medication
hepatitis A,"joint pain, vomiting, yellowish skin, dark urine, nausea, loss of appetite, abdominal pain, diarrhoea, mild fever, yellowing of eyes, muscle pain",Consult nearest hospital | wash hands through | avoid fatty spicy food | medication
Hepatitis B,"itching, fatigue, lethargy, yellowish skin, dark urine, loss of appetite, abdominal pain, yellow urine, yellowing of eyes, malaise, receiving blood transfusion, receiving unsterile injections",consult nearest hospital | vaccination | eat healthy | medication
Hepatitis C,"fatigue, yellowish skin, nausea, loss of appetite, yellowing of eyes, family history",Consult nearest hospital | vaccination | eat healthy | medication
Hepatitis D,"joint pain, vomiting, fatigue, yellowish skin, dark urine, nausea, loss of appetite, abdominal pain, yellowing of eyes",consult doctor | medication | eat healthy | follow up
Hepatitis E,"joint pain, vomiting, fatigue, high fever, yellowish skin, dark urine, nausea, loss of appetite, abdominal pain, yellowing of eyes, acute liver failure, coma, stomach bleeding",stop alcohol consumption | rest | consult doctor | medication
Alcoholic hepatitis,"vomiting, yellowish skin, abdominal pain, swelling of stomach, distention of abdomen, history of alcohol consumption, fluid overload",stop alcohol consumption | consult doctor | medication | follow up
Tuberculosis,"chills, vomiting, fatigue, weight loss, cough, high fever, breathlessness, sweating, loss of appetite, mild fever, yellowing of eyes, swelled lymph nodes, malaise, phlegm, chest pain, blood in sputum",cover mouth | consult doctor | medication | rest
Common Cold,"continuous sneezing, chills, fatigue, cough, high fever, headache, swelled lymph nodes, malaise, phlegm, throat irritation, redness of eyes, sinus pressure, runny nose, congestion, chest pain, loss of smell, muscle pain",drink vitamin c rich drinks | take vapour | avoid cold food | keep fever in check
Pneumonia,"chills, fatigue, cough, high fever, breathlessness, sweating, malaise, phlegm, chest pain, fast heart rate, rusty sputum",consult doctor | medication | rest | follow up
Dimorphic hemmorhoids(piles),"constipation, pain during bowel movements, pain in anal region, bloody stool, irritation in anus",avoid fatty spicy food | consume witch hazel | warm bath with epsom salt | consume alovera juice
Heart attack,"vomiting, breathlessness, sweating, chest pain",Consult a doctor | Get adequate rest | Stay hydrated | Follow prescribed treatment
Varicose veins,"fatigue, cramps, bruising, obesity, swollen legs, swollen blood vessels, prominent veins on calf",lie down flat and raise the leg high | use oinments | use vein compression | dont stand still for long
Hypothyroidism,"fatigue, weight gain, cold hands and feets, mood swings, lethargy, dizziness, puffy face and eyes, enlarged thyroid, brittle nails, swollen extremeties, depression, irritability, abnormal menstruation",reduce stress | exercise | eat healthy | get proper sleep
Hyperthyroidism,"fatigue, mood swings, weight loss, restlessness, sweating, diarrhoea, fast heart rate, excessive hunger, muscle weakness, irritability, abnormal menstruation",eat healthy | massage | use lemon balm | take radioactive iodine treatment
Hypoglycemia,"vomiting, fatigue, anxiety, sweating, headache, nausea, blurred and distorted vision, excessive hunger, drying and tingling lips, slurred speech, irritability, palpitations",lie down on side | check in pulse | drink sugary drinks | consult doctor
Osteoarthristis,"joint pain, neck pain, knee pain, hip joint pain, swelling joints, painful walking",acetaminophen | consult nearest hospital | follow up | salt baths
Arthritis,"muscle weakness, stiff neck, swelling joints, movement stiffness, painful walking",exercise | use hot and cold therapy | try acupuncture | massage
(vertigo) Paroymsal  Positional Vertigo,"vomiting, headache, nausea, spinning movements, loss of balance, unsteadiness",lie down | avoid sudden change in body | avoid abrupt head movment | relax
Acne,"skin rash, pus filled pimples, blackheads, scurring",bath twice | avoid fatty spicy food | drink plenty of water | avoid too many products
Urinary tract infection,"burning micturition, bladder discomfort, foul smell of urine, continuous feel of urine",drink plenty of water | increase vitamin c intake | drink cranberry juice | take probiotics
Psoriasis,"skin rash, joint pain, skin peeling, silver like dusting, small dents in nails, inflammatory nails",wash hands with warm soapy water | stop bleeding using pressure | consult doctor | salt baths
Impetigo,"skin rash, high fever, blister, red sore around nose, yellow crust ooze",soak affected area in warm water | use antibiotics | remove scabs with wet compressed cloth | consult doctor
Fungal infection,"itching, skin rash, nodal skin eruptions, dischromic  patches",bath twice | use detol or neem in bathing water | keep infected area dry | use clean cloths
Allergy,"continuous sneezing, shivering, chills, watering from eyes",Consult a doctor | Get adequate rest | Stay hydrated | Follow prescribed treatment
GERD,"stomach pain, acidity, ulcers on tongue, vomiting, cough, chest pain",avoid fatty spicy food | avoid lying down after eating | maintain healthy weight | exercise
Chronic cholestasis,"itching, vomiting, yellowish skin, nausea, loss of appetite, abdominal pain, yellowing of eyes",cold baths | anti itch medicine | consult doctor | eat healthy
Drug Reaction,"itching, skin rash, stomach pain, burning micturition, spotting  urination",Consult a doctor | Get adequate rest | Stay hydrated | Follow prescribed treatment
Peptic ulcer diseae,"vomiting, indigestion, loss of appetite, abdominal pain, passage of gases, internal itching",avoid fatty spicy food | consume probiotic food | eliminate milk | limit alcohol
AIDS,"muscle wasting, patches in throat, high fever, extra marital contacts",avoid open cuts | wear ppe if possible | consult doctor | follow up
Diabetes ,"fatigue, weight loss, restlessness, lethargy, irregular sugar level, blurred and distorted vision, obesity, excessive hunger, increased appetite, polyuria",have balanced diet | exercise | consult doctor | follow up
Gastroenteritis,"vomiting, sunken eyes, dehydration, diarrhoea",stop eating solid food for while | try taking small sips of water | rest | ease back into eating
Bronchial Asthma,"fatigue, cough, high fever, breathlessness, family history, mucoid sputum",switch to loose cloothing | take deep breaths | get away from trigger | seek help
Hypertension ,"headache, chest pain, dizziness, loss of balance, lack of concentration",meditation | salt baths | reduce stress | get proper sleep
Migraine,"acidity, indigestion, headache, blurred and distorted vision, excessive hunger, stiff neck, depression, irritability, visual disturbances",meditation | reduce stress | use poloroid glasses in sun | consult doctor
Cervical spondylosis,"back pain, weakness in limbs, neck pain, dizziness, loss of balance",use heating pad or cold pack | exercise | take otc pain reliver | consult doctor
Paralysis (brain hemorrhage),"vomiting, headache, weakness of one body side, altered sensorium",massage | eat healthy | exercise | consult doctor
Jaundice,"itching, vomiting, fatigue, weight loss, high fever, yellowish skin, dark urine, abdominal pain",drink plenty of water | consume milk thistle | eat fruits and high fiberous food | medication
Malaria,"chills, vomiting, high fever, sweating, headache, nausea, diarrhoea, muscle pain",Consult nearest hospital | avoid oily food | avoid non veg food | keep mosquitos out
Chicken pox,"itching, skin rash, fatigue, lethargy, high fever, headache, loss of appetite, mild fever, swelled lymph nodes, malaise, red spots over body",use neem in bathing | consume neem leaves | take vaccine | avoid public places
Dengue,"skin rash, chills, joint pain, vomiting, fatigue, high fever, headache, nausea, loss of appetite, pain behind the eyes, back pain, malaise, muscle pain, red spots over body",drink papaya leaf juice | avoid fatty spicy food | keep mosquitos away | keep hydrated
Typhoid,"chills, vomiting, fatigue, high fever, headache, nausea, constipation, abdominal pain, diarrhoea, toxic look (typhos), belly pain",eat high calorie vegitables | antiboitic therapy | consult doctor | medication
hepatitis A,"joint pain, vomiting, yellowish skin, dark urine, nausea, loss of appetite, abdominal pain, diarrhoea, mild fever, yellowing of eyes, muscle pain",Consult nearest hospital | wash hands through | avoid fatty spicy food | medication
Hepatitis B,"itching, fatigue, lethargy, yellowish skin, dark urine, loss of appetite, abdominal pain, yellow urine, yellowing of eyes, malaise, receiving blood transfusion, receiving unsterile injections",consult nearest hospital | vaccination | eat healthy | medication
Hepatitis C,"fatigue, yellowish skin, nausea, loss of appetite, yellowing of eyes, family history",Consult nearest hospital | vaccination | eat healthy | medication
Hepatitis D,"joint pain, vomiting, fatigue, yellowish skin, dark urine, nausea, loss of appetite, abdominal pain, yellowing of eyes",consult doctor | medication | eat healthy | follow up
Hepatitis E,"joint pain, vomiting, fatigue, high fever, yellowish skin, dark urine, nausea, loss of appetite, abdominal pain, yellowing of eyes, acute liver failure, coma, stomach bleeding",stop alcohol consumption | rest | consult doctor | medication
Alcoholic hepatitis,"vomiting, yellowish skin, abdominal pain, swelling of stomach, distention of abdomen, history of alcohol consumption, fluid overload",stop alcohol consumption | consult doctor | medication | follow up
Tuberculosis,"chills, vomiting, fatigue, weight loss, cough, high fever, breathlessness, sweating, loss of appetite, mild fever, yellowing of eyes, swelled lymph nodes, malaise, phlegm, chest pain, blood in sputum",cover mouth | consult doctor | medication | rest
Common Cold,"continuous sneezing, chills, fatigue, cough, high fever, headache, swelled lymph nodes, malaise, phlegm, throat irritation, redness of eyes, sinus pressure, runny nose, congestion, chest pain, loss of smell, muscle pain",drink vitamin c rich drinks | take vapour | avoid cold food | keep fever in check
Pneumonia,"chills, fatigue, cough, high fever, breathlessness, sweating, malaise, phlegm, chest pain, fast heart rate, rusty sputum",consult doctor | medication | rest | follow up
Dimorphic hemmorhoids(piles),"constipation, pain during bowel movements, pain in anal region, bloody stool, irritation in anus",avoid fatty spicy food | consume witch hazel | warm bath with epsom salt | consume alovera juice
Heart attack,"vomiting, breathlessness, sweating, chest pain",Consult a doctor | Get adequate rest | Stay hydrated | Follow prescribed treatment
Varicose veins,"fatigue, cramps, bruising, obesity, swollen legs, swollen blood vessels, prominent veins on calf",lie down flat and raise the leg high | use oinments | use vein compression | dont stand still for long
Hypothyroidism,"fatigue, weight gain, cold hands and feets, mood swings, lethargy, dizziness, puffy face and eyes, enlarged thyroid, brittle nails, swollen extremeties, depression, irritability, abnormal menstruation",reduce stress | exercise | eat healthy | get proper sleep
Hyperthyroidism,"fatigue, mood swings, weight loss, restlessness, sweating, diarrhoea, fast heart rate, excessive hunger, muscle weakness, irritability, abnormal menstruation",eat healthy | massage | use lemon balm | take radioactive iodine treatment
Hypoglycemia,"vomiting, fatigue, anxiety, sweating, headache, nausea, blurred and distorted vision, excessive hunger, drying and tingling lips, slurred speech, irritability, palpitations",lie down on side | check in pulse | drink sugary drinks | consult doctor
Osteoarthristis,"joint pain, neck pain, knee pain, hip joint pain, swelling joints, painful walking",acetaminophen | consult nearest hospital | follow up | salt baths
Arthritis,"muscle weakness, stiff neck, swelling joints, movement stiffness, painful walking",exercise | use hot and cold therapy | try acupuncture | massage
(vertigo) Paroymsal  Positional Vertigo,"vomiting, headache, nausea, spinning movements, loss of balance, unsteadiness",lie down | avoid sudden change in body | avoid abrupt head movment | relax
Acne,"skin rash, pus filled pimples, blackheads, scurring",bath twice | avoid fatty spicy food | drink plenty of water | avoid too many products
Urinary tract infection,"burning micturition, bladder discomfort, foul smell of urine, continuous feel of urine",drink plenty of water | increase vitamin c intake | drink cranberry juice | take probiotics
Psoriasis,"skin rash, joint pain, skin peeling, silver like dusting, small dents in nails, inflammatory nails",wash hands with warm soapy water | stop bleeding using pressure | consult doctor | salt baths
Impetigo,"skin rash, high fever, blister, red sore around nose, yellow crust ooze",soak affected area in warm water | use antibiotics | remove scabs with wet compressed cloth | consult doctor
Fungal infection,"itching, skin rash, nodal skin eruptions, dischromic  patches",bath twice | use detol or neem in bathing water | keep infected area dry | use clean cloths
Allergy,"continuous sneezing, shivering, chills, watering from eyes",Consult a doctor | Get adequate rest | Stay hydrated | Follow prescribed treatment
GERD,"stomach pain, acidity, ulcers on tongue, vomiting, cough, chest pain",avoid fatty spicy food | avoid lying down after eating | maintain healthy weight | exercise
Chronic cholestasis,"itching, vomiting, yellowish skin, nausea, loss of appetite, abdominal pain, yellowing of eyes",cold baths | anti itch medicine | consult doctor | eat healthy
Drug Reaction,"itching, skin rash, stomach pain, burning micturition, spotting  urination",Consult a doctor | Get adequate rest | Stay hydrated | Follow prescribed treatment
Peptic ulcer diseae,"vomiting, indigestion, loss of appetite, abdominal pain, passage of gases, internal itching",avoid fatty spicy food | consume probiotic food | eliminate milk | limit alcohol
AIDS,"muscle wasting, patches in throat, high fever, extra marital contacts",avoid open cuts | wear ppe if possible | consult doctor | follow up
Diabetes ,"fatigue, weight loss, restlessness, lethargy, irregular sugar level, blurred and distorted vision, obesity, excessive hunger, increased appetite, polyuria",have balanced diet | exercise | consult doctor | follow up
Gastroenteritis,"vomiting, sunken eyes, dehydration, diarrhoea",stop eating solid food for while | try taking small sips of water | rest | ease back into eating
Bronchial Asthma,"fatigue, cough, high fever, breathlessness, family history, mucoid sputum",switch to loose cloothing | take deep breaths | get away from trigger | seek help
Hypertension ,"headache, chest pain, dizziness, loss of balance, lack of concentration",meditation | salt baths | reduce stress | get proper sleep
Migraine,"acidity, indigestion, headache, blurred and distorted vision, excessive hunger, stiff neck, depression, irritability, visual disturbances",meditation | reduce stress | use poloroid glasses in sun | consult doctor
Cervical spondylosis,"back pain, weakness in limbs, neck pain, dizziness, loss of balance",use heating pad or cold pack | exercise | take otc pain reliver | consult doctor
Paralysis (brain hemorrhage),"vomiting, headache, weakness of one body side, altered sensorium",massage | eat healthy | exercise | consult doctor
Jaundice,"itching, vomiting, fatigue, weight loss, high fever, yellowish skin, dark urine, abdominal pain",drink plenty of water | consume milk thistle | eat fruits and high fiberous food | medication
Malaria,"chills, vomiting, high fever, sweating, headache, nausea, diarrhoea, muscle pain",Consult nearest hospital | avoid oily food | avoid non veg food | keep mosquitos out
Chicken pox,"itching, skin rash, fatigue, lethargy, high fever, headache, loss of appetite, mild fever, swelled lymph nodes, malaise, red spots over body",use neem in bathing | consume neem leaves | take vaccine | avoid public places
Dengue,"skin rash, chills, joint pain, vomiting, fatigue, high fever, headache, nausea, loss of appetite, pain behind the eyes, back pain, malaise, muscle pain, red spots over body",drink papaya leaf juice | avoid fatty spicy food | keep mosquitos away | keep hydrated
Typhoid,"chills, vomiting, fatigue, high fever, headache, nausea, constipation, abdominal pain, diarrhoea, toxic look (typhos), belly pain",eat high calorie vegitables | antiboitic therapy | consult doctor | medication
hepatitis A,"joint pain, vomiting, yellowish skin, dark urine, nausea, loss of appetite, abdominal pain, diarrhoea, mild fever, yellowing of eyes, muscle pain",Consult nearest hospital | wash hands through | avoid fatty spicy food | medication
Hepatitis B,"itching, fatigue, lethargy, yellowish skin, dark urine, loss of appetite, abdominal pain, yellow urine, yellowing of eyes, malaise, receiving blood transfusion, receiving unsterile injections",consult nearest hospital | vaccination | eat healthy | medication
Hepatitis C,"fatigue, yellowish skin, nausea, loss of appetite, yellowing of eyes, family history",Consult nearest hospital | vaccination | eat healthy | medication
Hepatitis D,"joint pain, vomiting, fatigue, yellowish skin, dark urine, nausea, loss of appetite, abdominal pain, yellowing of eyes",consult doctor | medication | eat healthy | follow up
Hepatitis E,"joint pain, vomiting, fatigue, high fever, yellowish skin, dark urine, nausea, loss of appetite, abdominal pain, yellowing of eyes, acute liver failure, coma, stomach bleeding",stop alcohol consumption | rest | consult doctor | medication
Alcoholic hepatitis,"vomiting, yellowish skin, abdominal pain, swelling of stomach, distention of abdomen, history of alcohol consumption, fluid overload",stop alcohol consumption | consult doctor | medication | follow up
Tuberculosis,"chills, vomiting, fatigue, weight loss, cough, high fever, breathlessness, sweating, loss of appetite, mild fever, yellowing of eyes, swelled lymph nodes, malaise, phlegm, chest pain, blood in sputum",cover mouth | consult doctor | medication | rest
Common Cold,"continuous sneezing, chills, fatigue, cough, high fever, headache, swelled lymph nodes, malaise, phlegm, throat irritation, redness of eyes, sinus pressure, runny nose, congestion, chest pain, loss of smell, muscle pain",drink vitamin c rich drinks | take vapour | avoid cold food | keep fever in check
Pneumonia,"chills, fatigue, cough, high fever, breathlessness, sweating, malaise, phlegm, chest pain, fast heart rate, rusty sputum",consult doctor | medication | rest | follow up
Dimorphic hemmorhoids(piles),"constipation, pain during bowel movements, pain in anal region, bloody stool, irritation in anus",avoid fatty spicy food | consume witch hazel | warm bath with epsom salt | consume alovera juice
Heart attack,"vomiting, breathlessness, sweating, chest pain",Consult a doctor | Get adequate rest | Stay hydrated | Follow prescribed treatment
Varicose veins,"fatigue, cramps, bruising, obesity, swollen legs, swollen blood vessels, prominent veins on calf",lie down flat and raise the leg high | use oinments | use vein compression | dont stand still for long
Hypothyroidism,"fatigue, weight gain, cold hands and feets, mood swings, lethargy, dizziness, puffy face and eyes, enlarged thyroid, brittle nails, swollen extremeties, depression, irritability, abnormal menstruation",reduce stress | exercise | eat healthy | get proper sleep
Hyperthyroidism,"fatigue, mood swings, weight loss, restlessness, sweating, diarrhoea, fast heart rate, excessive hunger, muscle weakness, irritability, abnormal menstruation",eat healthy | massage | use lemon balm | take radioactive iodine treatment
Hypoglycemia,"vomiting, fatigue, anxiety, sweating, headache, nausea, blurred and distorted vision, excessive hunger, drying and tingling lips, slurred speech, irritability, palpitations",lie down on side | check in pulse | drink sugary drinks | consult doctor
Osteoarthristis,"joint pain, neck pain, knee pain, hip joint pain, swelling joints, painful walking",acetaminophen | consult nearest hospital | follow up | salt baths
Arthritis,"muscle weakness, stiff neck, swelling joints, movement stiffness, painful walking",exercise | use hot and cold therapy | try acupuncture | massage
(vertigo) Paroymsal  Positional Vertigo,"vomiting, headache, nausea, spinning movements, loss of balance, unsteadiness",lie down | avoid sudden change in body | avoid abrupt head movment | relax
Acne,"skin rash, pus filled pimples, blackheads, scurring",bath twice | avoid fatty spicy food | drink plenty of water | avoid too many products
Urinary tract infection,"burning micturition, bladder discomfort, foul smell of urine, continuous feel of urine",drink plenty of water | increase vitamin c intake | drink cranberry juice | take probiotics
Psoriasis,"skin rash, joint pain, skin peeling, silver like dusting, small dents in nails, inflammatory nails",wash hands with warm soapy water | stop bleeding using pressure | consult doctor | salt baths
Impetigo,"skin rash, high fever, blister, red sore around nose, yellow crust ooze",soak affected area in warm water | use antibiotics | remove scabs with wet compressed cloth | consult doctor
Fungal infection,"itching, skin rash, nodal skin eruptions, dischromic  patches",bath twice | use detol or neem in bathing water | keep infected area dry | use clean cloths
Allergy,"continuous sneezing, shivering, chills, watering from eyes",Consult a doctor | Get adequate rest | Stay hydrated | Follow prescribed treatment
GERD,"stomach pain, acidity, ulcers on tongue, vomiting, cough, chest pain",avoid fatty spicy food | avoid lying down after eating | maintain healthy weight | exercise
Chronic cholestasis,"itching, vomiting, yellowish skin, nausea, loss of appetite, abdominal pain, yellowing of eyes",cold baths | anti itch medicine | consult doctor | eat healthy
Drug Reaction,"itching, skin rash, stomach pain, burning micturition, spotting  urination",Consult a doctor | Get adequate rest | Stay hydrated | Follow prescribed treatment
Peptic ulcer diseae,"vomiting, indigestion, loss of appetite, abdominal pain, passage of gases, internal itching",avoid fatty spicy food | consume probiotic food | eliminate milk | limit alcohol
AIDS,"muscle wasting, patches in throat, high fever, extra marital contacts",avoid open cuts | wear ppe if possible | consult doctor | follow up
Diabetes ,"fatigue, weight loss, restlessness, lethargy, irregular sugar level, blurred and distorted vision, obesity, excessive hunger, increased appetite, polyuria",have balanced diet | exercise | consult doctor | follow up
Gastroenteritis,"vomiting, sunken eyes, dehydration, diarrhoea",stop eating solid food for while | try taking small sips of water | rest | ease back into eating
Bronchial Asthma,"fatigue, cough, high fever, breathlessness, family history, mucoid sputum",switch to loose cloothing | take deep breaths | get away from trigger | seek help
Hypertension ,"headache, chest pain, dizziness, loss of balance, lack of concentration",meditation | salt baths | reduce stress | get proper sleep
Migraine,"acidity, indigestion, headache, blurred and distorted vision, excessive hunger, stiff neck, depression, irritability, visual disturbances",meditation | reduce stress | use poloroid glasses in sun | consult doctor
Cervical spondylosis,"back pain, weakness in limbs, neck pain, dizziness, loss of balance",use heating pad or cold pack | exercise | take otc pain reliver | consult doctor
Paralysis (brain hemorrhage),"vomiting, headache, weakness of one body side, altered sensorium",massage | eat healthy | exercise | consult doctor
Jaundice,"itching, vomiting, fatigue, weight loss, high fever, yellowish skin, dark urine, abdominal pain",drink plenty of water | consume milk thistle | eat fruits and high fiberous food | medication
Malaria,"chills, vomiting, high fever, sweating, headache, nausea, diarrhoea, muscle pain",Consult nearest hospital | avoid oily food | avoid non veg food | keep mosquitos out
Chicken pox,"itching, skin rash, fatigue, lethargy, high fever, headache, loss of appetite, mild fever, swelled lymph nodes, malaise, red spots over body",use neem in bathing | consume neem leaves | take vaccine | avoid public places
Dengue,"skin rash, chills, joint pain, vomiting, fatigue, high fever, headache, nausea, loss of appetite, pain behind the eyes, back pain, malaise, muscle pain, red spots over body",drink papaya leaf juice | avoid fatty spicy food | keep mosquitos away | keep hydrated
Typhoid,"chills, vomiting, fatigue, high fever, headache, nausea, constipation, abdominal pain, diarrhoea, toxic look (typhos), belly pain",eat high calorie vegitables | antiboitic therapy | consult doctor | medication
hepatitis A,"joint pain, vomiting, yellowish skin, dark urine, nausea, loss of appetite, abdominal pain, diarrhoea, mild fever, yellowing of eyes, muscle pain",Consult nearest hospital | wash hands through | avoid fatty spicy food | medication
Hepatitis B,"itching, fatigue, lethargy, yellowish skin, dark urine, loss of appetite, abdominal pain, yellow urine, yellowing of eyes, malaise, receiving blood transfusion, receiving unsterile injections",consult nearest hospital | vaccination | eat healthy | medication
Hepatitis C,"fatigue, yellowish skin, nausea, loss of appetite, yellowing of eyes, family history",Consult nearest hospital | vaccination | eat healthy | medication
Hepatitis D,"joint pain, vomiting, fatigue, yellowish skin, dark urine, nausea, loss of appetite, abdominal pain, yellowing of eyes",consult doctor | medication | eat healthy | follow up
Hepatitis E,"joint pain, vomiting, fatigue, high fever, yellowish skin, dark urine, nausea, loss of appetite, abdominal pain, yellowing of eyes, acute liver failure, coma, stomach bleeding",stop alcohol consumption | rest | consult doctor | medication
Alcoholic hepatitis,"vomiting, yellowish skin, abdominal pain, swelling of stomach, distention of abdomen, history of alcohol consumption, fluid overload",stop alcohol consumption | consult doctor | medication | follow up
Tuberculosis,"chills, vomiting, fatigue, weight loss, cough, high fever, breathlessness, sweating, loss of appetite, mild fever, yellowing of eyes, swelled lymph nodes, malaise, phlegm, chest pain, blood in sputum",cover mouth | consult doctor | medication | rest
Common Cold,"continuous sneezing, chills, fatigue, cough, high fever, headache, swelled lymph nodes, malaise, phlegm, throat irritation, redness of eyes, sinus pressure, runny nose, congestion, chest pain, loss of smell, muscle pain",drink vitamin c rich drinks | take vapour | avoid cold food | keep fever in check
Pneumonia,"chills, fatigue, cough, high fever, breathlessness, sweating, malaise, phlegm, chest pain, fast heart rate, rusty sputum",consult doctor | medication | rest | follow up
Dimorphic hemmorhoids(piles),"constipation, pain during bowel movements, pain in anal region, bloody stool, irritation in anus",avoid fatty spicy food | consume witch hazel | warm bath with epsom salt | consume alovera juice
Heart attack,"vomiting, breathlessness, sweating, chest pain",Consult a doctor | Get adequate rest | Stay hydrated | Follow prescribed treatment
Varicose veins,"fatigue, cramps, bruising, obesity, swollen legs, swollen blood vessels, prominent veins on calf",lie down flat and raise the leg high | use oinments | use vein compression | dont stand still for long
Hypothyroidism,"fatigue, weight gain, cold hands and feets, mood swings, lethargy, dizziness, puffy face and eyes, enlarged thyroid, brittle nails, swollen extremeties, depression, irritability, abnormal menstruation",reduce stress | exercise | eat healthy | get proper sleep
Hyperthyroidism,"fatigue, mood swings, weight loss, restlessness, sweating, diarrhoea, fast heart rate, excessive hunger, muscle weakness, irritability, abnormal menstruation",eat healthy | massage | use lemon balm | take radioactive iodine treatment
Hypoglycemia,"vomiting, fatigue, anxiety, sweating, headache, nausea, blurred and distorted vision, excessive hunger, drying and tingling lips, slurred speech, irritability, palpitations",lie down on side | check in pulse | drink sugary drinks | consult doctor
Osteoarthristis,"joint pain, neck pain, knee pain, hip joint pain, swelling joints, painful walking",acetaminophen | consult nearest hospital | follow up | salt baths
Arthritis,"muscle weakness, stiff neck, swelling joints, movement stiffness, painful walking",exercise | use hot and cold therapy | try acupuncture | massage
(vertigo) Paroymsal  Positional Vertigo,"vomiting, headache, nausea, spinning movements, loss of balance, unsteadiness",lie down | avoid sudden change in body | avoid abrupt head movment | relax
Acne,"skin rash, pus filled pimples, blackheads, scurring",bath twice | avoid fatty spicy food | drink plenty of water | avoid too many products
Urinary tract infection,"burning micturition, bladder discomfort, foul smell of urine, continuous feel of urine",drink plenty of water | increase vitamin c intake | drink cranberry juice | take probiotics
Psoriasis,"skin rash, joint pain, skin peeling, silver like dusting, small dents in nails, inflammatory nails",wash hands with warm soapy water | stop bleeding using pressure | consult doctor | salt baths
Impetigo,"skin rash, high fever, blister, red sore around nose, yellow crust ooze",soak affected area in warm water | use antibiotics | remove scabs with wet compressed cloth | consult doctor
Fungal infection,"itching, skin rash, nodal skin eruptions, dischromic  patches",bath twice | use detol or neem in bathing water | keep infected area dry | use clean cloths
Allergy,"continuous sneezing, shivering, chills, watering from eyes",Consult a doctor | Get adequate rest | Stay hydrated | Follow prescribed treatment
GERD,"stomach pain, acidity, ulcers on tongue, vomiting, cough, chest pain",avoid fatty spicy food | avoid lying down after eating | maintain healthy weight | exercise
Chronic cholestasis,"itching, vomiting, yellowish skin, nausea, loss of appetite, abdominal pain, yellowing of eyes",cold baths | anti itch medicine | consult doctor | eat healthy
Drug Reaction,"itching, skin rash, stomach pain, burning micturition, spotting  urination",Consult a doctor | Get adequate rest | Stay hydrated | Follow prescribed treatment
Peptic ulcer diseae,"vomiting, indigestion, loss of appetite, abdominal pain, passage of gases, internal itching",avoid fatty spicy food | consume probiotic food | eliminate milk | limit alcohol
AIDS,"muscle wasting, patches in throat, high fever, extra marital contacts",avoid open cuts | wear ppe if possible | consult doctor | follow up
Diabetes ,"fatigue, weight loss, restlessness, lethargy, irregular sugar level, blurred and distorted vision, obesity, excessive hunger, increased appetite, polyuria",have balanced diet | exercise | consult doctor | follow up
Gastroenteritis,"vomiting, sunken eyes, dehydration, diarrhoea",stop eating solid food for while | try taking small sips of water | rest | ease back into eating
Bronchial Asthma,"fatigue, cough, high fever, breathlessness, family history, mucoid sputum",switch to loose cloothing | take deep breaths | get away from trigger | seek help
Hypertension ,"headache, chest pain, dizziness, loss of balance, lack of concentration",meditation | salt baths | reduce stress | get proper sleep
Migraine,"acidity, indigestion, headache, blurred and distorted vision, excessive hunger, stiff neck, depression, irritability, visual disturbances",meditation | reduce stress | use poloroid glasses in sun | consult doctor
Cervical spondylosis,"back pain, weakness in limbs, neck pain, dizziness, loss of balance",use heating pad or cold pack | exercise | take otc pain reliver | consult doctor
Paralysis (brain hemorrhage),"vomiting, headache, weakness of one body side, altered sensorium",massage | eat healthy | exercise | consult doctor
Jaundice,"itching, vomiting, fatigue, weight loss, high fever, yellowish skin, dark urine, abdominal pain",drink plenty of water | consume milk thistle | eat fruits and high fiberous food | medication
Malaria,"chills, vomiting, high fever, sweating, headache, nausea, diarrhoea, muscle pain",Consult nearest hospital | avoid oily food | avoid non veg food | keep mosquitos out
Chicken pox,"itching, skin rash, fatigue, lethargy, high fever, headache, loss of appetite, mild fever, swelled lymph nodes, malaise, red spots over body",use neem in bathing | consume neem leaves | take vaccine | avoid public places
Dengue,"skin rash, chills, joint pain, vomiting, fatigue, high fever, headache, nausea, loss of appetite, pain behind the eyes, back pain, malaise, muscle pain, red spots over body",drink papaya leaf juice | avoid fatty spicy food | keep mosquitos away | keep hydrated
Typhoid,"chills, vomiting, fatigue, high fever, headache, nausea, constipation, abdominal pain, diarrhoea, toxic look (typhos), belly pain",eat high calorie vegitables | antiboitic therapy | consult doctor | medication
hepatitis A,"joint pain, vomiting, yellowish skin, dark urine, nausea, loss of appetite, abdominal pain, diarrhoea, mild fever, yellowing of eyes, muscle pain",Consult nearest hospital | wash hands through | avoid fatty spicy food | medication
Hepatitis B,"itching, fatigue, lethargy, yellowish skin, dark urine, loss of appetite, abdominal pain, yellow urine, yellowing of eyes, malaise, receiving blood transfusion, receiving unsterile injections",consult nearest hospital | vaccination | eat healthy | medication
Hepatitis C,"fatigue, yellowish skin, nausea, loss of appetite, yellowing of eyes, family history",Consult nearest hospital | vaccination | eat healthy | medication
Hepatitis D,"joint pain, vomiting, fatigue, yellowish skin, dark urine, nausea, loss of appetite, abdominal pain, yellowing of eyes",consult doctor | medication | eat healthy | follow up
Hepatitis E,"joint pain, vomiting, fatigue, high fever, yellowish skin, dark urine, nausea, loss of appetite, abdominal pain, yellowing of eyes, acute liver failure, coma, stomach bleeding",stop alcohol consumption | rest | consult doctor | medication
Alcoholic hepatitis,"vomiting, yellowish skin, abdominal pain, swelling of stomach, distention of abdomen, history of alcohol consumption, fluid overload",stop alcohol consumption | consult doctor | medication | follow up
Tuberculosis,"chills, vomiting, fatigue, weight loss, cough, high fever, breathlessness, sweating, loss of appetite, mild fever, yellowing of eyes, swelled lymph nodes, malaise, phlegm, chest pain, blood in sputum",cover mouth | consult doctor | medication | rest
Common Cold,"continuous sneezing, chills, fatigue, cough, high fever, headache, swelled lymph nodes, malaise, phlegm, throat irritation, redness of eyes, sinus pressure, runny nose, congestion, chest pain, loss of smell, muscle pain",drink vitamin c rich drinks | take vapour | avoid cold food | keep fever in check
Pneumonia,"chills, fatigue, cough, high fever, breathlessness, sweating, malaise, phlegm, chest pain, fast heart rate, rusty sputum",consult doctor | medication | rest | follow up
Dimorphic hemmorhoids(piles),"constipation, pain during bowel movements, pain in anal region, bloody stool, irritation in anus",avoid fatty spicy food | consume witch hazel | warm bath with epsom salt | consume alovera juice
Heart attack,"vomiting, breathlessness, sweating, chest pain",Consult a doctor | Get adequate rest | Stay hydrated | Follow prescribed treatment
Varicose veins,"fatigue, cramps, bruising, obesity, swollen legs, swollen blood vessels, prominent veins on calf",lie down flat and raise the leg high | use oinments | use vein compression | dont stand still for long
Hypothyroidism,"fatigue, weight gain, cold hands and feets, mood swings, lethargy, dizziness, puffy face and eyes, enlarged thyroid, brittle nails, swollen extremeties, depression, irritability, abnormal menstruation",reduce stress | exercise | eat healthy | get proper sleep
Hyperthyroidism,"fatigue, mood swings, weight loss, restlessness, sweating, diarrhoea, fast heart rate, excessive hunger, muscle weakness, irritability, abnormal menstruation",eat healthy | massage | use lemon balm | take radioactive iodine treatment
Hypoglycemia,"vomiting, fatigue, anxiety, sweating, headache, nausea, blurred and distorted vision, excessive hunger, drying and tingling lips, slurred speech, irritability, palpitations",lie down on side | check in pulse | drink sugary drinks | consult doctor
Osteoarthristis,"joint pain, neck pain, knee pain, hip joint pain, swelling joints, painful walking",acetaminophen | consult nearest hospital | follow up | salt baths
Arthritis,"muscle weakness, stiff neck, swelling joints, movement stiffness, painful walking",exercise | use hot and cold therapy | try acupuncture | massage
(vertigo) Paroymsal  Positional Vertigo,"vomiting, headache, nausea, spinning movements, loss of balance, unsteadiness",lie down | avoid sudden change in body | avoid abrupt head movment | relax
Acne,"skin rash, pus filled pimples, blackheads, scurring",bath twice | avoid fatty spicy food | drink plenty of water | avoid too many products
Urinary tract infection,"burning micturition, bladder discomfort, foul smell of urine, continuous feel of urine",drink plenty of water | increase vitamin c intake | drink cranberry juice | take probiotics
Psoriasis,"skin rash, joint pain, skin peeling, silver like dusting, small dents in nails, inflammatory nails",wash hands with warm soapy water | stop bleeding using pressure | consult doctor | salt baths
Impetigo,"skin rash, high fever, blister, red sore around nose, yellow crust ooze",soak affected area in warm water | use antibiotics | remove scabs with wet compressed cloth | consult doctor
Fungal infection,"itching, skin rash, nodal skin eruptions, dischromic  patches",bath twice | use detol or neem in bathing water | keep infected area dry | use clean cloths
Allergy,"continuous sneezing, shivering, chills, watering from eyes",Consult a doctor | Get adequate rest | Stay hydrated | Follow prescribed treatment
GERD,"stomach pain, acidity, ulcers on tongue, vomiting, cough, chest pain",avoid fatty spicy food | avoid lying down after eating | maintain healthy weight | exercise
Chronic cholestasis,"itching, vomiting, yellowish skin, nausea, loss of appetite, abdominal pain, yellowing of eyes",cold baths | anti itch medicine | consult doctor | eat healthy
Drug Reaction,"itching, skin rash, stomach pain, burning micturition, spotting  urination",Consult a doctor | Get adequate rest | Stay hydrated | Follow prescribed treatment
Peptic ulcer diseae,"vomiting, indigestion, loss of appetite, abdominal pain, passage of gases, internal itching",avoid fatty spicy food | consume probiotic food | eliminate milk | limit alcohol
AIDS,"muscle wasting, patches in throat, high fever, extra marital contacts",avoid open cuts | wear ppe if possible | consult doctor | follow up
Diabetes ,"fatigue, weight loss, restlessness, lethargy, irregular sugar level, blurred and distorted vision, obesity, excessive hunger, increased appetite, polyuria",have balanced diet | exercise | consult doctor | follow up
Gastroenteritis,"vomiting, sunken eyes, dehydration, diarrhoea",stop eating solid food for while | try taking small sips of water | rest | ease back into eating
Bronchial Asthma,"fatigue, cough, high fever, breathlessness, family history, mucoid sputum",switch to loose cloothing | take deep breaths | get away from trigger | seek help
Hypertension ,"headache, chest pain, dizziness, loss of balance, lack of concentration",meditation | salt baths | reduce stress | get proper sleep
Migraine,"acidity, indigestion, headache, blurred and distorted vision, excessive hunger, stiff neck, depression, irritability, visual disturbances",meditation | reduce stress | use poloroid glasses in sun | consult doctor
Cervical spondylosis,"back pain, weakness in limbs, neck pain, dizziness, loss of balance",use heating pad or cold pack | exercise | take otc pain reliver | consult doctor
Paralysis (brain hemorrhage),"vomiting, headache, weakness of one body side, altered sensorium",massage | eat healthy | exercise | consult doctor
Jaundice,"itching, vomiting, fatigue, weight loss, high fever, yellowish skin, dark urine, abdominal pain",drink plenty of water | consume milk thistle | eat fruits and high fiberous food | medication
Malaria,"chills, vomiting, high fever, sweating, headache, nausea, diarrhoea, muscle pain",Consult nearest hospital | avoid oily food | avoid non veg food | keep mosquitos out
Chicken pox,"itching, skin rash, fatigue, lethargy, high fever, headache, loss of appetite, mild fever, swelled lymph nodes, malaise, red spots over body",use neem in bathing | consume neem leaves | take vaccine | avoid public places
Dengue,"skin rash, chills, joint pain, vomiting, fatigue, high fever, headache, nausea, loss of appetite, pain behind the eyes, back pain, malaise, muscle pain, red spots over body",drink papaya leaf juice | avoid fatty spicy food | keep mosquitos away | keep hydrated
Typhoid,"chills, vomiting, fatigue, high fever, headache, nausea, constipation, abdominal pain, diarrhoea, toxic look (typhos), belly pain",eat high calorie vegitables | antiboitic therapy | consult doctor | medication
hepatitis A,"joint pain, vomiting, yellowish skin, dark urine, nausea, loss of appetite, abdominal pain, diarrhoea, mild fever, yellowing of eyes, muscle pain",Consult nearest hospital | wash hands through | avoid fatty spicy food | medication
Hepatitis B,"itching, fatigue, lethargy, yellowish skin, dark urine, loss of appetite, abdominal pain, yellow urine, yellowing of eyes, malaise, receiving blood transfusion, receiving unsterile injections",consult nearest hospital | vaccination | eat healthy | medication
Hepatitis C,"fatigue, yellowish skin, nausea, loss of appetite, yellowing of eyes, family history",Consult nearest hospital | vaccination | eat healthy | medication
Hepatitis D,"joint pain, vomiting, fatigue, yellowish skin, dark urine, nausea, loss of appetite, abdominal pain, yellowing of eyes",consult doctor | medication | eat healthy | follow up
Hepatitis E,"joint pain, vomiting, fatigue, high fever, yellowish skin, dark urine, nausea, loss of appetite, abdominal pain, yellowing of eyes, acute liver failure, coma, stomach bleeding",stop alcohol consumption | rest | consult doctor | medication
Alcoholic hepatitis,"vomiting, yellowish skin, abdominal pain, swelling of stomach, distention of abdomen, history of alcohol consumption, fluid overload",stop alcohol consumption | consult doctor | medication | follow up
Tuberculosis,"chills, vomiting, fatigue, weight loss, cough, high fever, breathlessness, sweating, loss of appetite, mild fever, yellowing of eyes, swelled lymph nodes, malaise, phlegm, chest pain, blood in sputum",cover mouth | consult doctor | medication | rest
Common Cold,"continuous sneezing, chills, fatigue, cough, high fever, headache, swelled lymph nodes, malaise, phlegm, throat irritation, redness of eyes, sinus pressure, runny nose, congestion, chest pain, loss of smell, muscle pain",drink vitamin c rich drinks | take vapour | avoid cold food | keep fever in check
Pneumonia,"chills, fatigue, cough, high fever, breathlessness, sweating, malaise, phlegm, chest pain, fast heart rate, rusty sputum",consult doctor | medication | rest | follow up
Dimorphic hemmorhoids(piles),"constipation, pain during bowel movements, pain in anal region, bloody stool, irritation in anus",avoid fatty spicy food | consume witch hazel | warm bath with epsom salt | consume alovera juice
Heart attack,"vomiting, breathlessness, sweating, chest pain",Consult a doctor | Get adequate rest | Stay hydrated | Follow prescribed treatment
Varicose veins,"fatigue, cramps, bruising, obesity, swollen legs, swollen blood vessels, prominent veins on calf",lie down flat and raise the leg high | use oinments | use vein compression | dont stand still for long
Hypothyroidism,"fatigue, weight gain, cold hands and feets, mood swings, lethargy, dizziness, puffy face and eyes, enlarged thyroid, brittle nails, swollen extremeties, depression, irritability, abnormal menstruation",reduce stress | exercise | eat healthy | get proper sleep
Hyperthyroidism,"fatigue, mood swings, weight loss, restlessness, sweating, diarrhoea, fast heart rate, excessive hunger, muscle weakness, irritability, abnormal menstruation",eat healthy | massage | use lemon balm | take radioactive iodine treatment
Hypoglycemia,"vomiting, fatigue, anxiety, sweating, headache, nausea, blurred and distorted vision, excessive hunger, drying and tingling lips, slurred speech, irritability, palpitations",lie down on side | check in pulse | drink sugary drinks | consult doctor
Osteoarthristis,"joint pain, neck pain, knee pain, hip joint pain, swelling joints, painful walking",acetaminophen | consult nearest hospital | follow up | salt baths
Arthritis,"muscle weakness, stiff neck, swelling joints, movement stiffness, painful walking",exercise | use hot and cold therapy | try acupuncture | massage
(vertigo) Paroymsal  Positional Vertigo,"vomiting, headache, nausea, spinning movements, loss of balance, unsteadiness",lie down | avoid sudden change in body | avoid abrupt head movment | relax
Acne,"skin rash, pus filled pimples, blackheads, scurring",bath twice | avoid fatty spicy food | drink plenty of water | avoid too many products
Urinary tract infection,"burning micturition, bladder discomfort, foul smell of urine, continuous feel of urine",drink plenty of water | increase vitamin c intake | drink cranberry juice | take probiotics
Psoriasis,"skin rash, joint pain, skin peeling, silver like dusting, small dents in nails, inflammatory nails",wash hands with warm soapy water | stop bleeding using pressure | consult doctor | salt baths
Impetigo,"skin rash, high fever, blister, red sore around nose, yellow crust ooze",soak affected area in warm water | use antibiotics | remove scabs with wet compressed cloth | consult doctor
Fungal infection,"itching, skin rash, nodal skin eruptions, dischromic  patches",bath twice | use detol or neem in bathing water | keep infected area dry | use clean cloths
Allergy,"continuous sneezing, shivering, chills, watering from eyes",Consult a doctor | Get adequate rest | Stay hydrated | Follow prescribed treatment
GERD,"stomach pain, acidity, ulcers on tongue, vomiting, cough, chest pain",avoid fatty spicy food | avoid lying down after eating | maintain healthy weight | exercise
Chronic cholestasis,"itching, vomiting, yellowish skin, nausea, loss of appetite, abdominal pain, yellowing of eyes",cold baths | anti itch medicine | consult doctor | eat healthy
Drug Reaction,"itching, skin rash, stomach pain, burning micturition, spotting  urination",Consult a doctor | Get adequate rest | Stay hydrated | Follow prescribed treatment
Peptic ulcer diseae,"vomiting, indigestion, loss of appetite, abdominal pain, passage of gases, internal itching",avoid fatty spicy food | consume probiotic food | eliminate milk | limit alcohol
AIDS,"muscle wasting, patches in throat, high fever, extra marital contacts",avoid open cuts | wear ppe if possible | consult doctor | follow up
Diabetes ,"fatigue, weight loss, restlessness, lethargy, irregular sugar level, blurred and distorted vision, obesity, excessive hunger, increased appetite, polyuria",have balanced diet | exercise | consult doctor | follow up
Gastroenteritis,"vomiting, sunken eyes, dehydration, diarrhoea",stop eating solid food for while | try taking small sips of water | rest | ease back into eating
Bronchial Asthma,"fatigue, cough, high fever, breathlessness, family history, mucoid sputum",switch to loose cloothing | take deep breaths | get away from trigger | seek help
Hypertension ,"headache, chest pain, dizziness, loss of balance, lack of concentration",meditation | salt baths | reduce stress | get proper sleep
Migraine,"acidity, indigestion, headache, blurred and distorted vision, excessive hunger, stiff neck, depression, irritability, visual disturbances",meditation | reduce stress | use poloroid glasses in sun | consult doctor
Cervical spondylosis,"back pain, weakness in limbs, neck pain, dizziness, loss of balance",use heating pad or cold pack | exercise | take otc pain reliver | consult doctor
Paralysis (brain hemorrhage),"vomiting, headache, weakness of one body side, altered sensorium",massage | eat healthy | exercise | consult doctor
Jaundice,"itching, vomiting, fatigue, weight loss, high fever, yellowish skin, dark urine, abdominal pain",drink plenty of water | consume milk thistle | eat fruits and high fiberous food | medication
Malaria,"chills, vomiting, high fever, sweating, headache, nausea, diarrhoea, muscle pain",Consult nearest hospital | avoid oily food | avoid non veg food | keep mosquitos out
Chicken pox,"itching, skin rash, fatigue, lethargy, high fever, headache, loss of appetite, mild fever, swelled lymph nodes, malaise, red spots over body",use neem in bathing | consume neem leaves | take vaccine | avoid public places
Dengue,"skin rash, chills, joint pain, vomiting, fatigue, high fever, headache, nausea, loss of appetite, pain behind the eyes, back pain, malaise, muscle pain, red spots over body",drink papaya leaf juice | avoid fatty spicy food | keep mosquitos away | keep hydrated
Typhoid,"chills, vomiting, fatigue, high fever, headache, nausea, constipation, abdominal pain, diarrhoea, toxic look (typhos), belly pain",eat high calorie vegitables | antiboitic therapy | consult doctor | medication
hepatitis A,"joint pain, vomiting, yellowish skin, dark urine, nausea, loss of appetite, abdominal pain, diarrhoea, mild fever, yellowing of eyes, muscle pain",Consult nearest hospital | wash hands through | avoid fatty spicy food | medication
Hepatitis B,"itching, fatigue, lethargy, yellowish skin, dark urine, loss of appetite, abdominal pain, yellow urine, yellowing of eyes, malaise, receiving blood transfusion, receiving unsterile injections",consult nearest hospital | vaccination | eat healthy | medication
Hepatitis C,"fatigue, yellowish skin, nausea, loss of appetite, yellowing of eyes, family history",Consult nearest hospital | vaccination | eat healthy | medication
Hepatitis D,"joint pain, vomiting, fatigue, yellowish skin, dark urine, nausea, loss of appetite, abdominal pain, yellowing of eyes",consult doctor | medication | eat healthy | follow up
Hepatitis E,"joint pain, vomiting, fatigue, high fever, yellowish skin, dark urine, nausea, loss of appetite, abdominal pain, yellowing of eyes, acute liver failure, coma, stomach bleeding",stop alcohol consumption | rest | consult doctor | medication
Alcoholic hepatitis,"vomiting, yellowish skin, abdominal pain, swelling of stomach, distention of abdomen, history of alcohol consumption, fluid overload",stop alcohol consumption | consult doctor | medication | follow up
Tuberculosis,"chills, vomiting, fatigue, weight loss, cough, high fever, breathlessness, sweating, loss of appetite, mild fever, yellowing of eyes, swelled lymph nodes, malaise, phlegm, chest pain, blood in sputum",cover mouth | consult doctor | medication | rest
Common Cold,"continuous sneezing, chills, fatigue, cough, high fever, headache, swelled lymph nodes, malaise, phlegm, throat irritation, redness of eyes, sinus pressure, runny nose, congestion, chest pain, loss of smell, muscle pain",drink vitamin c rich drinks | take vapour | avoid cold food | keep fever in check
Pneumonia,"chills, fatigue, cough, high fever, breathlessness, sweating, malaise, phlegm, chest pain, fast heart rate, rusty sputum",consult doctor | medication | rest | follow up
Dimorphic hemmorhoids(piles),"constipation, pain during bowel movements, pain in anal region, bloody stool, irritation in anus",avoid fatty spicy food | consume witch hazel | warm bath with epsom salt | consume alovera juice
Heart attack,"vomiting, breathlessness, sweating, chest pain",Consult a doctor | Get adequate rest | Stay hydrated | Follow prescribed treatment
Varicose veins,"fatigue, cramps, bruising, obesity, swollen legs, swollen blood vessels, prominent veins on calf",lie down flat and raise the leg high | use oinments | use vein compression | dont stand still for long
Hypothyroidism,"fatigue, weight gain, cold hands and feets, mood swings, lethargy, dizziness, puffy face and eyes, enlarged thyroid, brittle nails, swollen extremeties, depression, irritability, abnormal menstruation",reduce stress | exercise | eat healthy | get proper sleep
Hyperthyroidism,"fatigue, mood swings, weight loss, restlessness, sweating, diarrhoea, fast heart rate, excessive hunger, muscle weakness, irritability, abnormal menstruation",eat healthy | massage | use lemon balm | take radioactive iodine treatment
Hypoglycemia,"vomiting, fatigue, anxiety, sweating, headache, nausea, blurred and distorted vision, excessive hunger, drying and tingling lips, slurred speech, irritability, palpitations",lie down on side | check in pulse | drink sugary drinks | consult doctor
Osteoarthristis,"joint pain, neck pain, knee pain, hip joint pain, swelling joints, painful walking",acetaminophen | consult nearest hospital | follow up | salt baths
Arthritis,"muscle weakness, stiff neck, swelling joints, movement stiffness, painful walking",exercise | use hot and cold therapy | try acupuncture | massage
(vertigo) Paroymsal  Positional Vertigo,"vomiting, headache, nausea, spinning movements, loss of balance, unsteadiness",lie down | avoid sudden change in body | avoid abrupt head movment | relax
Acne,"skin rash, pus filled pimples, blackheads, scurring",bath twice | avoid fatty spicy food | drink plenty of water | avoid too many products
Urinary tract infection,"burning micturition, bladder discomfort, foul smell of urine, continuous feel of urine",drink plenty of water | increase vitamin c intake | drink cranberry juice | take probiotics
Psoriasis,"skin rash, joint pain, skin peeling, silver like dusting, small dents in nails, inflammatory nails",wash hands with warm soapy water | stop bleeding using pressure | consult doctor | salt baths
Impetigo,"skin rash, high fever, blister, red sore around nose, yellow crust ooze",soak affected area in warm water | use antibiotics | remove scabs with wet compressed cloth | consult doctor
Fungal infection,"itching, skin rash, nodal skin eruptions, dischromic  patches",bath twice | use detol or neem in bathing water | keep infected area dry | use clean cloths
Allergy,"continuous sneezing, shivering, chills, watering from eyes",Consult a doctor | Get adequate rest | Stay hydrated | Follow prescribed treatment
GERD,"stomach pain, acidity, ulcers on tongue, vomiting, cough, chest pain",avoid fatty spicy food | avoid lying down after eating | maintain healthy weight | exercise
Chronic cholestasis,"itching, vomiting, yellowish skin, nausea, loss of appetite, abdominal pain, yellowing of eyes",cold baths | anti itch medicine | consult doctor | eat healthy
Drug Reaction,"itching, skin rash, stomach pain, burning micturition, spotting  urination",Consult a doctor | Get adequate rest | Stay hydrated | Follow prescribed treatment
Peptic ulcer diseae,"vomiting, indigestion, loss of appetite, abdominal pain, passage of gases, internal itching",avoid fatty spicy food | consume probiotic food | eliminate milk | limit alcohol
AIDS,"muscle wasting, patches in throat, high fever, extra marital contacts",avoid open cuts | wear ppe if possible | consult doctor | follow up
Diabetes ,"fatigue, weight loss, restlessness, lethargy, irregular sugar level, blurred and distorted vision, obesity, excessive hunger, increased appetite, polyuria",have balanced diet | exercise | consult doctor | follow up
Gastroenteritis,"vomiting, sunken eyes, dehydration, diarrhoea",stop eating solid food for while | try taking small sips of water | rest | ease back into eating
Bronchial Asthma,"fatigue, cough, high fever, breathlessness, family history, mucoid sputum",switch to loose cloothing | take deep breaths | get away from trigger | seek help
Hypertension ,"headache, chest pain, dizziness, loss of balance, lack of concentration",meditation | salt baths | reduce stress | get proper sleep
Migraine,"acidity, indigestion, headache, blurred and distorted vision, excessive hunger, stiff neck, depression, irritability, visual disturbances",meditation | reduce stress | use poloroid glasses in sun | consult doctor
Cervical spondylosis,"back pain, weakness in limbs, neck pain, dizziness, loss of balance",use heating pad or cold pack | exercise | take otc pain reliver | consult doctor
Paralysis (brain hemorrhage),"vomiting, headache, weakness of one body side, altered sensorium",massage | eat healthy | exercise | consult doctor
Jaundice,"itching, vomiting, fatigue, weight loss, high fever, yellowish skin, dark urine, abdominal pain",drink plenty of water | consume milk thistle | eat fruits and high fiberous food | medication
Malaria,"chills, vomiting, high fever, sweating, headache, nausea, diarrhoea, muscle pain",Consult nearest hospital | avoid oily food | avoid non veg food | keep mosquitos out
Chicken pox,"itching, skin rash, fatigue, lethargy, high fever, headache, loss of appetite, mild fever, swelled lymph nodes, malaise, red spots over body",use neem in bathing | consume neem leaves | take vaccine | avoid public places
Dengue,"skin rash, chills, joint pain, vomiting, fatigue, high fever, headache, nausea, loss of appetite, pain behind the eyes, back pain, malaise, muscle pain, red spots over body",drink papaya leaf juice | avoid fatty spicy food | keep mosquitos away | keep hydrated
Typhoid,"chills, vomiting, fatigue, high fever, headache, nausea, constipation, abdominal pain, diarrhoea, toxic look (typhos), belly pain",eat high calorie vegitables | antiboitic therapy | consult doctor | medication
hepatitis A,"joint pain, vomiting, yellowish skin, dark urine, nausea, loss of appetite, abdominal pain, diarrhoea, mild fever, yellowing of eyes, muscle pain",Consult nearest hospital | wash hands through | avoid fatty spicy food | medication
Hepatitis B,"itching, fatigue, lethargy, yellowish skin, dark urine, loss of appetite, abdominal pain, yellow urine, yellowing of eyes, malaise, receiving blood transfusion, receiving unsterile injections",consult nearest hospital | vaccination | eat healthy | medication
Hepatitis C,"fatigue, yellowish skin, nausea, loss of appetite, yellowing of eyes, family history",Consult nearest hospital | vaccination | eat healthy | medication
Hepatitis D,"joint pain, vomiting, fatigue, yellowish skin, dark urine, nausea, loss of appetite, abdominal pain, yellowing of eyes",consult doctor | medication | eat healthy | follow up
Hepatitis E,"joint pain, vomiting, fatigue, high fever, yellowish skin, dark urine, nausea, loss of appetite, abdominal pain, yellowing of eyes, acute liver failure, coma, stomach bleeding",stop alcohol consumption | rest | consult doctor | medication
Alcoholic hepatitis,"vomiting, yellowish skin, abdominal pain, swelling of stomach, distention of abdomen, history of alcohol consumption, fluid overload",stop alcohol consumption | consult doctor | medication | follow up
Tuberculosis,"chills, vomiting, fatigue, weight loss, cough, high fever, breathlessness, sweating, loss of appetite, mild fever, yellowing of eyes, swelled lymph nodes, malaise, phlegm, chest pain, blood in sputum",cover mouth | consult doctor | medication | rest
Common Cold,"continuous sneezing, chills, fatigue, cough, high fever, headache, swelled lymph nodes, malaise, phlegm, throat irritation, redness of eyes, sinus pressure, runny nose, congestion, chest pain, loss of smell, muscle pain",drink vitamin c rich drinks | take vapour | avoid cold food | keep fever in check
Pneumonia,"chills, fatigue, cough, high fever, breathlessness, sweating, malaise, phlegm, chest pain, fast heart rate, rusty sputum",consult doctor | medication | rest | follow up
Dimorphic hemmorhoids(piles),"constipation, pain during bowel movements, pain in anal region, bloody stool, irritation in anus",avoid fatty spicy food | consume witch hazel | warm bath with epsom salt | consume alovera juice
Heart attack,"vomiting, breathlessness, sweating, chest pain",Consult a doctor | Get adequate rest | Stay hydrated | Follow prescribed treatment
Varicose veins,"fatigue, cramps, bruising, obesity, swollen legs, swollen blood vessels, prominent veins on calf",lie down flat and raise the leg high | use oinments | use vein compression | dont stand still for long
Hypothyroidism,"fatigue, weight gain, cold hands and feets, mood swings, lethargy, dizziness, puffy face and eyes, enlarged thyroid, brittle nails, swollen extremeties, depression, irritability, abnormal menstruation",reduce stress | exercise | eat healthy | get proper sleep
Hyperthyroidism,"fatigue, mood swings, weight loss, restlessness, sweating, diarrhoea, fast heart rate, excessive hunger, muscle weakness, irritability, abnormal menstruation",eat healthy | massage | use lemon balm | take radioactive iodine treatment
Hypoglycemia,"vomiting, fatigue, anxiety, sweating, headache, nausea, blurred and distorted vision, excessive hunger, drying and tingling lips, slurred speech, irritability, palpitations",lie down on side | check in pulse | drink sugary drinks | consult doctor
Osteoarthristis,"joint pain, neck pain, knee pain, hip joint pain, swelling joints, painful walking",acetaminophen | consult nearest hospital | follow up | salt baths
Arthritis,"muscle weakness, stiff neck, swelling joints, movement stiffness, painful walking",exercise | use hot and cold therapy | try acupuncture | massage
(vertigo) Paroymsal  Positional Vertigo,"vomiting, headache, nausea, spinning movements, loss of balance, unsteadiness",lie down | avoid sudden change in body | avoid abrupt head movment | relax
Acne,"skin rash, pus filled pimples, blackheads, scurring",bath twice | avoid fatty spicy food | drink plenty of water | avoid too many products
Urinary tract infection,"burning micturition, bladder discomfort, foul smell of urine, continuous feel of urine",drink plenty of water | increase vitamin c intake | drink cranberry juice | take probiotics
Psoriasis,"skin rash, joint pain, skin peeling, silver like dusting, small dents in nails, inflammatory nails",wash hands with warm soapy water | stop bleeding using pressure | consult doctor | salt baths
Impetigo,"skin rash, high fever, blister, red sore around nose, yellow crust ooze",soak affected area in warm water | use antibiotics | remove scabs with wet compressed cloth | consult doctor
Fungal infection,"itching, skin rash, nodal skin eruptions, dischromic  patches",bath twice | use detol or neem in bathing water | keep infected area dry | use clean cloths
Allergy,"continuous sneezing, shivering, chills, watering from eyes",Consult a doctor | Get adequate rest | Stay hydrated | Follow prescribed treatment
GERD,"stomach pain, acidity, ulcers on tongue, vomiting, cough, chest pain",avoid fatty spicy food | avoid lying down after eating | maintain healthy weight | exercise
Chronic cholestasis,"itching, vomiting, yellowish skin, nausea, loss of appetite, abdominal pain, yellowing of eyes",cold baths | anti itch medicine | consult doctor | eat healthy
Drug Reaction,"itching, skin rash, stomach pain, burning micturition, spotting  urination",Consult a doctor | Get adequate rest | Stay hydrated | Follow prescribed treatment
Peptic ulcer diseae,"vomiting, indigestion, loss of appetite, abdominal pain, passage of gases, internal itching",avoid fatty spicy food | consume probiotic food | eliminate milk | limit alcohol
AIDS,"muscle wasting, patches in throat, high fever, extra marital contacts",avoid open cuts | wear ppe if possible | consult doctor | follow up
Diabetes ,"fatigue, weight loss, restlessness, lethargy, irregular sugar level, blurred and distorted vision, obesity, excessive hunger, increased appetite, polyuria",have balanced diet | exercise | consult doctor | follow up
Gastroenteritis,"vomiting, sunken eyes, dehydration, diarrhoea",stop eating solid food for while | try taking small sips of water | rest | ease back into eating
Bronchial Asthma,"fatigue, cough, high fever, breathlessness, family history, mucoid sputum",switch to loose cloothing | take deep breaths | get away from trigger | seek help
Hypertension ,"headache, chest pain, dizziness, loss of balance, lack of concentration",meditation | salt baths | reduce stress | get proper sleep
Migraine,"acidity, indigestion, headache, blurred and distorted vision, excessive hunger, stiff neck, depression, irritability, visual disturbances",meditation | reduce stress | use poloroid glasses in sun | consult doctor
Cervical spondylosis,"back pain, weakness in limbs, neck pain, dizziness, loss of balance",use heating pad or cold pack | exercise | take otc pain reliver | consult doctor
Paralysis (brain hemorrhage),"vomiting, headache, weakness of one body side, altered sensorium",massage | eat healthy | exercise | consult doctor
Jaundice,"itching, vomiting, fatigue, weight loss, high fever, yellowish skin, dark urine, abdominal pain",drink plenty of water | consume milk thistle | eat fruits and high fiberous food | medication
Malaria,"chills, vomiting, high fever, sweating, headache, nausea, diarrhoea, muscle pain",Consult nearest hospital | avoid oily food | avoid non veg food | keep mosquitos out
Chicken pox,"itching, skin rash, fatigue, lethargy, high fever, headache, loss of appetite, mild fever, swelled lymph nodes, malaise, red spots over body",use neem in bathing | consume neem leaves | take vaccine | avoid public places
Dengue,"skin rash, chills, joint pain, vomiting, fatigue, high fever, headache, nausea, loss of appetite, pain behind the eyes, back pain, malaise, muscle pain, red spots over body",drink papaya leaf juice | avoid fatty spicy food | keep mosquitos away | keep hydrated
Typhoid,"chills, vomiting, fatigue, high fever, headache, nausea, constipation, abdominal pain, diarrhoea, toxic look (typhos), belly pain",eat high calorie vegitables | antiboitic therapy | consult doctor | medication
hepatitis A,"joint pain, vomiting, yellowish skin, dark urine, nausea, loss of appetite, abdominal pain, diarrhoea, mild fever, yellowing of eyes, muscle pain",Consult nearest hospital | wash hands through | avoid fatty spicy food | medication
Hepatitis B,"itching, fatigue, lethargy, yellowish skin, dark urine, loss of appetite, abdominal pain, yellow urine, yellowing of eyes, malaise, receiving blood transfusion, receiving unsterile injections",consult nearest hospital | vaccination | eat healthy | medication
Hepatitis C,"fatigue, yellowish skin, nausea, loss of appetite, yellowing of eyes, family history",Consult nearest hospital | vaccination | eat healthy | medication
Hepatitis D,"joint pain, vomiting, fatigue, yellowish skin, dark urine, nausea, loss of appetite, abdominal pain, yellowing of eyes",consult doctor | medication | eat healthy | follow up
Hepatitis E,"joint pain, vomiting, fatigue, high fever, yellowish skin, dark urine, nausea, loss of appetite, abdominal pain, yellowing of eyes, acute liver failure, coma, stomach bleeding",stop alcohol consumption | rest | consult doctor | medication
Alcoholic hepatitis,"vomiting, yellowish skin, abdominal pain, swelling of stomach, distention of abdomen, history of alcohol consumption, fluid overload",stop alcohol consumption | consult doctor | medication | follow up
Tuberculosis,"chills, vomiting, fatigue, weight loss, cough, high fever, breathlessness, sweating, loss of appetite, mild fever, yellowing of eyes, swelled lymph nodes, malaise, phlegm, chest pain, blood in sputum",cover mouth | consult doctor | medication | rest
Common Cold,"continuous sneezing, chills, fatigue, cough, high fever, headache, swelled lymph nodes, malaise, phlegm, throat irritation, redness of eyes, sinus pressure, runny nose, congestion, chest pain, loss of smell, muscle pain",drink vitamin c rich drinks | take vapour | avoid cold food | keep fever in check
Pneumonia,"chills, fatigue, cough, high fever, breathlessness, sweating, malaise, phlegm, chest pain, fast heart rate, rusty sputum",consult doctor | medication | rest | follow up
Dimorphic hemmorhoids(piles),"constipation, pain during bowel movements, pain in anal region, bloody stool, irritation in anus",avoid fatty spicy food | consume witch hazel | warm bath with epsom salt | consume alovera juice
Heart attack,"vomiting, breathlessness, sweating, chest pain",Consult a doctor | Get adequate rest | Stay hydrated | Follow prescribed treatment
Varicose veins,"fatigue, cramps, bruising, obesity, swollen legs, swollen blood vessels, prominent veins on calf",lie down flat and raise the leg high | use oinments | use vein compression | dont stand still for long
Hypothyroidism,"fatigue, weight gain, cold hands and feets, mood swings, lethargy, dizziness, puffy face and eyes, enlarged thyroid, brittle nails, swollen extremeties, depression, irritability, abnormal menstruation",reduce stress | exercise | eat healthy | get proper sleep
Hyperthyroidism,"fatigue, mood swings, weight loss, restlessness, sweating, diarrhoea, fast heart rate, excessive hunger, muscle weakness, irritability, abnormal menstruation",eat healthy | massage | use lemon balm | take radioactive iodine treatment
Hypoglycemia,"vomiting, fatigue, anxiety, sweating, headache, nausea, blurred and distorted vision, excessive hunger, drying and tingling lips, slurred speech, irritability, palpitations",lie down on side | check in pulse | drink sugary drinks | consult doctor
Osteoarthristis,"joint pain, neck pain, knee pain, hip joint pain, swelling joints, painful walking",acetaminophen | consult nearest hospital | follow up | salt baths
Arthritis,"muscle weakness, stiff neck, swelling joints, movement stiffness, painful walking",exercise | use hot and cold therapy | try acupuncture | massage
(vertigo) Paroymsal  Positional Vertigo,"vomiting, headache, nausea, spinning movements, loss of balance, unsteadiness",lie down | avoid sudden change in body | avoid abrupt head movment | relax
Acne,"skin rash, pus filled pimples, blackheads, scurring",bath twice | avoid fatty spicy food | drink plenty of water | avoid too many products
Urinary tract infection,"burning micturition, bladder discomfort, foul smell of urine, continuous feel of urine",drink plenty of water | increase vitamin c intake | drink cranberry juice | take probiotics
Psoriasis,"skin rash, joint pain, skin peeling, silver like dusting, small dents in nails, inflammatory nails",wash hands with warm soapy water | stop bleeding using pressure | consult doctor | salt baths
Impetigo,"skin rash, high fever, blister, red sore around nose, yellow crust ooze",soak affected area in warm water | use antibiotics | remove scabs with wet compressed cloth | consult doctor
Fungal infection,"itching, skin rash, nodal skin eruptions, dischromic  patches",bath twice | use detol or neem in bathing water | keep infected area dry | use clean cloths
Allergy,"continuous sneezing, shivering, chills, watering from eyes",Consult a doctor | Get adequate rest | Stay hydrated | Follow prescribed treatment
GERD,"stomach pain, acidity, ulcers on tongue, vomiting, cough, chest pain",avoid fatty spicy food | avoid lying down after eating | maintain healthy weight | exercise
Chronic cholestasis,"itching, vomiting, yellowish skin, nausea, loss of appetite, abdominal pain, yellowing of eyes",cold baths | anti itch medicine | consult doctor | eat healthy
Drug Reaction,"itching, skin rash, stomach pain, burning micturition, spotting  urination",Consult a doctor | Get adequate rest | Stay hydrated | Follow prescribed treatment
Peptic ulcer diseae,"vomiting, indigestion, loss of appetite, abdominal pain, passage of gases, internal itching",avoid fatty spicy food | consume probiotic food | eliminate milk | limit alcohol
AIDS,"muscle wasting, patches in throat, high fever, extra marital contacts",avoid open cuts | wear ppe if possible | consult doctor | follow up
Diabetes ,"fatigue, weight loss, restlessness, lethargy, irregular sugar level, blurred and distorted vision, obesity, excessive hunger, increased appetite, polyuria",have balanced diet | exercise | consult doctor | follow up
Gastroenteritis,"vomiting, sunken eyes, dehydration, diarrhoea",stop eating solid food for while | try taking small sips of water | rest | ease back into eating
Bronchial Asthma,"fatigue, cough, high fever, breathlessness, family history, mucoid sputum",switch to loose cloothing | take deep breaths | get away from trigger | seek help
Hypertension ,"headache, chest pain, dizziness, loss of balance, lack of concentration",meditation | salt baths | reduce stress | get proper sleep
Migraine,"acidity, indigestion, headache, blurred and distorted vision, excessive hunger, stiff neck, depression, irritability, visual disturbances",meditation | reduce stress | use poloroid glasses in sun | consult doctor
Cervical spondylosis,"back pain, weakness in limbs, neck pain, dizziness, loss of balance",use heating pad or cold pack | exercise | take otc pain reliver | consult doctor
Paralysis (brain hemorrhage),"vomiting, headache, weakness of one body side, altered sensorium",massage | eat healthy | exercise | consult doctor
Jaundice,"itching, vomiting, fatigue, weight loss, high fever, yellowish skin, dark urine, abdominal pain",drink plenty of water | consume milk thistle | eat fruits and high fiberous food | medication
Malaria,"chills, vomiting, high fever, sweating, headache, nausea, diarrhoea, muscle pain",Consult nearest hospital | avoid oily food | avoid non veg food | keep mosquitos out
Chicken pox,"itching, skin rash, fatigue, lethargy, high fever, headache, loss of appetite, mild fever, swelled lymph nodes, malaise, red spots over body",use neem in bathing | consume neem leaves | take vaccine | avoid public places
Dengue,"skin rash, chills, joint pain, vomiting, fatigue, high fever, headache, nausea, loss of appetite, pain behind the eyes, back pain, malaise, muscle pain, red spots over body",drink papaya leaf juice | avoid fatty spicy food | keep mosquitos away | keep hydrated
Typhoid,"chills, vomiting, fatigue, high fever, headache, nausea, constipation, abdominal pain, diarrhoea, toxic look (typhos), belly pain",eat high calorie vegitables | antiboitic therapy | consult doctor | medication
hepatitis A,"joint pain, vomiting, yellowish skin, dark urine, nausea, loss of appetite, abdominal pain, diarrhoea, mild fever, yellowing of eyes, muscle pain",Consult nearest hospital | wash hands through | avoid fatty spicy food | medication
Hepatitis B,"itching, fatigue, lethargy, yellowish skin, dark urine, loss of appetite, abdominal pain, yellow urine, yellowing of eyes, malaise, receiving blood transfusion, receiving unsterile injections",consult nearest hospital | vaccination | eat healthy | medication
Hepatitis C,"fatigue, yellowish skin, nausea, loss of appetite, yellowing of eyes, family history",Consult nearest hospital | vaccination | eat healthy | medication
Hepatitis D,"joint pain, vomiting, fatigue, yellowish skin, dark urine, nausea, loss of appetite, abdominal pain, yellowing of eyes",consult doctor | medication | eat healthy | follow up
Hepatitis E,"joint pain, vomiting, fatigue, high fever, yellowish skin, dark urine, nausea, loss of appetite, abdominal pain, yellowing of eyes, acute liver failure, coma, stomach bleeding",stop alcohol consumption | rest | consult doctor | medication
Alcoholic hepatitis,"vomiting, yellowish skin, abdominal pain, swelling of stomach, distention of abdomen, history of alcohol consumption, fluid overload",stop alcohol consumption | consult doctor | medication | follow up
Tuberculosis,"chills, vomiting, fatigue, weight loss, cough, high fever, breathlessness, sweating, loss of appetite, mild fever, yellowing of eyes, swelled lymph nodes, malaise, phlegm, chest pain, blood in sputum",cover mouth | consult doctor | medication | rest
Common Cold,"continuous sneezing, chills, fatigue, cough, high fever, headache, swelled lymph nodes, malaise, phlegm, throat irritation, redness of eyes, sinus pressure, runny nose, congestion, chest pain, loss of smell, muscle pain",drink vitamin c rich drinks | take vapour | avoid cold food | keep fever in check
Pneumonia,"chills, fatigue, cough, high fever, breathlessness, sweating, malaise, phlegm, chest pain, fast heart rate, rusty sputum",consult doctor | medication | rest | follow up
Dimorphic hemmorhoids(piles),"constipation, pain during bowel movements, pain in anal region, bloody stool, irritation in anus",avoid fatty spicy food | consume witch hazel | warm bath with epsom salt | consume alovera juice
Heart attack,"vomiting, breathlessness, sweating, chest pain",Consult a doctor | Get adequate rest | Stay hydrated | Follow prescribed treatment
Varicose veins,"fatigue, cramps, bruising, obesity, swollen legs, swollen blood vessels, prominent veins on calf",lie down flat and raise the leg high | use oinments | use vein compression | dont stand still for long
Hypothyroidism,"fatigue, weight gain, cold hands and feets, mood swings, lethargy, dizziness, puffy face and eyes, enlarged thyroid, brittle nails, swollen extremeties, depression, irritability, abnormal menstruation",reduce stress | exercise | eat healthy | get proper sleep
Hyperthyroidism,"fatigue, mood swings, weight loss, restlessness, sweating, diarrhoea, fast heart rate, excessive hunger, muscle weakness, irritability, abnormal menstruation",eat healthy | massage | use lemon balm | take radioactive iodine treatment
Hypoglycemia,"vomiting, fatigue, anxiety, sweating, headache, nausea, blurred and distorted vision, excessive hunger, drying and tingling lips, slurred speech, irritability, palpitations",lie down on side | check in pulse | drink sugary drinks | consult doctor
Osteoarthristis,"joint pain, neck pain, knee pain, hip joint pain, swelling joints, painful walking",acetaminophen | consult nearest hospital | follow up | salt baths
Arthritis,"muscle weakness, stiff neck, swelling joints, movement stiffness, painful walking",exercise | use hot and cold therapy | try acupuncture | massage
(vertigo) Paroymsal  Positional Vertigo,"vomiting, headache, nausea, spinning movements, loss of balance, unsteadiness",lie down | avoid sudden change in body | avoid abrupt head movment | relax
Acne,"skin rash, pus filled pimples, blackheads, scurring",bath twice | avoid fatty spicy food | drink plenty of water | avoid too many products
Urinary tract infection,"burning micturition, bladder discomfort, foul smell of urine, continuous feel of urine",drink plenty of water | increase vitamin c intake | drink cranberry juice | take probiotics
Psoriasis,"skin rash, joint pain, skin peeling, silver like dusting, small dents in nails, inflammatory nails",wash hands with warm soapy water | stop bleeding using pressure | consult doctor | salt baths
Impetigo,"skin rash, high fever, blister, red sore around nose, yellow crust ooze",soak affected area in warm water | use antibiotics | remove scabs with wet compressed cloth | consult doctor
Fungal infection,"itching, skin rash, nodal skin eruptions, dischromic  patches",bath twice | use detol or neem in bathing water | keep infected area dry | use clean cloths
Allergy,"continuous sneezing, shivering, chills, watering from eyes",Consult a doctor | Get adequate rest | Stay hydrated | Follow prescribed treatment
GERD,"stomach pain, acidity, ulcers on tongue, vomiting, cough, chest pain",avoid fatty spicy food | avoid lying down after eating | maintain healthy weight | exercise
Chronic cholestasis,"itching, vomiting, yellowish skin, nausea, loss of appetite, abdominal pain, yellowing of eyes",cold baths | anti itch medicine | consult doctor | eat healthy
Drug Reaction,"itching, skin rash, stomach pain, burning micturition, spotting  urination",Consult a doctor | Get adequate rest | Stay hydrated | Follow prescribed treatment
Peptic ulcer diseae,"vomiting, indigestion, loss of appetite, abdominal pain, passage of gases, internal itching",avoid fatty spicy food | consume probiotic food | eliminate milk | limit alcohol
AIDS,"muscle wasting, patches in throat, high fever, extra marital contacts",avoid open cuts | wear ppe if possible | consult doctor | follow up
Diabetes ,"fatigue, weight loss, restlessness, lethargy, irregular sugar level, blurred and distorted vision, obesity, excessive hunger, increased appetite, polyuria",have balanced diet | exercise | consult doctor | follow up
Gastroenteritis,"vomiting, sunken eyes, dehydration, diarrhoea",stop eating solid food for while | try taking small sips of water | rest | ease back into eating
Bronchial Asthma,"fatigue, cough, high fever, breathlessness, family history, mucoid sputum",switch to loose cloothing | take deep breaths | get away from trigger | seek help
Hypertension ,"headache, chest pain, dizziness, loss of balance, lack of concentration",meditation | salt baths | reduce stress | get proper sleep
Migraine,"acidity, indigestion, headache, blurred and distorted vision, excessive hunger, stiff neck, depression, irritability, visual disturbances",meditation | reduce stress | use poloroid glasses in sun | consult doctor
Cervical spondylosis,"back pain, weakness in limbs, neck pain, dizziness, loss of balance",use heating pad or cold pack | exercise | take otc pain reliver | consult doctor
Paralysis (brain hemorrhage),"vomiting, headache, weakness of one body side, altered sensorium",massage | eat healthy | exercise | consult doctor
Jaundice,"itching, vomiting, fatigue, weight loss, high fever, yellowish skin, dark urine, abdominal pain",drink plenty of water | consume milk thistle | eat fruits and high fiberous food | medication
Malaria,"chills, vomiting, high fever, sweating, headache, nausea, diarrhoea, muscle pain",Consult nearest hospital | avoid oily food | avoid non veg food | keep mosquitos out
Chicken pox,"itching, skin rash, fatigue, lethargy, high fever, headache, loss of appetite, mild fever, swelled lymph nodes, malaise, red spots over body",use neem in bathing | consume neem leaves | take vaccine | avoid public places
Dengue,"skin rash, chills, joint pain, vomiting, fatigue, high fever, headache, nausea, loss of appetite, pain behind the eyes, back pain, malaise, muscle pain, red spots over body",drink papaya leaf juice | avoid fatty spicy food | keep mosquitos away | keep hydrated
Typhoid,"chills, vomiting, fatigue, high fever, headache, nausea, constipation, abdominal pain, diarrhoea, toxic look (typhos), belly pain",eat high calorie vegitables | antiboitic therapy | consult doctor | medication
hepatitis A,"joint pain, vomiting, yellowish skin, dark urine, nausea, loss of appetite, abdominal pain, diarrhoea, mild fever, yellowing of eyes, muscle pain",Consult nearest hospital | wash hands through | avoid fatty spicy food | medication
Hepatitis B,"itching, fatigue, lethargy, yellowish skin, dark urine, loss of appetite, abdominal pain, yellow urine, yellowing of eyes, malaise, receiving blood transfusion, receiving unsterile injections",consult nearest hospital | vaccination | eat healthy | medication
Hepatitis C,"fatigue, yellowish skin, nausea, loss of appetite, yellowing of eyes, family history",Consult nearest hospital | vaccination | eat healthy | medication
Hepatitis D,"joint pain, vomiting, fatigue, yellowish skin, dark urine, nausea, loss of appetite, abdominal pain, yellowing of eyes",consult doctor | medication | eat healthy | follow up
Hepatitis E,"joint pain, vomiting, fatigue, high fever, yellowish skin, dark urine, nausea, loss of appetite, abdominal pain, yellowing of eyes, acute liver failure, coma, stomach bleeding",stop alcohol consumption | rest | consult doctor | medication
Alcoholic hepatitis,"vomiting, yellowish skin, abdominal pain, swelling of stomach, distention of abdomen, history of alcohol consumption, fluid overload",stop alcohol consumption | consult doctor | medication | follow up
Tuberculosis,"chills, vomiting, fatigue, weight loss, cough, high fever, breathlessness, sweating, loss of appetite, mild fever, yellowing of eyes, swelled lymph nodes, malaise, phlegm, chest pain, blood in sputum",cover mouth | consult doctor | medication | rest
Common Cold,"continuous sneezing, chills, fatigue, cough, high fever, headache, swelled lymph nodes, malaise, phlegm, throat irritation, redness of eyes, sinus pressure, runny nose, congestion, chest pain, loss of smell, muscle pain",drink vitamin c rich drinks | take vapour | avoid cold food | keep fever in check
Pneumonia,"chills, fatigue, cough, high fever, breathlessness, sweating, malaise, phlegm, chest pain, fast heart rate, rusty sputum",consult doctor | medication | rest | follow up
Dimorphic hemmorhoids(piles),"constipation, pain during bowel movements, pain in anal region, bloody stool, irritation in anus",avoid fatty spicy food | consume witch hazel | warm bath with epsom salt | consume alovera juice
Heart attack,"vomiting, breathlessness, sweating, chest pain",Consult a doctor | Get adequate rest | Stay hydrated | Follow prescribed treatment
Varicose veins,"fatigue, cramps, bruising, obesity, swollen legs, swollen blood vessels, prominent veins on calf",lie down flat and raise the leg high | use oinments | use vein compression | dont stand still for long
Hypothyroidism,"fatigue, weight gain, cold hands and feets, mood swings, lethargy, dizziness, puffy face and eyes, enlarged thyroid, brittle nails, swollen extremeties, depression, irritability, abnormal menstruation",reduce stress | exercise | eat healthy | get proper sleep
Hyperthyroidism,"fatigue, mood swings, weight loss, restlessness, sweating, diarrhoea, fast heart rate, excessive hunger, muscle weakness, irritability, abnormal menstruation",eat healthy | massage | use lemon balm | take radioactive iodine treatment
Hypoglycemia,"vomiting, fatigue, anxiety, sweating, headache, nausea, blurred and distorted vision, excessive hunger, drying and tingling lips, slurred speech, irritability, palpitations",lie down on side | check in pulse | drink sugary drinks | consult doctor
Osteoarthristis,"joint pain, neck pain, knee pain, hip joint pain, swelling joints, painful walking",acetaminophen | consult nearest hospital | follow up | salt baths
Arthritis,"muscle weakness, stiff neck, swelling joints, movement stiffness, painful walking",exercise | use hot and cold therapy | try acupuncture | massage
(vertigo) Paroymsal  Positional Vertigo,"vomiting, headache, nausea, spinning movements, loss of balance, unsteadiness",lie down | avoid sudden change in body | avoid abrupt head movment | relax
Acne,"skin rash, pus filled pimples, blackheads, scurring",bath twice | avoid fatty spicy food | drink plenty of water | avoid too many products
Urinary tract infection,"burning micturition, bladder discomfort, foul smell of urine, continuous feel of urine",drink plenty of water | increase vitamin c intake | drink cranberry juice | take probiotics
Psoriasis,"skin rash, joint pain, skin peeling, silver like dusting, small dents in nails, inflammatory nails",wash hands with warm soapy water | stop bleeding using pressure | consult doctor | salt baths
Impetigo,"skin rash, high fever, blister, red sore around nose, yellow crust ooze",soak affected area in warm water | use antibiotics | remove scabs with wet compressed cloth | consult doctor
Fungal infection,"itching, skin rash, nodal skin eruptions, dischromic  patches",bath twice | use detol or neem in bathing water | keep infected area dry | use clean cloths
Allergy,"continuous sneezing, shivering, chills, watering from eyes",Consult a doctor | Get adequate rest | Stay hydrated | Follow prescribed treatment
GERD,"stomach pain, acidity, ulcers on tongue, vomiting, cough, chest pain",avoid fatty spicy food | avoid lying down after eating | maintain healthy weight | exercise
Chronic cholestasis,"itching, vomiting, yellowish skin, nausea, loss of appetite, abdominal pain, yellowing of eyes",cold baths | anti itch medicine | consult doctor | eat healthy
Drug Reaction,"itching, skin rash, stomach pain, burning micturition, spotting  urination",Consult a doctor | Get adequate rest | Stay hydrated | Follow prescribed treatment
Peptic ulcer diseae,"vomiting, indigestion, loss of appetite, abdominal pain, passage of gases, internal itching",avoid fatty spicy food | consume probiotic food | eliminate milk | limit alcohol
AIDS,"muscle wasting, patches in throat, high fever, extra marital contacts",avoid open cuts | wear ppe if possible | consult doctor | follow up
Diabetes ,"fatigue, weight loss, restlessness, lethargy, irregular sugar level, blurred and distorted vision, obesity, excessive hunger, increased appetite, polyuria",have balanced diet | exercise | consult doctor | follow up
Gastroenteritis,"vomiting, sunken eyes, dehydration, diarrhoea",stop eating solid food for while | try taking small sips of water | rest | ease back into eating
Bronchial Asthma,"fatigue, cough, high fever, breathlessness, family history, mucoid sputum",switch to loose cloothing | take deep breaths | get away from trigger | seek help
Hypertension ,"headache, chest pain, dizziness, loss of balance, lack of concentration",meditation | salt baths | reduce stress | get proper sleep
Migraine,"acidity, indigestion, headache, blurred and distorted vision, excessive hunger, stiff neck, depression, irritability, visual disturbances",meditation | reduce stress | use poloroid glasses in sun | consult doctor
Cervical spondylosis,"back pain, weakness in limbs, neck pain, dizziness, loss of balance",use heating pad or cold pack | exercise | take otc pain reliver | consult doctor
Paralysis (brain hemorrhage),"vomiting, headache, weakness of one body side, altered sensorium",massage | eat healthy | exercise | consult doctor
Jaundice,"itching, vomiting, fatigue, weight loss, high fever, yellowish skin, dark urine, abdominal pain",drink plenty of water | consume milk thistle | eat fruits and high fiberous food | medication
Malaria,"chills, vomiting, high fever, sweating, headache, nausea, diarrhoea, muscle pain",Consult nearest hospital | avoid oily food | avoid non veg food | keep mosquitos out
Chicken pox,"itching, skin rash, fatigue, lethargy, high fever, headache, loss of appetite, mild fever, swelled lymph nodes, malaise, red spots over body",use neem in bathing | consume neem leaves | take vaccine | avoid public places
Dengue,"skin rash, chills, joint pain, vomiting, fatigue, high fever, headache, nausea, loss of appetite, pain behind the eyes, back pain, malaise, muscle pain, red spots over body",drink papaya leaf juice | avoid fatty spicy food | keep mosquitos away | keep hydrated
Typhoid,"chills, vomiting, fatigue, high fever, headache, nausea, constipation, abdominal pain, diarrhoea, toxic look (typhos), belly pain",eat high calorie vegitables | antiboitic therapy | consult doctor | medication
hepatitis A,"joint pain, vomiting, yellowish skin, dark urine, nausea, loss of appetite, abdominal pain, diarrhoea, mild fever, yellowing of eyes, muscle pain",Consult nearest hospital | wash hands through | avoid fatty spicy food | medication
Hepatitis B,"itching, fatigue, lethargy, yellowish skin, dark urine, loss of appetite, abdominal pain, yellow urine, yellowing of eyes, malaise, receiving blood transfusion, receiving unsterile injections",consult nearest hospital | vaccination | eat healthy | medication
Hepatitis C,"fatigue, yellowish skin, nausea, loss of appetite, yellowing of eyes, family history",Consult nearest hospital | vaccination | eat healthy | medication
Hepatitis D,"joint pain, vomiting, fatigue, yellowish skin, dark urine, nausea, loss of appetite, abdominal pain, yellowing of eyes",consult doctor | medication | eat healthy | follow up
Hepatitis E,"joint pain, vomiting, fatigue, high fever, yellowish skin, dark urine, nausea, loss of appetite, abdominal pain, yellowing of eyes, acute liver failure, coma, stomach bleeding",stop alcohol consumption | rest | consult doctor | medication
Alcoholic hepatitis,"vomiting, yellowish skin, abdominal pain, swelling of stomach, distention of abdomen, history of alcohol consumption, fluid overload",stop alcohol consumption | consult doctor | medication | follow up
Tuberculosis,"chills, vomiting, fatigue, weight loss, cough, high fever, breathlessness, sweating, loss of appetite, mild fever, yellowing of eyes, swelled lymph nodes, malaise, phlegm, chest pain, blood in sputum",cover mouth | consult doctor | medication | rest
Common Cold,"continuous sneezing, chills, fatigue, cough, high fever, headache, swelled lymph nodes, malaise, phlegm, throat irritation, redness of eyes, sinus pressure, runny nose, congestion, chest pain, loss of smell, muscle pain",drink vitamin c rich drinks | take vapour | avoid cold food | keep fever in check
Pneumonia,"chills, fatigue, cough, high fever, breathlessness, sweating, malaise, phlegm, chest pain, fast heart rate, rusty sputum",consult doctor | medication | rest | follow up
Dimorphic hemmorhoids(piles),"constipation, pain during bowel movements, pain in anal region, bloody stool, irritation in anus",avoid fatty spicy food | consume witch hazel | warm bath with epsom salt | consume alovera juice
Heart attack,"vomiting, breathlessness, sweating, chest pain",Consult a doctor | Get adequate rest | Stay hydrated | Follow prescribed treatment
Varicose veins,"fatigue, cramps, bruising, obesity, swollen legs, swollen blood vessels, prominent veins on calf",lie down flat and raise the leg high | use oinments | use vein compression | dont stand still for long
Hypothyroidism,"fatigue, weight gain, cold hands and feets, mood swings, lethargy, dizziness, puffy face and eyes, enlarged thyroid, brittle nails, swollen extremeties, depression, irritability, abnormal menstruation",reduce stress | exercise | eat healthy | get proper sleep
Hyperthyroidism,"fatigue, mood swings, weight loss, restlessness, sweating, diarrhoea, fast heart rate, excessive hunger, muscle weakness, irritability, abnormal menstruation",eat healthy | massage | use lemon balm | take radioactive iodine treatment
Hypoglycemia,"vomiting, fatigue, anxiety, sweating, headache, nausea, blurred and distorted vision, excessive hunger, drying and tingling lips, slurred speech, irritability, palpitations",lie down on side | check in pulse | drink sugary drinks | consult doctor
Osteoarthristis,"joint pain, neck pain, knee pain, hip joint pain, swelling joints, painful walking",acetaminophen | consult nearest hospital | follow up | salt baths
Arthritis,"muscle weakness, stiff neck, swelling joints, movement stiffness, painful walking",exercise | use hot and cold therapy | try acupuncture | massage
(vertigo) Paroymsal  Positional Vertigo,"vomiting, headache, nausea, spinning movements, loss of balance, unsteadiness",lie down | avoid sudden change in body | avoid abrupt head movment | relax
Acne,"skin rash, pus filled pimples, blackheads, scurring",bath twice | avoid fatty spicy food | drink plenty of water | avoid too many products
Urinary tract infection,"burning micturition, bladder discomfort, foul smell of urine, continuous feel of urine",drink plenty of water | increase vitamin c intake | drink cranberry juice | take probiotics
Psoriasis,"skin rash, joint pain, skin peeling, silver like dusting, small dents in nails, inflammatory nails",wash hands with warm soapy water | stop bleeding using pressure | consult doctor | salt baths
Impetigo,"skin rash, high fever, blister, red sore around nose, yellow crust ooze",soak affected area in warm water | use antibiotics | remove scabs with wet compressed cloth | consult doctor
Fungal infection,"itching, skin rash, nodal skin eruptions, dischromic  patches",bath twice | use detol or neem in bathing water | keep infected area dry | use clean cloths
Allergy,"continuous sneezing, shivering, chills, watering from eyes",Consult a doctor | Get adequate rest | Stay hydrated | Follow prescribed treatment
GERD,"stomach pain, acidity, ulcers on tongue, vomiting, cough, chest pain",avoid fatty spicy food | avoid lying down after eating | maintain healthy weight | exercise
Chronic cholestasis,"itching, vomiting, yellowish skin, nausea, loss of appetite, abdominal pain, yellowing of eyes",cold baths | anti itch medicine | consult doctor | eat healthy
Drug Reaction,"itching, skin rash, stomach pain, burning micturition, spotting  urination",Consult a doctor | Get adequate rest | Stay hydrated | Follow prescribed treatment
Peptic ulcer diseae,"vomiting, indigestion, loss of appetite, abdominal pain, passage of gases, internal itching",avoid fatty spicy food | consume probiotic food | eliminate milk | limit alcohol
AIDS,"muscle wasting, patches in throat, high fever, extra marital contacts",avoid open cuts | wear ppe if possible | consult doctor | follow up
Diabetes ,"fatigue, weight loss, restlessness, lethargy, irregular sugar level, blurred and distorted vision, obesity, excessive hunger, increased appetite, polyuria",have balanced diet | exercise | consult doctor | follow up
Gastroenteritis,"vomiting, sunken eyes, dehydration, diarrhoea",stop eating solid food for while | try taking small sips of water | rest | ease back into eating
Bronchial Asthma,"fatigue, cough, high fever, breathlessness, family history, mucoid sputum",switch to loose cloothing | take deep breaths | get away from trigger | seek help
Hypertension ,"headache, chest pain, dizziness, loss of balance, lack of concentration",meditation | salt baths | reduce stress | get proper sleep
Migraine,"acidity, indigestion, headache, blurred and distorted vision, excessive hunger, stiff neck, depression, irritability, visual disturbances",meditation | reduce stress | use poloroid glasses in sun | consult doctor
Cervical spondylosis,"back pain, weakness in limbs, neck pain, dizziness, loss of balance",use heating pad or cold pack | exercise | take otc pain reliver | consult doctor
Paralysis (brain hemorrhage),"vomiting, headache, weakness of one body side, altered sensorium",massage | eat healthy | exercise | consult doctor
Jaundice,"itching, vomiting, fatigue, weight loss, high fever, yellowish skin, dark urine, abdominal pain",drink plenty of water | consume milk thistle | eat fruits and high fiberous food | medication
Malaria,"chills, vomiting, high fever, sweating, headache, nausea, diarrhoea, muscle pain",Consult nearest hospital | avoid oily food | avoid non veg food | keep mosquitos out
Chicken pox,"itching, skin rash, fatigue, lethargy, high fever, headache, loss of appetite, mild fever, swelled lymph nodes, malaise, red spots over body",use neem in bathing | consume neem leaves | take vaccine | avoid public places
Dengue,"skin rash, chills, joint pain, vomiting, fatigue, high fever, headache, nausea, loss of appetite, pain behind the eyes, back pain, malaise, muscle pain, red spots over body",drink papaya leaf juice | avoid fatty spicy food | keep mosquitos away | keep hydrated
Typhoid,"chills, vomiting, fatigue, high fever, headache, nausea, constipation, abdominal pain, diarrhoea, toxic look (typhos), belly pain",eat high calorie vegitables | antiboitic therapy | consult doctor | medication
hepatitis A,"joint pain, vomiting, yellowish skin, dark urine, nausea, loss of appetite, abdominal pain, diarrhoea, mild fever, yellowing of eyes, muscle pain",Consult nearest hospital | wash hands through | avoid fatty spicy food | medication
Hepatitis B,"itching, fatigue, lethargy, yellowish skin, dark urine, loss of appetite, abdominal pain, yellow urine, yellowing of eyes, malaise, receiving blood transfusion, receiving unsterile injections",consult nearest hospital | vaccination | eat healthy | medication
Hepatitis C,"fatigue, yellowish skin, nausea, loss of appetite, yellowing of eyes, family history",Consult nearest hospital | vaccination | eat healthy | medication
Hepatitis D,"joint pain, vomiting, fatigue, yellowish skin, dark urine, nausea, loss of appetite, abdominal pain, yellowing of eyes",consult doctor | medication | eat healthy | follow up
Hepatitis E,"joint pain, vomiting, fatigue, high fever, yellowish skin, dark urine, nausea, loss of appetite, abdominal pain, yellowing of eyes, acute liver failure, coma, stomach bleeding",stop alcohol consumption | rest | consult doctor | medication
Alcoholic hepatitis,"vomiting, yellowish skin, abdominal pain, swelling of stomach, distention of abdomen, history of alcohol consumption, fluid overload",stop alcohol consumption | consult doctor | medication | follow up
Tuberculosis,"chills, vomiting, fatigue, weight loss, cough, high fever, breathlessness, sweating, loss of appetite, mild fever, yellowing of eyes, swelled lymph nodes, malaise, phlegm, chest pain, blood in sputum",cover mouth | consult doctor | medication | rest
Common Cold,"continuous sneezing, chills, fatigue, cough, high fever, headache, swelled lymph nodes, malaise, phlegm, throat irritation, redness of eyes, sinus pressure, runny nose, congestion, chest pain, loss of smell, muscle pain",drink vitamin c rich drinks | take vapour | avoid cold food | keep fever in check
Pneumonia,"chills, fatigue, cough, high fever, breathlessness, sweating, malaise, phlegm, chest pain, fast heart rate, rusty sputum",consult doctor | medication | rest | follow up
Dimorphic hemmorhoids(piles),"constipation, pain during bowel movements, pain in anal region, bloody stool, irritation in anus",avoid fatty spicy food | consume witch hazel | warm bath with epsom salt | consume alovera juice
Heart attack,"vomiting, breathlessness, sweating, chest pain",Consult a doctor | Get adequate rest | Stay hydrated | Follow prescribed treatment
Varicose veins,"fatigue, cramps, bruising, obesity, swollen legs, swollen blood vessels, prominent veins on calf",lie down flat and raise the leg high | use oinments | use vein compression | dont stand still for long
Hypothyroidism,"fatigue, weight gain, cold hands and feets, mood swings, lethargy, dizziness, puffy face and eyes, enlarged thyroid, brittle nails, swollen extremeties, depression, irritability, abnormal menstruation",reduce stress | exercise | eat healthy | get proper sleep
Hyperthyroidism,"fatigue, mood swings, weight loss, restlessness, sweating, diarrhoea, fast heart rate, excessive hunger, muscle weakness, irritability, abnormal menstruation",eat healthy | massage | use lemon balm | take radioactive iodine treatment
Hypoglycemia,"vomiting, fatigue, anxiety, sweating, headache, nausea, blurred and distorted vision, excessive hunger, drying and tingling lips, slurred speech, irritability, palpitations",lie down on side | check in pulse | drink sugary drinks | consult doctor
Osteoarthristis,"joint pain, neck pain, knee pain, hip joint pain, swelling joints, painful walking",acetaminophen | consult nearest hospital | follow up | salt baths
Arthritis,"muscle weakness, stiff neck, swelling joints, movement stiffness, painful walking",exercise | use hot and cold therapy | try acupuncture | massage
(vertigo) Paroymsal  Positional Vertigo,"vomiting, headache, nausea, spinning movements, loss of balance, unsteadiness",lie down | avoid sudden change in body | avoid abrupt head movment | relax
Acne,"skin rash, pus filled pimples, blackheads, scurring",bath twice | avoid fatty spicy food | drink plenty of water | avoid too many products
Urinary tract infection,"burning micturition, bladder discomfort, foul smell of urine, continuous feel of urine",drink plenty of water | increase vitamin c intake | drink cranberry juice | take probiotics
Psoriasis,"skin rash, joint pain, skin peeling, silver like dusting, small dents in nails, inflammatory nails",wash hands with warm soapy water | stop bleeding using pressure | consult doctor | salt baths
Impetigo,"skin rash, high fever, blister, red sore around nose, yellow crust ooze",soak affected area in warm water | use antibiotics | remove scabs with wet compressed cloth | consult doctor
Fungal infection,"itching, skin rash, nodal skin eruptions, dischromic  patches",bath twice | use detol or neem in bathing water | keep infected area dry | use clean cloths
Allergy,"continuous sneezing, shivering, chills, watering from eyes",Consult a doctor | Get adequate rest | Stay hydrated | Follow prescribed treatment
GERD,"stomach pain, acidity, ulcers on tongue, vomiting, cough, chest pain",avoid fatty spicy food | avoid lying down after eating | maintain healthy weight | exercise
Chronic cholestasis,"itching, vomiting, yellowish skin, nausea, loss of appetite, abdominal pain, yellowing of eyes",cold baths | anti itch medicine | consult doctor | eat healthy
Drug Reaction,"itching, skin rash, stomach pain, burning micturition, spotting  urination",Consult a doctor | Get adequate rest | Stay hydrated | Follow prescribed treatment
Peptic ulcer diseae,"vomiting, indigestion, loss of appetite, abdominal pain, passage of gases, internal itching",avoid fatty spicy food | consume probiotic food | eliminate milk | limit alcohol
AIDS,"muscle wasting, patches in throat, high fever, extra marital contacts",avoid open cuts | wear ppe if possible | consult doctor | follow up
Diabetes ,"fatigue, weight loss, restlessness, lethargy, irregular sugar level, blurred and distorted vision, obesity, excessive hunger, increased appetite, polyuria",have balanced diet | exercise | consult doctor | follow up
Gastroenteritis,"vomiting, sunken eyes, dehydration, diarrhoea",stop eating solid food for while | try taking small sips of water | rest | ease back into eating
Bronchial Asthma,"fatigue, cough, high fever, breathlessness, family history, mucoid sputum",switch to loose cloothing | take deep breaths | get away from trigger | seek help
Hypertension ,"headache, chest pain, dizziness, loss of balance, lack of concentration",meditation | salt baths | reduce stress | get proper sleep
Migraine,"acidity, indigestion, headache, blurred and distorted vision, excessive hunger, stiff neck, depression, irritability, visual disturbances",meditation | reduce stress | use poloroid glasses in sun | consult doctor
Cervical spondylosis,"back pain, weakness in limbs, neck pain, dizziness, loss of balance",use heating pad or cold pack | exercise | take otc pain reliver | consult doctor
Paralysis (brain hemorrhage),"vomiting, headache, weakness of one body side, altered sensorium",massage | eat healthy | exercise | consult doctor
Jaundice,"itching, vomiting, fatigue, weight loss, high fever, yellowish skin, dark urine, abdominal pain",drink plenty of water | consume milk thistle | eat fruits and high fiberous food | medication
Malaria,"chills, vomiting, high fever, sweating, headache, nausea, diarrhoea, muscle pain",Consult nearest hospital | avoid oily food | avoid non veg food | keep mosquitos out
Chicken pox,"itching, skin rash, fatigue, lethargy, high fever, headache, loss of appetite, mild fever, swelled lymph nodes, malaise, red spots over body",use neem in bathing | consume neem leaves | take vaccine | avoid public places
Dengue,"skin rash, chills, joint pain, vomiting, fatigue, high fever, headache, nausea, loss of appetite, pain behind the eyes, back pain, malaise, muscle pain, red spots over body",drink papaya leaf juice | avoid fatty spicy food | keep mosquitos away | keep hydrated
Typhoid,"chills, vomiting, fatigue, high fever, headache, nausea, constipation, abdominal pain, diarrhoea, toxic look (typhos), belly pain",eat high calorie vegitables | antiboitic therapy | consult doctor | medication
hepatitis A,"joint pain, vomiting, yellowish skin, dark urine, nausea, loss of appetite, abdominal pain, diarrhoea, mild fever, yellowing of eyes, muscle pain",Consult nearest hospital | wash hands through | avoid fatty spicy food | medication
Hepatitis B,"itching, fatigue, lethargy, yellowish skin, dark urine, loss of appetite, abdominal pain, yellow urine, yellowing of eyes, malaise, receiving blood transfusion, receiving unsterile injections",consult nearest hospital | vaccination | eat healthy | medication
Hepatitis C,"fatigue, yellowish skin, nausea, loss of appetite, yellowing of eyes, family history",Consult nearest hospital | vaccination | eat healthy | medication
Hepatitis D,"joint pain, vomiting, fatigue, yellowish skin, dark urine, nausea, loss of appetite, abdominal pain, yellowing of eyes",consult doctor | medication | eat healthy | follow up
Hepatitis E,"joint pain, vomiting, fatigue, high fever, yellowish skin, dark urine, nausea, loss of appetite, abdominal pain, yellowing of eyes, acute liver failure, coma, stomach bleeding",stop alcohol consumption | rest | consult doctor | medication
Alcoholic hepatitis,"vomiting, yellowish skin, abdominal pain, swelling of stomach, distention of abdomen, history of alcohol consumption, fluid overload",stop alcohol consumption | consult doctor | medication | follow up
Tuberculosis,"chills, vomiting, fatigue, weight loss, cough, high fever, breathlessness, sweating, loss of appetite, mild fever, yellowing of eyes, swelled lymph nodes, malaise, phlegm, chest pain, blood in sputum",cover mouth | consult doctor | medication | rest
Common Cold,"continuous sneezing, chills, fatigue, cough, high fever, headache, swelled lymph nodes, malaise, phlegm, throat irritation, redness of eyes, sinus pressure, runny nose, congestion, chest pain, loss of smell, muscle pain",drink vitamin c rich drinks | take vapour | avoid cold food | keep fever in check
Pneumonia,"chills, fatigue, cough, high fever, breathlessness, sweating, malaise, phlegm, chest pain, fast heart rate, rusty sputum",consult doctor | medication | rest | follow up
Dimorphic hemmorhoids(piles),"constipation, pain during bowel movements, pain in anal region, bloody stool, irritation in anus",avoid fatty spicy food | consume witch hazel | warm bath with epsom salt | consume alovera juice
Heart attack,"vomiting, breathlessness, sweating, chest pain",Consult a doctor | Get adequate rest | Stay hydrated | Follow prescribed treatment
Varicose veins,"fatigue, cramps, bruising, obesity, swollen legs, swollen blood vessels, prominent veins on calf",lie down flat and raise the leg high | use oinments | use vein compression | dont stand still for long
Hypothyroidism,"fatigue, weight gain, cold hands and feets, mood swings, lethargy, dizziness, puffy face and eyes, enlarged thyroid, brittle nails, swollen extremeties, depression, irritability, abnormal menstruation",reduce stress | exercise | eat healthy | get proper sleep
Hyperthyroidism,"fatigue, mood swings, weight loss, restlessness, sweating, diarrhoea, fast heart rate, excessive hunger, muscle weakness, irritability, abnormal menstruation",eat healthy | massage | use lemon balm | take radioactive iodine treatment
Hypoglycemia,"vomiting, fatigue, anxiety, sweating, headache, nausea, blurred and distorted vision, excessive hunger, drying and tingling lips, slurred speech, irritability, palpitations",lie down on side | check in pulse | drink sugary drinks | consult doctor
Osteoarthristis,"joint pain, neck pain, knee pain, hip joint pain, swelling joints, painful walking",acetaminophen | consult nearest hospital | follow up | salt baths
Arthritis,"muscle weakness, stiff neck, swelling joints, movement stiffness, painful walking",exercise | use hot and cold therapy | try acupuncture | massage
(vertigo) Paroymsal  Positional Vertigo,"vomiting, headache, nausea, spinning movements, loss of balance, unsteadiness",lie down | avoid sudden change in body | avoid abrupt head movment | relax
Acne,"skin rash, pus filled pimples, blackheads, scurring",bath twice | avoid fatty spicy food | drink plenty of water | avoid too many products
Urinary tract infection,"burning micturition, bladder discomfort, foul smell of urine, continuous feel of urine",drink plenty of water | increase vitamin c intake | drink cranberry juice | take probiotics
Psoriasis,"skin rash, joint pain, skin peeling, silver like dusting, small dents in nails, inflammatory nails",wash hands with warm soapy water | stop bleeding using pressure | consult doctor | salt baths
Impetigo,"skin rash, high fever, blister, red sore around nose, yellow crust ooze",soak affected area in warm water | use antibiotics | remove scabs with wet compressed cloth | consult doctor
Fungal infection,"itching, skin rash, nodal skin eruptions, dischromic  patches",bath twice | use detol or neem in bathing water | keep infected area dry | use clean cloths
Allergy,"continuous sneezing, shivering, chills, watering from eyes",Consult a doctor | Get adequate rest | Stay hydrated | Follow prescribed treatment
GERD,"stomach pain, acidity, ulcers on tongue, vomiting, cough, chest pain",avoid fatty spicy food | avoid lying down after eating | maintain healthy weight | exercise
Chronic cholestasis,"itching, vomiting, yellowish skin, nausea, loss of appetite, abdominal pain, yellowing of eyes",cold baths | anti itch medicine | consult doctor | eat healthy
Drug Reaction,"itching, skin rash, stomach pain, burning micturition, spotting  urination",Consult a doctor | Get adequate rest | Stay hydrated | Follow prescribed treatment
Peptic ulcer diseae,"vomiting, indigestion, loss of appetite, abdominal pain, passage of gases, internal itching",avoid fatty spicy food | consume probiotic food | eliminate milk | limit alcohol
AIDS,"muscle wasting, patches in throat, high fever, extra marital contacts",avoid open cuts | wear ppe if possible | consult doctor | follow up
Diabetes ,"fatigue, weight loss, restlessness, lethargy, irregular sugar level, blurred and distorted vision, obesity, excessive hunger, increased appetite, polyuria",have balanced diet | exercise | consult doctor | follow up
Gastroenteritis,"vomiting, sunken eyes, dehydration, diarrhoea",stop eating solid food for while | try taking small sips of water | rest | ease back into eating
Bronchial Asthma,"fatigue, cough, high fever, breathlessness, family history, mucoid sputum",switch to loose cloothing | take deep breaths | get away from trigger | seek help
Hypertension ,"headache, chest pain, dizziness, loss of balance, lack of concentration",meditation | salt baths | reduce stress | get proper sleep
Migraine,"acidity, indigestion, headache, blurred and distorted vision, excessive hunger, stiff neck, depression, irritability, visual disturbances",meditation | reduce stress | use poloroid glasses in sun | consult doctor
Cervical spondylosis,"back pain, weakness in limbs, neck pain, dizziness, loss of balance",use heating pad or cold pack | exercise | take otc pain reliver | consult doctor
Paralysis (brain hemorrhage),"vomiting, headache, weakness of one body side, altered sensorium",massage | eat healthy | exercise | consult doctor
Jaundice,"itching, vomiting, fatigue, weight loss, high fever, yellowish skin, dark urine, abdominal pain",drink plenty of water | consume milk thistle | eat fruits and high fiberous food | medication
Malaria,"chills, vomiting, high fever, sweating, headache, nausea, diarrhoea, muscle pain",Consult nearest hospital | avoid oily food | avoid non veg food | keep mosquitos out
Chicken pox,"itching, skin rash, fatigue, lethargy, high fever, headache, loss of appetite, mild fever, swelled lymph nodes, malaise, red spots over body",use neem in bathing | consume neem leaves | take vaccine | avoid public places
Dengue,"skin rash, chills, joint pain, vomiting, fatigue, high fever, headache, nausea, loss of appetite, pain behind the eyes, back pain, malaise, muscle pain, red spots over body",drink papaya leaf juice | avoid fatty spicy food | keep mosquitos away | keep hydrated
Typhoid,"chills, vomiting, fatigue, high fever, headache, nausea, constipation, abdominal pain, diarrhoea, toxic look (typhos), belly pain",eat high calorie vegitables | antiboitic therapy | consult doctor | medication
hepatitis A,"joint pain, vomiting, yellowish skin, dark urine, nausea, loss of appetite, abdominal pain, diarrhoea, mild fever, yellowing of eyes, muscle pain",Consult nearest hospital | wash hands through | avoid fatty spicy food | medication
Hepatitis B,"itching, fatigue, lethargy, yellowish skin, dark urine, loss of appetite, abdominal pain, yellow urine, yellowing of eyes, malaise, receiving blood transfusion, receiving unsterile injections",consult nearest hospital | vaccination | eat healthy | medication
Hepatitis C,"fatigue, yellowish skin, nausea, loss of appetite, yellowing of eyes, family history",Consult nearest hospital | vaccination | eat healthy | medication
Hepatitis D,"joint pain, vomiting, fatigue, yellowish skin, dark urine, nausea, loss of appetite, abdominal pain, yellowing of eyes",consult doctor | medication | eat healthy | follow up
Hepatitis E,"joint pain, vomiting, fatigue, high fever, yellowish skin, dark urine, nausea, loss of appetite, abdominal pain, yellowing of eyes, acute liver failure, coma, stomach bleeding",stop alcohol consumption | rest | consult doctor | medication
Alcoholic hepatitis,"vomiting, yellowish skin, abdominal pain, swelling of stomach, distention of abdomen, history of alcohol consumption, fluid overload",stop alcohol consumption | consult doctor | medication | follow up
Tuberculosis,"chills, vomiting, fatigue, weight loss, cough, high fever, breathlessness, sweating, loss of appetite, mild fever, yellowing of eyes, swelled lymph nodes, malaise, phlegm, chest pain, blood in sputum",cover mouth | consult doctor | medication | rest
Common Cold,"continuous sneezing, chills, fatigue, cough, high fever, headache, swelled lymph nodes, malaise, phlegm, throat irritation, redness of eyes, sinus pressure, runny nose, congestion, chest pain, loss of smell, muscle pain",drink vitamin c rich drinks | take vapour | avoid cold food | keep fever in check
Pneumonia,"chills, fatigue, cough, high fever, breathlessness, sweating, malaise, phlegm, chest pain, fast heart rate, rusty sputum",consult doctor | medication | rest | follow up
Dimorphic hemmorhoids(piles),"constipation, pain during bowel movements, pain in anal region, bloody stool, irritation in anus",avoid fatty spicy food | consume witch hazel | warm bath with epsom salt | consume alovera juice
Heart attack,"vomiting, breathlessness, sweating, chest pain",Consult a doctor | Get adequate rest | Stay hydrated | Follow prescribed treatment
Varicose veins,"fatigue, cramps, bruising, obesity, swollen legs, swollen blood vessels, prominent veins on calf",lie down flat and raise the leg high | use oinments | use vein compression | dont stand still for long
Hypothyroidism,"fatigue, weight gain, cold hands and feets, mood swings, lethargy, dizziness, puffy face and eyes, enlarged thyroid, brittle nails, swollen extremeties, depression, irritability, abnormal menstruation",reduce stress | exercise | eat healthy | get proper sleep
Hyperthyroidism,"fatigue, mood swings, weight loss, restlessness, sweating, diarrhoea, fast heart rate, excessive hunger, muscle weakness, irritability, abnormal menstruation",eat healthy | massage | use lemon balm | take radioactive iodine treatment
Hypoglycemia,"vomiting, fatigue, anxiety, sweating, headache, nausea, blurred and distorted vision, excessive hunger, drying and tingling lips, slurred speech, irritability, palpitations",lie down on side | check in pulse | drink sugary drinks | consult doctor
Osteoarthristis,"joint pain, neck pain, knee pain, hip joint pain, swelling joints, painful walking",acetaminophen | consult nearest hospital | follow up | salt baths
Arthritis,"muscle weakness, stiff neck, swelling joints, movement stiffness, painful walking",exercise | use hot and cold therapy | try acupuncture | massage
(vertigo) Paroymsal  Positional Vertigo,"vomiting, headache, nausea, spinning movements, loss of balance, unsteadiness",lie down | avoid sudden change in body | avoid abrupt head movment | relax
Acne,"skin rash, pus filled pimples, blackheads, scurring",bath twice | avoid fatty spicy food | drink plenty of water | avoid too many products
Urinary tract infection,"burning micturition, bladder discomfort, foul smell of urine, continuous feel of urine",drink plenty of water | increase vitamin c intake | drink cranberry juice | take probiotics
Psoriasis,"skin rash, joint pain, skin peeling, silver like dusting, small dents in nails, inflammatory nails",wash hands with warm soapy water | stop bleeding using pressure | consult doctor | salt baths
Impetigo,"skin rash, high fever, blister, red sore around nose, yellow crust ooze",soak affected area in warm water | use antibiotics | remove scabs with wet compressed cloth | consult doctor
Fungal infection,"itching, skin rash, nodal skin eruptions, dischromic  patches",bath twice | use detol or neem in bathing water | keep infected area dry | use clean cloths
Allergy,"continuous sneezing, shivering, chills, watering from eyes",Consult a doctor | Get adequate rest | Stay hydrated | Follow prescribed treatment
GERD,"stomach pain, acidity, ulcers on tongue, vomiting, cough, chest pain",avoid fatty spicy food | avoid lying down after eating | maintain healthy weight | exercise
Chronic cholestasis,"itching, vomiting, yellowish skin, nausea, loss of appetite, abdominal pain, yellowing of eyes",cold baths | anti itch medicine | consult doctor | eat healthy
Drug Reaction,"itching, skin rash, stomach pain, burning micturition, spotting  urination",Consult a doctor | Get adequate rest | Stay hydrated | Follow prescribed treatment
Peptic ulcer diseae,"vomiting, indigestion, loss of appetite, abdominal pain, passage of gases, internal itching",avoid fatty spicy food | consume probiotic food | eliminate milk | limit alcohol
AIDS,"muscle wasting, patches in throat, high fever, extra marital contacts",avoid open cuts | wear ppe if possible | consult doctor | follow up
Diabetes ,"fatigue, weight loss, restlessness, lethargy, irregular sugar level, blurred and distorted vision, obesity, excessive hunger, increased appetite, polyuria",have balanced diet | exercise | consult doctor | follow up
Gastroenteritis,"vomiting, sunken eyes, dehydration, diarrhoea",stop eating solid food for while | try taking small sips of water | rest | ease back into eating
Bronchial Asthma,"fatigue, cough, high fever, breathlessness, family history, mucoid sputum",switch to loose cloothing | take deep breaths | get away from trigger | seek help
Hypertension ,"headache, chest pain, dizziness, loss of balance, lack of concentration",meditation | salt baths | reduce stress | get proper sleep
Migraine,"acidity, indigestion, headache, blurred and distorted vision, excessive hunger, stiff neck, depression, irritability, visual disturbances",meditation | reduce stress | use poloroid glasses in sun | consult doctor
Cervical spondylosis,"back pain, weakness in limbs, neck pain, dizziness, loss of balance",use heating pad or cold pack | exercise | take otc pain reliver | consult doctor
Paralysis (brain hemorrhage),"vomiting, headache, weakness of one body side, altered sensorium",massage | eat healthy | exercise | consult doctor
Jaundice,"itching, vomiting, fatigue, weight loss, high fever, yellowish skin, dark urine, abdominal pain",drink plenty of water | consume milk thistle | eat fruits and high fiberous food | medication
Malaria,"chills, vomiting, high fever, sweating, headache, nausea, diarrhoea, muscle pain",Consult nearest hospital | avoid oily food | avoid non veg food | keep mosquitos out
Chicken pox,"itching, skin rash, fatigue, lethargy, high fever, headache, loss of appetite, mild fever, swelled lymph nodes, malaise, red spots over body",use neem in bathing | consume neem leaves | take vaccine | avoid public places
Dengue,"skin rash, chills, joint pain, vomiting, fatigue, high fever, headache, nausea, loss of appetite, pain behind the eyes, back pain, malaise, muscle pain, red spots over body",drink papaya leaf juice | avoid fatty spicy food | keep mosquitos away | keep hydrated
Typhoid,"chills, vomiting, fatigue, high fever, headache, nausea, constipation, abdominal pain, diarrhoea, toxic look (typhos), belly pain",eat high calorie vegitables | antiboitic therapy | consult doctor | medication
hepatitis A,"joint pain, vomiting, yellowish skin, dark urine, nausea, loss of appetite, abdominal pain, diarrhoea, mild fever, yellowing of eyes, muscle pain",Consult nearest hospital | wash hands through | avoid fatty spicy food | medication
Hepatitis B,"itching, fatigue, lethargy, yellowish skin, dark urine, loss of appetite, abdominal pain, yellow urine, yellowing of eyes, malaise, receiving blood transfusion, receiving unsterile injections",consult nearest hospital | vaccination | eat healthy | medication
Hepatitis C,"fatigue, yellowish skin, nausea, loss of appetite, yellowing of eyes, family history",Consult nearest hospital | vaccination | eat healthy | medication
Hepatitis D,"joint pain, vomiting, fatigue, yellowish skin, dark urine, nausea, loss of appetite, abdominal pain, yellowing of eyes",consult doctor | medication | eat healthy | follow up
Hepatitis E,"joint pain, vomiting, fatigue, high fever, yellowish skin, dark urine, nausea, loss of appetite, abdominal pain, yellowing of eyes, acute liver failure, coma, stomach bleeding",stop alcohol consumption | rest | consult doctor | medication
Alcoholic hepatitis,"vomiting, yellowish skin, abdominal pain, swelling of stomach, distention of abdomen, history of alcohol consumption, fluid overload",stop alcohol consumption | consult doctor | medication | follow up
Tuberculosis,"chills, vomiting, fatigue, weight loss, cough, high fever, breathlessness, sweating, loss of appetite, mild fever, yellowing of eyes, swelled lymph nodes, malaise, phlegm, chest pain, blood in sputum",cover mouth | consult doctor | medication | rest
Common Cold,"continuous sneezing, chills, fatigue, cough, high fever, headache, swelled lymph nodes, malaise, phlegm, throat irritation, redness of eyes, sinus pressure, runny nose, congestion, chest pain, loss of smell, muscle pain",drink vitamin c rich drinks | take vapour | avoid cold food | keep fever in check
Pneumonia,"chills, fatigue, cough, high fever, breathlessness, sweating, malaise, phlegm, chest pain, fast heart rate, rusty sputum",consult doctor | medication | rest | follow up
Dimorphic hemmorhoids(piles),"constipation, pain during bowel movements, pain in anal region, bloody stool, irritation in anus",avoid fatty spicy food | consume witch hazel | warm bath with epsom salt | consume alovera juice
Heart attack,"vomiting, breathlessness, sweating, chest pain",Consult a doctor | Get adequate rest | Stay hydrated | Follow prescribed treatment
Varicose veins,"fatigue, cramps, bruising, obesity, swollen legs, swollen blood vessels, prominent veins on calf",lie down flat and raise the leg high | use oinments | use vein compression | dont stand still for long
Hypothyroidism,"fatigue, weight gain, cold hands and feets, mood swings, lethargy, dizziness, puffy face and eyes, enlarged thyroid, brittle nails, swollen extremeties, depression, irritability, abnormal menstruation",reduce stress | exercise | eat healthy | get proper sleep
Hyperthyroidism,"fatigue, mood swings, weight loss, restlessness, sweating, diarrhoea, fast heart rate, excessive hunger, muscle weakness, irritability, abnormal menstruation",eat healthy | massage | use lemon balm | take radioactive iodine treatment
Hypoglycemia,"vomiting, fatigue, anxiety, sweating, headache, nausea, blurred and distorted vision, excessive hunger, drying and tingling lips, slurred speech, irritability, palpitations",lie down on side | check in pulse | drink sugary drinks | consult doctor
Osteoarthristis,"joint pain, neck pain, knee pain, hip joint pain, swelling joints, painful walking",acetaminophen | consult nearest hospital | follow up | salt baths
Arthritis,"muscle weakness, stiff neck, swelling joints, movement stiffness, painful walking",exercise | use hot and cold therapy | try acupuncture | massage
(vertigo) Paroymsal  Positional Vertigo,"vomiting, headache, nausea, spinning movements, loss of balance, unsteadiness",lie down | avoid sudden change in body | avoid abrupt head movment | relax
Acne,"skin rash, pus filled pimples, blackheads, scurring",bath twice | avoid fatty spicy food | drink plenty of water | avoid too many products
Urinary tract infection,"burning micturition, bladder discomfort, foul smell of urine, continuous feel of urine",drink plenty of water | increase vitamin c intake | drink cranberry juice | take probiotics
Psoriasis,"skin rash, joint pain, skin peeling, silver like dusting, small dents in nails, inflammatory nails",wash hands with warm soapy water | stop bleeding using pressure | consult doctor | salt baths
Impetigo,"skin rash, high fever, blister, red sore around nose, yellow crust ooze",soak affected area in warm water | use antibiotics | remove scabs with wet compressed cloth | consult doctor
Fungal infection,"itching, skin rash, nodal skin eruptions, dischromic  patches",bath twice | use detol or neem in bathing water | keep infected area dry | use clean cloths
Allergy,"continuous sneezing, shivering, chills, watering from eyes",Consult a doctor | Get adequate rest | Stay hydrated | Follow prescribed treatment
GERD,"stomach pain, acidity, ulcers on tongue, vomiting, cough, chest pain",avoid fatty spicy food | avoid lying down after eating | maintain healthy weight | exercise
Chronic cholestasis,"itching, vomiting, yellowish skin, nausea, loss of appetite, abdominal pain, yellowing of eyes",cold baths | anti itch medicine | consult doctor | eat healthy
Drug Reaction,"itching, skin rash, stomach pain, burning micturition, spotting  urination",Consult a doctor | Get adequate rest | Stay hydrated | Follow prescribed treatment
Peptic ulcer diseae,"vomiting, indigestion, loss of appetite, abdominal pain, passage of gases, internal itching",avoid fatty spicy food | consume probiotic food | eliminate milk | limit alcohol
AIDS,"muscle wasting, patches in throat, high fever, extra marital contacts",avoid open cuts | wear ppe if possible | consult doctor | follow up
Diabetes ,"fatigue, weight loss, restlessness, lethargy, irregular sugar level, blurred and distorted vision, obesity, excessive hunger, increased appetite, polyuria",have balanced diet | exercise | consult doctor | follow up
Gastroenteritis,"vomiting, sunken eyes, dehydration, diarrhoea",stop eating solid food for while | try taking small sips of water | rest | ease back into eating
Bronchial Asthma,"fatigue, cough, high fever, breathlessness, family history, mucoid sputum",switch to loose cloothing | take deep breaths | get away from trigger | seek help
Hypertension ,"headache, chest pain, dizziness, loss of balance, lack of concentration",meditation | salt baths | reduce stress | get proper sleep
Migraine,"acidity, indigestion, headache, blurred and distorted vision, excessive hunger, stiff neck, depression, irritability, visual disturbances",meditation | reduce stress | use poloroid glasses in sun | consult doctor
Cervical spondylosis,"back pain, weakness in limbs, neck pain, dizziness, loss of balance",use heating pad or cold pack | exercise | take otc pain reliver | consult doctor
Paralysis (brain hemorrhage),"vomiting, headache, weakness of one body side, altered sensorium",massage | eat healthy | exercise | consult doctor
Jaundice,"itching, vomiting, fatigue, weight loss, high fever, yellowish skin, dark urine, abdominal pain",drink plenty of water | consume milk thistle | eat fruits and high fiberous food | medication
Malaria,"chills, vomiting, high fever, sweating, headache, nausea, diarrhoea, muscle pain",Consult nearest hospital | avoid oily food | avoid non veg food | keep mosquitos out
Chicken pox,"itching, skin rash, fatigue, lethargy, high fever, headache, loss of appetite, mild fever, swelled lymph nodes, malaise, red spots over body",use neem in bathing | consume neem leaves | take vaccine | avoid public places
Dengue,"skin rash, chills, joint pain, vomiting, fatigue, high fever, headache, nausea, loss of appetite, pain behind the eyes, back pain, malaise, muscle pain, red spots over body",drink papaya leaf juice | avoid fatty spicy food | keep mosquitos away | keep hydrated
Typhoid,"chills, vomiting, fatigue, high fever, headache, nausea, constipation, abdominal pain, diarrhoea, toxic look (typhos), belly pain",eat high calorie vegitables | antiboitic therapy | consult doctor | medication
hepatitis A,"joint pain, vomiting, yellowish skin, dark urine, nausea, loss of appetite, abdominal pain, diarrhoea, mild fever, yellowing of eyes, muscle pain",Consult nearest hospital | wash hands through | avoid fatty spicy food | medication
Hepatitis B,"itching, fatigue, lethargy, yellowish skin, dark urine, loss of appetite, abdominal pain, yellow urine, yellowing of eyes, malaise, receiving blood transfusion, receiving unsterile injections",consult nearest hospital | vaccination | eat healthy | medication
Hepatitis C,"fatigue, yellowish skin, nausea, loss of appetite, yellowing of eyes, family history",Consult nearest hospital | vaccination | eat healthy | medication
Hepatitis D,"joint pain, vomiting, fatigue, yellowish skin, dark urine, nausea, loss of appetite, abdominal pain, yellowing of eyes",consult doctor | medication | eat healthy | follow up
Hepatitis E,"joint pain, vomiting, fatigue, high fever, yellowish skin, dark urine, nausea, loss of appetite, abdominal pain, yellowing of eyes, acute liver failure, coma, stomach bleeding",stop alcohol consumption | rest | consult doctor | medication
Alcoholic hepatitis,"vomiting, yellowish skin, abdominal pain, swelling of stomach, distention of abdomen, history of alcohol consumption, fluid overload",stop alcohol consumption | consult doctor | medication | follow up
Tuberculosis,"chills, vomiting, fatigue, weight loss, cough, high fever, breathlessness, sweating, loss of appetite, mild fever, yellowing of eyes, swelled lymph nodes, malaise, phlegm, chest pain, blood in sputum",cover mouth | consult doctor | medication | rest
Common Cold,"continuous sneezing, chills, fatigue, cough, high fever, headache, swelled lymph nodes, malaise, phlegm, throat irritation, redness of eyes, sinus pressure, runny nose, congestion, chest pain, loss of smell, muscle pain",drink vitamin c rich drinks | take vapour | avoid cold food | keep fever in check
Pneumonia,"chills, fatigue, cough, high fever, breathlessness, sweating, malaise, phlegm, chest pain, fast heart rate, rusty sputum",consult doctor | medication | rest | follow up
Dimorphic hemmorhoids(piles),"constipation, pain during bowel movements, pain in anal region, bloody stool, irritation in anus",avoid fatty spicy food | consume witch hazel | warm bath with epsom salt | consume alovera juice
Heart attack,"vomiting, breathlessness, sweating, chest pain",Consult a doctor | Get adequate rest | Stay hydrated | Follow prescribed treatment
Varicose veins,"fatigue, cramps, bruising, obesity, swollen legs, swollen blood vessels, prominent veins on calf",lie down flat and raise the leg high | use oinments | use vein compression | dont stand still for long
Hypothyroidism,"fatigue, weight gain, cold hands and feets, mood swings, lethargy, dizziness, puffy face and eyes, enlarged thyroid, brittle nails, swollen extremeties, depression, irritability, abnormal menstruation",reduce stress | exercise | eat healthy | get proper sleep
Hyperthyroidism,"fatigue, mood swings, weight loss, restlessness, sweating, diarrhoea, fast heart rate, excessive hunger, muscle weakness, irritability, abnormal menstruation",eat healthy | massage | use lemon balm | take radioactive iodine treatment
Hypoglycemia,"vomiting, fatigue, anxiety, sweating, headache, nausea, blurred and distorted vision, excessive hunger, drying and tingling lips, slurred speech, irritability, palpitations",lie down on side | check in pulse | drink sugary drinks | consult doctor
Osteoarthristis,"joint pain, neck pain, knee pain, hip joint pain, swelling joints, painful walking",acetaminophen | consult nearest hospital | follow up | salt baths
Arthritis,"muscle weakness, stiff neck, swelling joints, movement stiffness, painful walking",exercise | use hot and cold therapy | try acupuncture | massage
(vertigo) Paroymsal  Positional Vertigo,"vomiting, headache, nausea, spinning movements, loss of balance, unsteadiness",lie down | avoid sudden change in body | avoid abrupt head movment | relax
Acne,"skin rash, pus filled pimples, blackheads, scurring",bath twice | avoid fatty spicy food | drink plenty of water | avoid too many products
Urinary tract infection,"burning micturition, bladder discomfort, foul smell of urine, continuous feel of urine",drink plenty of water | increase vitamin c intake | drink cranberry juice | take probiotics
Psoriasis,"skin rash, joint pain, skin peeling, silver like dusting, small dents in nails, inflammatory nails",wash hands with warm soapy water | stop bleeding using pressure | consult doctor | salt baths
Impetigo,"skin rash, high fever, blister, red sore around nose, yellow crust ooze",soak affected area in warm water | use antibiotics | remove scabs with wet compressed cloth | consult doctor
Fungal infection,"itching, skin rash, nodal skin eruptions, dischromic  patches",bath twice | use detol or neem in bathing water | keep infected area dry | use clean cloths
Allergy,"continuous sneezing, shivering, chills, watering from eyes",Consult a doctor | Get adequate rest | Stay hydrated | Follow prescribed treatment
GERD,"stomach pain, acidity, ulcers on tongue, vomiting, cough, chest pain",avoid fatty spicy food | avoid lying down after eating | maintain healthy weight | exercise
Chronic cholestasis,"itching, vomiting, yellowish skin, nausea, loss of appetite, abdominal pain, yellowing of eyes",cold baths | anti itch medicine | consult doctor | eat healthy
Drug Reaction,"itching, skin rash, stomach pain, burning micturition, spotting  urination",Consult a doctor | Get adequate rest | Stay hydrated | Follow prescribed treatment
Peptic ulcer diseae,"vomiting, indigestion, loss of appetite, abdominal pain, passage of gases, internal itching",avoid fatty spicy food | consume probiotic food | eliminate milk | limit alcohol
AIDS,"muscle wasting, patches in throat, high fever, extra marital contacts",avoid open cuts | wear ppe if possible | consult doctor | follow up
Diabetes ,"fatigue, weight loss, restlessness, lethargy, irregular sugar level, blurred and distorted vision, obesity, excessive hunger, increased appetite, polyuria",have balanced diet | exercise | consult doctor | follow up
Gastroenteritis,"vomiting, sunken eyes, dehydration, diarrhoea",stop eating solid food for while | try taking small sips of water | rest | ease back into eating
Bronchial Asthma,"fatigue, cough, high fever, breathlessness, family history, mucoid sputum",switch to loose cloothing | take deep breaths | get away from trigger | seek help
Hypertension ,"headache, chest pain, dizziness, loss of balance, lack of concentration",meditation | salt baths | reduce stress | get proper sleep
Migraine,"acidity, indigestion, headache, blurred and distorted vision, excessive hunger, stiff neck, depression, irritability, visual disturbances",meditation | reduce stress | use poloroid glasses in sun | consult doctor
Cervical spondylosis,"back pain, weakness in limbs, neck pain, dizziness, loss of balance",use heating pad or cold pack | exercise | take otc pain reliver | consult doctor
Paralysis (brain hemorrhage),"vomiting, headache, weakness of one body side, altered sensorium",massage | eat healthy | exercise | consult doctor
Jaundice,"itching, vomiting, fatigue, weight loss, high fever, yellowish skin, dark urine, abdominal pain",drink plenty of water | consume milk thistle | eat fruits and high fiberous food | medication
Malaria,"chills, vomiting, high fever, sweating, headache, nausea, diarrhoea, muscle pain",Consult nearest hospital | avoid oily food | avoid non veg food | keep mosquitos out
Chicken pox,"itching, skin rash, fatigue, lethargy, high fever, headache, loss of appetite, mild fever, swelled lymph nodes, malaise, red spots over body",use neem in bathing | consume neem leaves | take vaccine | avoid public places
Dengue,"skin rash, chills, joint pain, vomiting, fatigue, high fever, headache, nausea, loss of appetite, pain behind the eyes, back pain, malaise, muscle pain, red spots over body",drink papaya leaf juice | avoid fatty spicy food | keep mosquitos away | keep hydrated
Typhoid,"chills, vomiting, fatigue, high fever, headache, nausea, constipation, abdominal pain, diarrhoea, toxic look (typhos), belly pain",eat high calorie vegitables | antiboitic therapy | consult doctor | medication
hepatitis A,"joint pain, vomiting, yellowish skin, dark urine, nausea, loss of appetite, abdominal pain, diarrhoea, mild fever, yellowing of eyes, muscle pain",Consult nearest hospital | wash hands through | avoid fatty spicy food | medication
Hepatitis B,"itching, fatigue, lethargy, yellowish skin, dark urine, loss of appetite, abdominal pain, yellow urine, yellowing of eyes, malaise, receiving blood transfusion, receiving unsterile injections",consult nearest hospital | vaccination | eat healthy | medication
Hepatitis C,"fatigue, yellowish skin, nausea, loss of appetite, yellowing of eyes, family history",Consult nearest hospital | vaccination | eat healthy | medication
Hepatitis D,"joint pain, vomiting, fatigue, yellowish skin, dark urine, nausea, loss of appetite, abdominal pain, yellowing of eyes",consult doctor | medication | eat healthy | follow up
Hepatitis E,"joint pain, vomiting, fatigue, high fever, yellowish skin, dark urine, nausea, loss of appetite, abdominal pain, yellowing of eyes, acute liver failure, coma, stomach bleeding",stop alcohol consumption | rest | consult doctor | medication
Alcoholic hepatitis,"vomiting, yellowish skin, abdominal pain, swelling of stomach, distention of abdomen, history of alcohol consumption, fluid overload",stop alcohol consumption | consult doctor | medication | follow up
Tuberculosis,"chills, vomiting, fatigue, weight loss, cough, high fever, breathlessness, sweating, loss of appetite, mild fever, yellowing of eyes, swelled lymph nodes, malaise, phlegm, chest pain, blood in sputum",cover mouth | consult doctor | medication | rest
Common Cold,"continuous sneezing, chills, fatigue, cough, high fever, headache, swelled lymph nodes, malaise, phlegm, throat irritation, redness of eyes, sinus pressure, runny nose, congestion, chest pain, loss of smell, muscle pain",drink vitamin c rich drinks | take vapour | avoid cold food | keep fever in check
Pneumonia,"chills, fatigue, cough, high fever, breathlessness, sweating, malaise, phlegm, chest pain, fast heart rate, rusty sputum",consult doctor | medication | rest | follow up
Dimorphic hemmorhoids(piles),"constipation, pain during bowel movements, pain in anal region, bloody stool, irritation in anus",avoid fatty spicy food | consume witch hazel | warm bath with epsom salt | consume alovera juice
Heart attack,"vomiting, breathlessness, sweating, chest pain",Consult a doctor | Get adequate rest | Stay hydrated | Follow prescribed treatment
Varicose veins,"fatigue, cramps, bruising, obesity, swollen legs, swollen blood vessels, prominent veins on calf",lie down flat and raise the leg high | use oinments | use vein compression | dont stand still for long
Hypothyroidism,"fatigue, weight gain, cold hands and feets, mood swings, lethargy, dizziness, puffy face and eyes, enlarged thyroid, brittle nails, swollen extremeties, depression, irritability, abnormal menstruation",reduce stress | exercise | eat healthy | get proper sleep
Hyperthyroidism,"fatigue, mood swings, weight loss, restlessness, sweating, diarrhoea, fast heart rate, excessive hunger, muscle weakness, irritability, abnormal menstruation",eat healthy | massage | use lemon balm | take radioactive iodine treatment
Hypoglycemia,"vomiting, fatigue, anxiety, sweating, headache, nausea, blurred and distorted vision, excessive hunger, drying and tingling lips, slurred speech, irritability, palpitations",lie down on side | check in pulse | drink sugary drinks | consult doctor
Osteoarthristis,"joint pain, neck pain, knee pain, hip joint pain, swelling joints, painful walking",acetaminophen | consult nearest hospital | follow up | salt baths
Arthritis,"muscle weakness, stiff neck, swelling joints, movement stiffness, painful walking",exercise | use hot and cold therapy | try acupuncture | massage
(vertigo) Paroymsal  Positional Vertigo,"vomiting, headache, nausea, spinning movements, loss of balance, unsteadiness",lie down | avoid sudden change in body | avoid abrupt head movment | relax
Acne,"skin rash, pus filled pimples, blackheads, scurring",bath twice | avoid fatty spicy food | drink plenty of water | avoid too many products
Urinary tract infection,"burning micturition, bladder discomfort, foul smell of urine, continuous feel of urine",drink plenty of water | increase vitamin c intake | drink cranberry juice | take probiotics
Psoriasis,"skin rash, joint pain, skin peeling, silver like dusting, small dents in nails, inflammatory nails",wash hands with warm soapy water | stop bleeding using pressure | consult doctor | salt baths
Impetigo,"skin rash, high fever, blister, red sore around nose, yellow crust ooze",soak affected area in warm water | use antibiotics | remove scabs with wet compressed cloth | consult doctor
Fungal infection,"itching, skin rash, nodal skin eruptions, dischromic  patches",bath twice | use detol or neem in bathing water | keep infected area dry | use clean cloths
Allergy,"continuous sneezing, shivering, chills, watering from eyes",Consult a doctor | Get adequate rest | Stay hydrated | Follow prescribed treatment
GERD,"stomach pain, acidity, ulcers on tongue, vomiting, cough, chest pain",avoid fatty spicy food | avoid lying down after eating | maintain healthy weight | exercise
Chronic cholestasis,"itching, vomiting, yellowish skin, nausea, loss of appetite, abdominal pain, yellowing of eyes",cold baths | anti itch medicine | consult doctor | eat healthy
Drug Reaction,"itching, skin rash, stomach pain, burning micturition, spotting  urination",Consult a doctor | Get adequate rest | Stay hydrated | Follow prescribed treatment
Peptic ulcer diseae,"vomiting, indigestion, loss of appetite, abdominal pain, passage of gases, internal itching",avoid fatty spicy food | consume probiotic food | eliminate milk | limit alcohol
AIDS,"muscle wasting, patches in throat, high fever, extra marital contacts",avoid open cuts | wear ppe if possible | consult doctor | follow up
Diabetes ,"fatigue, weight loss, restlessness, lethargy, irregular sugar level, blurred and distorted vision, obesity, excessive hunger, increased appetite, polyuria",have balanced diet | exercise | consult doctor | follow up
Gastroenteritis,"vomiting, sunken eyes, dehydration, diarrhoea",stop eating solid food for while | try taking small sips of water | rest | ease back into eating
Bronchial Asthma,"fatigue, cough, high fever, breathlessness, family history, mucoid sputum",switch to loose cloothing | take deep breaths | get away from trigger | seek help
Hypertension ,"headache, chest pain, dizziness, loss of balance, lack of concentration",meditation | salt baths | reduce stress | get proper sleep
Migraine,"acidity, indigestion, headache, blurred and distorted vision, excessive hunger, stiff neck, depression, irritability, visual disturbances",meditation | reduce stress | use poloroid glasses in sun | consult doctor
Cervical spondylosis,"back pain, weakness in limbs, neck pain, dizziness, loss of balance",use heating pad or cold pack | exercise | take otc pain reliver | consult doctor
Paralysis (brain hemorrhage),"vomiting, headache, weakness of one body side, altered sensorium",massage | eat healthy | exercise | consult doctor
Jaundice,"itching, vomiting, fatigue, weight loss, high fever, yellowish skin, dark urine, abdominal pain",drink plenty of water | consume milk thistle | eat fruits and high fiberous food | medication
Malaria,"chills, vomiting, high fever, sweating, headache, nausea, diarrhoea, muscle pain",Consult nearest hospital | avoid oily food | avoid non veg food | keep mosquitos out
Chicken pox,"itching, skin rash, fatigue, lethargy, high fever, headache, loss of appetite, mild fever, swelled lymph nodes, malaise, red spots over body",use neem in bathing | consume neem leaves | take vaccine | avoid public places
Dengue,"skin rash, chills, joint pain, vomiting, fatigue, high fever, headache, nausea, loss of appetite, pain behind the eyes, back pain, malaise, muscle pain, red spots over body",drink papaya leaf juice | avoid fatty spicy food | keep mosquitos away | keep hydrated
Typhoid,"chills, vomiting, fatigue, high fever, headache, nausea, constipation, abdominal pain, diarrhoea, toxic look (typhos), belly pain",eat high calorie vegitables | antiboitic therapy | consult doctor | medication
hepatitis A,"joint pain, vomiting, yellowish skin, dark urine, nausea, loss of appetite, abdominal pain, diarrhoea, mild fever, yellowing of eyes, muscle pain",Consult nearest hospital | wash hands through | avoid fatty spicy food | medication
Hepatitis B,"itching, fatigue, lethargy, yellowish skin, dark urine, loss of appetite, abdominal pain, yellow urine, yellowing of eyes, malaise, receiving blood transfusion, receiving unsterile injections",consult nearest hospital | vaccination | eat healthy | medication
Hepatitis C,"fatigue, yellowish skin, nausea, loss of appetite, yellowing of eyes, family history",Consult nearest hospital | vaccination | eat healthy | medication
Hepatitis D,"joint pain, vomiting, fatigue, yellowish skin, dark urine, nausea, loss of appetite, abdominal pain, yellowing of eyes",consult doctor | medication | eat healthy | follow up
Hepatitis E,"joint pain, vomiting, fatigue, high fever, yellowish skin, dark urine, nausea, loss of appetite, abdominal pain, yellowing of eyes, acute liver failure, coma, stomach bleeding",stop alcohol consumption | rest | consult doctor | medication
Alcoholic hepatitis,"vomiting, yellowish skin, abdominal pain, swelling of stomach, distention of abdomen, history of alcohol consumption, fluid overload",stop alcohol consumption | consult doctor | medication | follow up
Tuberculosis,"chills, vomiting, fatigue, weight loss, cough, high fever, breathlessness, sweating, loss of appetite, mild fever, yellowing of eyes, swelled lymph nodes, malaise, phlegm, chest pain, blood in sputum",cover mouth | consult doctor | medication | rest
Common Cold,"continuous sneezing, chills, fatigue, cough, high fever, headache, swelled lymph nodes, malaise, phlegm, throat irritation, redness of eyes, sinus pressure, runny nose, congestion, chest pain, loss of smell, muscle pain",drink vitamin c rich drinks | take vapour | avoid cold food | keep fever in check
Pneumonia,"chills, fatigue, cough, high fever, breathlessness, sweating, malaise, phlegm, chest pain, fast heart rate, rusty sputum",consult doctor | medication | rest | follow up
Dimorphic hemmorhoids(piles),"constipation, pain during bowel movements, pain in anal region, bloody stool, irritation in anus",avoid fatty spicy food | consume witch hazel | warm bath with epsom salt | consume alovera juice
Heart attack,"vomiting, breathlessness, sweating, chest pain",Consult a doctor | Get adequate rest | Stay hydrated | Follow prescribed treatment
Varicose veins,"fatigue, cramps, bruising, obesity, swollen legs, swollen blood vessels, prominent veins on calf",lie down flat and raise the leg high | use oinments | use vein compression | dont stand still for long
Hypothyroidism,"fatigue, weight gain, cold hands and feets, mood swings, lethargy, dizziness, puffy face and eyes, enlarged thyroid, brittle nails, swollen extremeties, depression, irritability, abnormal menstruation",reduce stress | exercise | eat healthy | get proper sleep
Hyperthyroidism,"fatigue, mood swings, weight loss, restlessness, sweating, diarrhoea, fast heart rate, excessive hunger, muscle weakness, irritability, abnormal menstruation",eat healthy | massage | use lemon balm | take radioactive iodine treatment
Hypoglycemia,"vomiting, fatigue, anxiety, sweating, headache, nausea, blurred and distorted vision, excessive hunger, drying and tingling lips, slurred speech, irritability, palpitations",lie down on side | check in pulse | drink sugary drinks | consult doctor
Osteoarthristis,"joint pain, neck pain, knee pain, hip joint pain, swelling joints, painful walking",acetaminophen | consult nearest hospital | follow up | salt baths
Arthritis,"muscle weakness, stiff neck, swelling joints, movement stiffness, painful walking",exercise | use hot and cold therapy | try acupuncture | massage
(vertigo) Paroymsal  Positional Vertigo,"vomiting, headache, nausea, spinning movements, loss of balance, unsteadiness",lie down | avoid sudden change in body | avoid abrupt head movment | relax
Acne,"skin rash, pus filled pimples, blackheads, scurring",bath twice | avoid fatty spicy food | drink plenty of water | avoid too many products
Urinary tract infection,"burning micturition, bladder discomfort, foul smell of urine, continuous feel of urine",drink plenty of water | increase vitamin c intake | drink cranberry juice | take probiotics
Psoriasis,"skin rash, joint pain, skin peeling, silver like dusting, small dents in nails, inflammatory nails",wash hands with warm soapy water | stop bleeding using pressure | consult doctor | salt baths
Impetigo,"skin rash, high fever, blister, red sore around nose, yellow crust ooze",soak affected area in warm water | use antibiotics | remove scabs with wet compressed cloth | consult doctor
Fungal infection,"itching, skin rash, nodal skin eruptions, dischromic  patches",bath twice | use detol or neem in bathing water | keep infected area dry | use clean cloths
Allergy,"continuous sneezing, shivering, chills, watering from eyes",Consult a doctor | Get adequate rest | Stay hydrated | Follow prescribed treatment
GERD,"stomach pain, acidity, ulcers on tongue, vomiting, cough, chest pain",avoid fatty spicy food | avoid lying down after eating | maintain healthy weight | exercise
Chronic cholestasis,"itching, vomiting, yellowish skin, nausea, loss of appetite, abdominal pain, yellowing of eyes",cold baths | anti itch medicine | consult doctor | eat healthy
Drug Reaction,"itching, skin rash, stomach pain, burning micturition, spotting  urination",Consult a doctor | Get adequate rest | Stay hydrated | Follow prescribed treatment
Peptic ulcer diseae,"vomiting, indigestion, loss of appetite, abdominal pain, passage of gases, internal itching",avoid fatty spicy food | consume probiotic food | eliminate milk | limit alcohol
AIDS,"muscle wasting, patches in throat, high fever, extra marital contacts",avoid open cuts | wear ppe if possible | consult doctor | follow up
Diabetes ,"fatigue, weight loss, restlessness, lethargy, irregular sugar level, blurred and distorted vision, obesity, excessive hunger, increased appetite, polyuria",have balanced diet | exercise | consult doctor | follow up
Gastroenteritis,"vomiting, sunken eyes, dehydration, diarrhoea",stop eating solid food for while | try taking small sips of water | rest | ease back into eating
Bronchial Asthma,"fatigue, cough, high fever, breathlessness, family history, mucoid sputum",switch to loose cloothing | take deep breaths | get away from trigger | seek help
Hypertension ,"headache, chest pain, dizziness, loss of balance, lack of concentration",meditation | salt baths | reduce stress | get proper sleep
Migraine,"acidity, indigestion, headache, blurred and distorted vision, excessive hunger, stiff neck, depression, irritability, visual disturbances",meditation | reduce stress | use poloroid glasses in sun | consult doctor
Cervical spondylosis,"back pain, weakness in limbs, neck pain, dizziness, loss of balance",use heating pad or cold pack | exercise | take otc pain reliver | consult doctor
Paralysis (brain hemorrhage),"vomiting, headache, weakness of one body side, altered sensorium",massage | eat healthy | exercise | consult doctor
Jaundice,"itching, vomiting, fatigue, weight loss, high fever, yellowish skin, dark urine, abdominal pain",drink plenty of water | consume milk thistle | eat fruits and high fiberous food | medication
Malaria,"chills, vomiting, high fever, sweating, headache, nausea, diarrhoea, muscle pain",Consult nearest hospital | avoid oily food | avoid non veg food | keep mosquitos out
Chicken pox,"itching, skin rash, fatigue, lethargy, high fever, headache, loss of appetite, mild fever, swelled lymph nodes, malaise, red spots over body",use neem in bathing | consume neem leaves | take vaccine | avoid public places
Dengue,"skin rash, chills, joint pain, vomiting, fatigue, high fever, headache, nausea, loss of appetite, pain behind the eyes, back pain, malaise, muscle pain, red spots over body",drink papaya leaf juice | avoid fatty spicy food | keep mosquitos away | keep hydrated
Typhoid,"chills, vomiting, fatigue, high fever, headache, nausea, constipation, abdominal pain, diarrhoea, toxic look (typhos), belly pain",eat high calorie vegitables | antiboitic therapy | consult doctor | medication
hepatitis A,"joint pain, vomiting, yellowish skin, dark urine, nausea, loss of appetite, abdominal pain, diarrhoea, mild fever, yellowing of eyes, muscle pain",Consult nearest hospital | wash hands through | avoid fatty spicy food | medication
Hepatitis B,"itching, fatigue, lethargy, yellowish skin, dark urine, loss of appetite, abdominal pain, yellow urine, yellowing of eyes, malaise, receiving blood transfusion, receiving unsterile injections",consult nearest hospital | vaccination | eat healthy | medication
Hepatitis C,"fatigue, yellowish skin, nausea, loss of appetite, yellowing of eyes, family history",Consult nearest hospital | vaccination | eat healthy | medication
Hepatitis D,"joint pain, vomiting, fatigue, yellowish skin, dark urine, nausea, loss of appetite, abdominal pain, yellowing of eyes",consult doctor | medication | eat healthy | follow up
Hepatitis E,"joint pain, vomiting, fatigue, high fever, yellowish skin, dark urine, nausea, loss of appetite, abdominal pain, yellowing of eyes, acute liver failure, coma, stomach bleeding",stop alcohol consumption | rest | consult doctor | medication
Alcoholic hepatitis,"vomiting, yellowish skin, abdominal pain, swelling of stomach, distention of abdomen, history of alcohol consumption, fluid overload",stop alcohol consumption | consult doctor | medication | follow up
Tuberculosis,"chills, vomiting, fatigue, weight loss, cough, high fever, breathlessness, sweating, loss of appetite, mild fever, yellowing of eyes, swelled lymph nodes, malaise, phlegm, chest pain, blood in sputum",cover mouth | consult doctor | medication | rest
Common Cold,"continuous sneezing, chills, fatigue, cough, high fever, headache, swelled lymph nodes, malaise, phlegm, throat irritation, redness of eyes, sinus pressure, runny nose, congestion, chest pain, loss of smell, muscle pain",drink vitamin c rich drinks | take vapour | avoid cold food | keep fever in check
Pneumonia,"chills, fatigue, cough, high fever, breathlessness, sweating, malaise, phlegm, chest pain, fast heart rate, rusty sputum",consult doctor | medication | rest | follow up
Dimorphic hemmorhoids(piles),"constipation, pain during bowel movements, pain in anal region, bloody stool, irritation in anus",avoid fatty spicy food | consume witch hazel | warm bath with epsom salt | consume alovera juice
Heart attack,"vomiting, breathlessness, sweating, chest pain",Consult a doctor | Get adequate rest | Stay hydrated | Follow prescribed treatment
Varicose veins,"fatigue, cramps, bruising, obesity, swollen legs, swollen blood vessels, prominent veins on calf",lie down flat and raise the leg high | use oinments | use vein compression | dont stand still for long
Hypothyroidism,"fatigue, weight gain, cold hands and feets, mood swings, lethargy, dizziness, puffy face and eyes, enlarged thyroid, brittle nails, swollen extremeties, depression, irritability, abnormal menstruation",reduce stress | exercise | eat healthy | get proper sleep
Hyperthyroidism,"fatigue, mood swings, weight loss, restlessness, sweating, diarrhoea, fast heart rate, excessive hunger, muscle weakness, irritability, abnormal menstruation",eat healthy | massage | use lemon balm | take radioactive iodine treatment
Hypoglycemia,"vomiting, fatigue, anxiety, sweating, headache, nausea, blurred and distorted vision, excessive hunger, drying and tingling lips, slurred speech, irritability, palpitations",lie down on side | check in pulse | drink sugary drinks | consult doctor
Osteoarthristis,"joint pain, neck pain, knee pain, hip joint pain, swelling joints, painful walking",acetaminophen | consult nearest hospital | follow up | salt baths
Arthritis,"muscle weakness, stiff neck, swelling joints, movement stiffness, painful walking",exercise | use hot and cold therapy | try acupuncture | massage
(vertigo) Paroymsal  Positional Vertigo,"vomiting, headache, nausea, spinning movements, loss of balance, unsteadiness",lie down | avoid sudden change in body | avoid abrupt head movment | relax
Acne,"skin rash, pus filled pimples, blackheads, scurring",bath twice | avoid fatty spicy food | drink plenty of water | avoid too many products
Urinary tract infection,"burning micturition, bladder discomfort, foul smell of urine, continuous feel of urine",drink plenty of water | increase vitamin c intake | drink cranberry juice | take probiotics
Psoriasis,"skin rash, joint pain, skin peeling, silver like dusting, small dents in nails, inflammatory nails",wash hands with warm soapy water | stop bleeding using pressure | consult doctor | salt baths
Impetigo,"skin rash, high fever, blister, red sore around nose, yellow crust ooze",soak affected area in warm water | use antibiotics | remove scabs with wet compressed cloth | consult doctor
Fungal infection,"itching, skin rash, nodal skin eruptions, dischromic  patches",bath twice | use detol or neem in bathing water | keep infected area dry | use clean cloths
Allergy,"continuous sneezing, shivering, chills, watering from eyes",Consult a doctor | Get adequate rest | Stay hydrated | Follow prescribed treatment
GERD,"stomach pain, acidity, ulcers on tongue, vomiting, cough, chest pain",avoid fatty spicy food | avoid lying down after eating | maintain healthy weight | exercise
Chronic cholestasis,"itching, vomiting, yellowish skin, nausea, loss of appetite, abdominal pain, yellowing of eyes",cold baths | anti itch medicine | consult doctor | eat healthy
Drug Reaction,"itching, skin rash, stomach pain, burning micturition, spotting  urination",Consult a doctor | Get adequate rest | Stay hydrated | Follow prescribed treatment
Peptic ulcer diseae,"vomiting, indigestion, loss of appetite, abdominal pain, passage of gases, internal itching",avoid fatty spicy food | consume probiotic food | eliminate milk | limit alcohol
AIDS,"muscle wasting, patches in throat, high fever, extra marital contacts",avoid open cuts | wear ppe if possible | consult doctor | follow up
Diabetes ,"fatigue, weight loss, restlessness, lethargy, irregular sugar level, blurred and distorted vision, obesity, excessive hunger, increased appetite, polyuria",have balanced diet | exercise | consult doctor | follow up
Gastroenteritis,"vomiting, sunken eyes, dehydration, diarrhoea",stop eating solid food for while | try taking small sips of water | rest | ease back into eating
Bronchial Asthma,"fatigue, cough, high fever, breathlessness, family history, mucoid sputum",switch to loose cloothing | take deep breaths | get away from trigger | seek help
Hypertension ,"headache, chest pain, dizziness, loss of balance, lack of concentration",meditation | salt baths | reduce stress | get proper sleep
Migraine,"acidity, indigestion, headache, blurred and distorted vision, excessive hunger, stiff neck, depression, irritability, visual disturbances",meditation | reduce stress | use poloroid glasses in sun | consult doctor
Cervical spondylosis,"back pain, weakness in limbs, neck pain, dizziness, loss of balance",use heating pad or cold pack | exercise | take otc pain reliver | consult doctor
Paralysis (brain hemorrhage),"vomiting, headache, weakness of one body side, altered sensorium",massage | eat healthy | exercise | consult doctor
Jaundice,"itching, vomiting, fatigue, weight loss, high fever, yellowish skin, dark urine, abdominal pain",drink plenty of water | consume milk thistle | eat fruits and high fiberous food | medication
Malaria,"chills, vomiting, high fever, sweating, headache, nausea, diarrhoea, muscle pain",Consult nearest hospital | avoid oily food | avoid non veg food | keep mosquitos out
Chicken pox,"itching, skin rash, fatigue, lethargy, high fever, headache, loss of appetite, mild fever, swelled lymph nodes, malaise, red spots over body",use neem in bathing | consume neem leaves | take vaccine | avoid public places
Dengue,"skin rash, chills, joint pain, vomiting, fatigue, high fever, headache, nausea, loss of appetite, pain behind the eyes, back pain, malaise, muscle pain, red spots over body",drink papaya leaf juice | avoid fatty spicy food | keep mosquitos away | keep hydrated
Typhoid,"chills, vomiting, fatigue, high fever, headache, nausea, constipation, abdominal pain, diarrhoea, toxic look (typhos), belly pain",eat high calorie vegitables | antiboitic therapy | consult doctor | medication
hepatitis A,"joint pain, vomiting, yellowish skin, dark urine, nausea, loss of appetite, abdominal pain, diarrhoea, mild fever, yellowing of eyes, muscle pain",Consult nearest hospital | wash hands through | avoid fatty spicy food | medication
Hepatitis B,"itching, fatigue, lethargy, yellowish skin, dark urine, loss of appetite, abdominal pain, yellow urine, yellowing of eyes, malaise, receiving blood transfusion, receiving unsterile injections",consult nearest hospital | vaccination | eat healthy | medication
Hepatitis C,"fatigue, yellowish skin, nausea, loss of appetite, yellowing of eyes, family history",Consult nearest hospital | vaccination | eat healthy | medication
Hepatitis D,"joint pain, vomiting, fatigue, yellowish skin, dark urine, nausea, loss of appetite, abdominal pain, yellowing of eyes",consult doctor | medication | eat healthy | follow up
Hepatitis E,"joint pain, vomiting, fatigue, high fever, yellowish skin, dark urine, nausea, loss of appetite, abdominal pain, yellowing of eyes, acute liver failure, coma, stomach bleeding",stop alcohol consumption | rest | consult doctor | medication
Alcoholic hepatitis,"vomiting, yellowish skin, abdominal pain, swelling of stomach, distention of abdomen, history of alcohol consumption, fluid overload",stop alcohol consumption | consult doctor | medication | follow up
Tuberculosis,"chills, vomiting, fatigue, weight loss, cough, high fever, breathlessness, sweating, loss of appetite, mild fever, yellowing of eyes, swelled lymph nodes, malaise, phlegm, chest pain, blood in sputum",cover mouth | consult doctor | medication | rest
Common Cold,"continuous sneezing, chills, fatigue, cough, high fever, headache, swelled lymph nodes, malaise, phlegm, throat irritation, redness of eyes, sinus pressure, runny nose, congestion, chest pain, loss of smell, muscle pain",drink vitamin c rich drinks | take vapour | avoid cold food | keep fever in check
Pneumonia,"chills, fatigue, cough, high fever, breathlessness, sweating, malaise, phlegm, chest pain, fast heart rate, rusty sputum",consult doctor | medication | rest | follow up
Dimorphic hemmorhoids(piles),"constipation, pain during bowel movements, pain in anal region, bloody stool, irritation in anus",avoid fatty spicy food | consume witch hazel | warm bath with epsom salt | consume alovera juice
Heart attack,"vomiting, breathlessness, sweating, chest pain",Consult a doctor | Get adequate rest | Stay hydrated | Follow prescribed treatment
Varicose veins,"fatigue, cramps, bruising, obesity, swollen legs, swollen blood vessels, prominent veins on calf",lie down flat and raise the leg high | use oinments | use vein compression | dont stand still for long
Hypothyroidism,"fatigue, weight gain, cold hands and feets, mood swings, lethargy, dizziness, puffy face and eyes, enlarged thyroid, brittle nails, swollen extremeties, depression, irritability, abnormal menstruation",reduce stress | exercise | eat healthy | get proper sleep
Hyperthyroidism,"fatigue, mood swings, weight loss, restlessness, sweating, diarrhoea, fast heart rate, excessive hunger, muscle weakness, irritability, abnormal menstruation",eat healthy | massage | use lemon balm | take radioactive iodine treatment
Hypoglycemia,"vomiting, fatigue, anxiety, sweating, headache, nausea, blurred and distorted vision, excessive hunger, drying and tingling lips, slurred speech, irritability, palpitations",lie down on side | check in pulse | drink sugary drinks | consult doctor
Osteoarthristis,"joint pain, neck pain, knee pain, hip joint pain, swelling joints, painful walking",acetaminophen | consult nearest hospital | follow up | salt baths
Arthritis,"muscle weakness, stiff neck, swelling joints, movement stiffness, painful walking",exercise | use hot and cold therapy | try acupuncture | massage
(vertigo) Paroymsal  Positional Vertigo,"vomiting, headache, nausea, spinning movements, loss of balance, unsteadiness",lie down | avoid sudden change in body | avoid abrupt head movment | relax
Acne,"skin rash, pus filled pimples, blackheads, scurring",bath twice | avoid fatty spicy food | drink plenty of water | avoid too many products
Urinary tract infection,"burning micturition, bladder discomfort, foul smell of urine, continuous feel of urine",drink plenty of water | increase vitamin c intake | drink cranberry juice | take probiotics
Psoriasis,"skin rash, joint pain, skin peeling, silver like dusting, small dents in nails, inflammatory nails",wash hands with warm soapy water | stop bleeding using pressure | consult doctor | salt baths
Impetigo,"skin rash, high fever, blister, red sore around nose, yellow crust ooze",soak affected area in warm water | use antibiotics | remove scabs with wet compressed cloth | consult doctor
Fungal infection,"itching, skin rash, nodal skin eruptions, dischromic  patches",bath twice | use detol or neem in bathing water | keep infected area dry | use clean cloths
Allergy,"continuous sneezing, shivering, chills, watering from eyes",Consult a doctor | Get adequate rest | Stay hydrated | Follow prescribed treatment
GERD,"stomach pain, acidity, ulcers on tongue, vomiting, cough, chest pain",avoid fatty spicy food | avoid lying down after eating | maintain healthy weight | exercise
Chronic cholestasis,"itching, vomiting, yellowish skin, nausea, loss of appetite, abdominal pain, yellowing of eyes",cold baths | anti itch medicine | consult doctor | eat healthy
Drug Reaction,"itching, skin rash, stomach pain, burning micturition, spotting  urination",Consult a doctor | Get adequate rest | Stay hydrated | Follow prescribed treatment
Peptic ulcer diseae,"vomiting, indigestion, loss of appetite, abdominal pain, passage of gases, internal itching",avoid fatty spicy food | consume probiotic food | eliminate milk | limit alcohol
AIDS,"muscle wasting, patches in throat, high fever, extra marital contacts",avoid open cuts | wear ppe if possible | consult doctor | follow up
Diabetes ,"fatigue, weight loss, restlessness, lethargy, irregular sugar level, blurred and distorted vision, obesity, excessive hunger, increased appetite, polyuria",have balanced diet | exercise | consult doctor | follow up
Gastroenteritis,"vomiting, sunken eyes, dehydration, diarrhoea",stop eating solid food for while | try taking small sips of water | rest | ease back into eating
Bronchial Asthma,"fatigue, cough, high fever, breathlessness, family history, mucoid sputum",switch to loose cloothing | take deep breaths | get away from trigger | seek help
Hypertension ,"headache, chest pain, dizziness, loss of balance, lack of concentration",meditation | salt baths | reduce stress | get proper sleep
Migraine,"acidity, indigestion, headache, blurred and distorted vision, excessive hunger, stiff neck, depression, irritability, visual disturbances",meditation | reduce stress | use poloroid glasses in sun | consult doctor
Cervical spondylosis,"back pain, weakness in limbs, neck pain, dizziness, loss of balance",use heating pad or cold pack | exercise | take otc pain reliver | consult doctor
Paralysis (brain hemorrhage),"vomiting, headache, weakness of one body side, altered sensorium",massage | eat healthy | exercise | consult doctor
Jaundice,"itching, vomiting, fatigue, weight loss, high fever, yellowish skin, dark urine, abdominal pain",drink plenty of water | consume milk thistle | eat fruits and high fiberous food | medication
Malaria,"chills, vomiting, high fever, sweating, headache, nausea, diarrhoea, muscle pain",Consult nearest hospital | avoid oily food | avoid non veg food | keep mosquitos out
Chicken pox,"itching, skin rash, fatigue, lethargy, high fever, headache, loss of appetite, mild fever, swelled lymph nodes, malaise, red spots over body",use neem in bathing | consume neem leaves | take vaccine | avoid public places
Dengue,"skin rash, chills, joint pain, vomiting, fatigue, high fever, headache, nausea, loss of appetite, pain behind the eyes, back pain, malaise, muscle pain, red spots over body",drink papaya leaf juice | avoid fatty spicy food | keep mosquitos away | keep hydrated
Typhoid,"chills, vomiting, fatigue, high fever, headache, nausea, constipation, abdominal pain, diarrhoea, toxic look (typhos), belly pain",eat high calorie vegitables | antiboitic therapy | consult doctor | medication
hepatitis A,"joint pain, vomiting, yellowish skin, dark urine, nausea, loss of appetite, abdominal pain, diarrhoea, mild fever, yellowing of eyes, muscle pain",Consult nearest hospital | wash hands through | avoid fatty spicy food | medication
Hepatitis B,"itching, fatigue, lethargy, yellowish skin, dark urine, loss of appetite, abdominal pain, yellow urine, yellowing of eyes, malaise, receiving blood transfusion, receiving unsterile injections",consult nearest hospital | vaccination | eat healthy | medication
Hepatitis C,"fatigue, yellowish skin, nausea, loss of appetite, yellowing of eyes, family history",Consult nearest hospital | vaccination | eat healthy | medication
Hepatitis D,"joint pain, vomiting, fatigue, yellowish skin, dark urine, nausea, loss of appetite, abdominal pain, yellowing of eyes",consult doctor | medication | eat healthy | follow up
Hepatitis E,"joint pain, vomiting, fatigue, high fever, yellowish skin, dark urine, nausea, loss of appetite, abdominal pain, yellowing of eyes, acute liver failure, coma, stomach bleeding",stop alcohol consumption | rest | consult doctor | medication
Alcoholic hepatitis,"vomiting, yellowish skin, abdominal pain, swelling of stomach, distention of abdomen, history of alcohol consumption, fluid overload",stop alcohol consumption | consult doctor | medication | follow up
Tuberculosis,"chills, vomiting, fatigue, weight loss, cough, high fever, breathlessness, sweating, loss of appetite, mild fever, yellowing of eyes, swelled lymph nodes, malaise, phlegm, chest pain, blood in sputum",cover mouth | consult doctor | medication | rest
Common Cold,"continuous sneezing, chills, fatigue, cough, high fever, headache, swelled lymph nodes, malaise, phlegm, throat irritation, redness of eyes, sinus pressure, runny nose, congestion, chest pain, loss of smell, muscle pain",drink vitamin c rich drinks | take vapour | avoid cold food | keep fever in check
Pneumonia,"chills, fatigue, cough, high fever, breathlessness, sweating, malaise, phlegm, chest pain, fast heart rate, rusty sputum",consult doctor | medication | rest | follow up
Dimorphic hemmorhoids(piles),"constipation, pain during bowel movements, pain in anal region, bloody stool, irritation in anus",avoid fatty spicy food | consume witch hazel | warm bath with epsom salt | consume alovera juice
Heart attack,"vomiting, breathlessness, sweating, chest pain",Consult a doctor | Get adequate rest | Stay hydrated | Follow prescribed treatment
Varicose veins,"fatigue, cramps, bruising, obesity, swollen legs, swollen blood vessels, prominent veins on calf",lie down flat and raise the leg high | use oinments | use vein compression | dont stand still for long
Hypothyroidism,"fatigue, weight gain, cold hands and feets, mood swings, lethargy, dizziness, puffy face and eyes, enlarged thyroid, brittle nails, swollen extremeties, depression, irritability, abnormal menstruation",reduce stress | exercise | eat healthy | get proper sleep
Hyperthyroidism,"fatigue, mood swings, weight loss, restlessness, sweating, diarrhoea, fast heart rate, excessive hunger, muscle weakness, irritability, abnormal menstruation",eat healthy | massage | use lemon balm | take radioactive iodine treatment
Hypoglycemia,"vomiting, fatigue, anxiety, sweating, headache, nausea, blurred and distorted vision, excessive hunger, drying and tingling lips, slurred speech, irritability, palpitations",lie down on side | check in pulse | drink sugary drinks | consult doctor
Osteoarthristis,"joint pain, neck pain, knee pain, hip joint pain, swelling joints, painful walking",acetaminophen | consult nearest hospital | follow up | salt baths
Arthritis,"muscle weakness, stiff neck, swelling joints, movement stiffness, painful walking",exercise | use hot and cold therapy | try acupuncture | massage
(vertigo) Paroymsal  Positional Vertigo,"vomiting, headache, nausea, spinning movements, loss of balance, unsteadiness",lie down | avoid sudden change in body | avoid abrupt head movment | relax
Acne,"skin rash, pus filled pimples, blackheads, scurring",bath twice | avoid fatty spicy food | drink plenty of water | avoid too many products
Urinary tract infection,"burning micturition, bladder discomfort, foul smell of urine, continuous feel of urine",drink plenty of water | increase vitamin c intake | drink cranberry juice | take probiotics
Psoriasis,"skin rash, joint pain, skin peeling, silver like dusting, small dents in nails, inflammatory nails",wash hands with warm soapy water | stop bleeding using pressure | consult doctor | salt baths
Impetigo,"skin rash, high fever, blister, red sore around nose, yellow crust ooze",soak affected area in warm water | use antibiotics | remove scabs with wet compressed cloth | consult doctor
Fungal infection,"itching, skin rash, nodal skin eruptions, dischromic  patches",bath twice | use detol or neem in bathing water | keep infected area dry | use clean cloths
Allergy,"continuous sneezing, shivering, chills, watering from eyes",Consult a doctor | Get adequate rest | Stay hydrated | Follow prescribed treatment
GERD,"stomach pain, acidity, ulcers on tongue, vomiting, cough, chest pain",avoid fatty spicy food | avoid lying down after eating | maintain healthy weight | exercise
Chronic cholestasis,"itching, vomiting, yellowish skin, nausea, loss of appetite, abdominal pain, yellowing of eyes",cold baths | anti itch medicine | consult doctor | eat healthy
Drug Reaction,"itching, skin rash, stomach pain, burning micturition, spotting  urination",Consult a doctor | Get adequate rest | Stay hydrated | Follow prescribed treatment
Peptic ulcer diseae,"vomiting, indigestion, loss of appetite, abdominal pain, passage of gases, internal itching",avoid fatty spicy food | consume probiotic food | eliminate milk | limit alcohol
AIDS,"muscle wasting, patches in throat, high fever, extra marital contacts",avoid open cuts | wear ppe if possible | consult doctor | follow up
Diabetes ,"fatigue, weight loss, restlessness, lethargy, irregular sugar level, blurred and distorted vision, obesity, excessive hunger, increased appetite, polyuria",have balanced diet | exercise | consult doctor | follow up
Gastroenteritis,"vomiting, sunken eyes, dehydration, diarrhoea",stop eating solid food for while | try taking small sips of water | rest | ease back into eating
Bronchial Asthma,"fatigue, cough, high fever, breathlessness, family history, mucoid sputum",switch to loose cloothing | take deep breaths | get away from trigger | seek help
Hypertension ,"headache, chest pain, dizziness, loss of balance, lack of concentration",meditation | salt baths | reduce stress | get proper sleep
Migraine,"acidity, indigestion, headache, blurred and distorted vision, excessive hunger, stiff neck, depression, irritability, visual disturbances",meditation | reduce stress | use poloroid glasses in sun | consult doctor
Cervical spondylosis,"back pain, weakness in limbs, neck pain, dizziness, loss of balance",use heating pad or cold pack | exercise | take otc pain reliver | consult doctor
Paralysis (brain hemorrhage),"vomiting, headache, weakness of one body side, altered sensorium",massage | eat healthy | exercise | consult doctor
Jaundice,"itching, vomiting, fatigue, weight loss, high fever, yellowish skin, dark urine, abdominal pain",drink plenty of water | consume milk thistle | eat fruits and high fiberous food | medication
Malaria,"chills, vomiting, high fever, sweating, headache, nausea, diarrhoea, muscle pain",Consult nearest hospital | avoid oily food | avoid non veg food | keep mosquitos out
Chicken pox,"itching, skin rash, fatigue, lethargy, high fever, headache, loss of appetite, mild fever, swelled lymph nodes, malaise, red spots over body",use neem in bathing | consume neem leaves | take vaccine | avoid public places
Dengue,"skin rash, chills, joint pain, vomiting, fatigue, high fever, headache, nausea, loss of appetite, pain behind the eyes, back pain, malaise, muscle pain, red spots over body",drink papaya leaf juice | avoid fatty spicy food | keep mosquitos away | keep hydrated
Typhoid,"chills, vomiting, fatigue, high fever, headache, nausea, constipation, abdominal pain, diarrhoea, toxic look (typhos), belly pain",eat high calorie vegitables | antiboitic therapy | consult doctor | medication
hepatitis A,"joint pain, vomiting, yellowish skin, dark urine, nausea, loss of appetite, abdominal pain, diarrhoea, mild fever, yellowing of eyes, muscle pain",Consult nearest hospital | wash hands through | avoid fatty spicy food | medication
Hepatitis B,"itching, fatigue, lethargy, yellowish skin, dark urine, loss of appetite, abdominal pain, yellow urine, yellowing of eyes, malaise, receiving blood transfusion, receiving unsterile injections",consult nearest hospital | vaccination | eat healthy | medication
Hepatitis C,"fatigue, yellowish skin, nausea, loss of appetite, yellowing of eyes, family history",Consult nearest hospital | vaccination | eat healthy | medication
Hepatitis D,"joint pain, vomiting, fatigue, yellowish skin, dark urine, nausea, loss of appetite, abdominal pain, yellowing of eyes",consult doctor | medication | eat healthy | follow up
Hepatitis E,"joint pain, vomiting, fatigue, high fever, yellowish skin, dark urine, nausea, loss of appetite, abdominal pain, yellowing of eyes, acute liver failure, coma, stomach bleeding",stop alcohol consumption | rest | consult doctor | medication
Alcoholic hepatitis,"vomiting, yellowish skin, abdominal pain, swelling of stomach, distention of abdomen, history of alcohol consumption, fluid overload",stop alcohol consumption | consult doctor | medication | follow up
Tuberculosis,"chills, vomiting, fatigue, weight loss, cough, high fever, breathlessness, sweating, loss of appetite, mild fever, yellowing of eyes, swelled lymph nodes, malaise, phlegm, chest pain, blood in sputum",cover mouth | consult doctor | medication | rest
Common Cold,"continuous sneezing, chills, fatigue, cough, high fever, headache, swelled lymph nodes, malaise, phlegm, throat irritation, redness of eyes, sinus pressure, runny nose, congestion, chest pain, loss of smell, muscle pain",drink vitamin c rich drinks | take vapour | avoid cold food | keep fever in check
Pneumonia,"chills, fatigue, cough, high fever, breathlessness, sweating, malaise, phlegm, chest pain, fast heart rate, rusty sputum",consult doctor | medication | rest | follow up
Dimorphic hemmorhoids(piles),"constipation, pain during bowel movements, pain in anal region, bloody stool, irritation in anus",avoid fatty spicy food | consume witch hazel | warm bath with epsom salt | consume alovera juice
Heart attack,"vomiting, breathlessness, sweating, chest pain",Consult a doctor | Get adequate rest | Stay hydrated | Follow prescribed treatment
Varicose veins,"fatigue, cramps, bruising, obesity, swollen legs, swollen blood vessels, prominent veins on calf",lie down flat and raise the leg high | use oinments | use vein compression | dont stand still for long
Hypothyroidism,"fatigue, weight gain, cold hands and feets, mood swings, lethargy, dizziness, puffy face and eyes, enlarged thyroid, brittle nails, swollen extremeties, depression, irritability, abnormal menstruation",reduce stress | exercise | eat healthy | get proper sleep
Hyperthyroidism,"fatigue, mood swings, weight loss, restlessness, sweating, diarrhoea, fast heart rate, excessive hunger, muscle weakness, irritability, abnormal menstruation",eat healthy | massage | use lemon balm | take radioactive iodine treatment
Hypoglycemia,"vomiting, fatigue, anxiety, sweating, headache, nausea, blurred and distorted vision, excessive hunger, drying and tingling lips, slurred speech, irritability, palpitations",lie down on side | check in pulse | drink sugary drinks | consult doctor
Osteoarthristis,"joint pain, neck pain, knee pain, hip joint pain, swelling joints, painful walking",acetaminophen | consult nearest hospital | follow up | salt baths
Arthritis,"muscle weakness, stiff neck, swelling joints, movement stiffness, painful walking",exercise | use hot and cold therapy | try acupuncture | massage
(vertigo) Paroymsal  Positional Vertigo,"vomiting, headache, nausea, spinning movements, loss of balance, unsteadiness",lie down | avoid sudden change in body | avoid abrupt head movment | relax
Acne,"skin rash, pus filled pimples, blackheads, scurring",bath twice | avoid fatty spicy food | drink plenty of water | avoid too many products
Urinary tract infection,"burning micturition, bladder discomfort, foul smell of urine, continuous feel of urine",drink plenty of water | increase vitamin c intake | drink cranberry juice | take probiotics
Psoriasis,"skin rash, joint pain, skin peeling, silver like dusting, small dents in nails, inflammatory nails",wash hands with warm soapy water | stop bleeding using pressure | consult doctor | salt baths
Impetigo,"skin rash, high fever, blister, red sore around nose, yellow crust ooze",soak affected area in warm water | use antibiotics | remove scabs with wet compressed cloth | consult doctor
Fungal infection,"itching, skin rash, nodal skin eruptions, dischromic  patches",bath twice | use detol or neem in bathing water | keep infected area dry | use clean cloths
Allergy,"continuous sneezing, shivering, chills, watering from eyes",Consult a doctor | Get adequate rest | Stay hydrated | Follow prescribed treatment
GERD,"stomach pain, acidity, ulcers on tongue, vomiting, cough, chest pain",avoid fatty spicy food | avoid lying down after eating | maintain healthy weight | exercise
Chronic cholestasis,"itching, vomiting, yellowish skin, nausea, loss of appetite, abdominal pain, yellowing of eyes",cold baths | anti itch medicine | consult doctor | eat healthy
Drug Reaction,"itching, skin rash, stomach pain, burning micturition, spotting  urination",Consult a doctor | Get adequate rest | Stay hydrated | Follow prescribed treatment
Peptic ulcer diseae,"vomiting, indigestion, loss of appetite, abdominal pain, passage of gases, internal itching",avoid fatty spicy food | consume probiotic food | eliminate milk | limit alcohol
AIDS,"muscle wasting, patches in throat, high fever, extra marital contacts",avoid open cuts | wear ppe if possible | consult doctor | follow up
Diabetes ,"fatigue, weight loss, restlessness, lethargy, irregular sugar level, blurred and distorted vision, obesity, excessive hunger, increased appetite, polyuria",have balanced diet | exercise | consult doctor | follow up
Gastroenteritis,"vomiting, sunken eyes, dehydration, diarrhoea",stop eating solid food for while | try taking small sips of water | rest | ease back into eating
Bronchial Asthma,"fatigue, cough, high fever, breathlessness, family history, mucoid sputum",switch to loose cloothing | take deep breaths | get away from trigger | seek help
Hypertension ,"headache, chest pain, dizziness, loss of balance, lack of concentration",meditation | salt baths | reduce stress | get proper sleep
Migraine,"acidity, indigestion, headache, blurred and distorted vision, excessive hunger, stiff neck, depression, irritability, visual disturbances",meditation | reduce stress | use poloroid glasses in sun | consult doctor
Cervical spondylosis,"back pain, weakness in limbs, neck pain, dizziness, loss of balance",use heating pad or cold pack | exercise | take otc pain reliver | consult doctor
Paralysis (brain hemorrhage),"vomiting, headache, weakness of one body side, altered sensorium",massage | eat healthy | exercise | consult doctor
Jaundice,"itching, vomiting, fatigue, weight loss, high fever, yellowish skin, dark urine, abdominal pain",drink plenty of water | consume milk thistle | eat fruits and high fiberous food | medication
Malaria,"chills, vomiting, high fever, sweating, headache, nausea, diarrhoea, muscle pain",Consult nearest hospital | avoid oily food | avoid non veg food | keep mosquitos out
Chicken pox,"itching, skin rash, fatigue, lethargy, high fever, headache, loss of appetite, mild fever, swelled lymph nodes, malaise, red spots over body",use neem in bathing | consume neem leaves | take vaccine | avoid public places
Dengue,"skin rash, chills, joint pain, vomiting, fatigue, high fever, headache, nausea, loss of appetite, pain behind the eyes, back pain, malaise, muscle pain, red spots over body",drink papaya leaf juice | avoid fatty spicy food | keep mosquitos away | keep hydrated
Typhoid,"chills, vomiting, fatigue, high fever, headache, nausea, constipation, abdominal pain, diarrhoea, toxic look (typhos), belly pain",eat high calorie vegitables | antiboitic therapy | consult doctor | medication
hepatitis A,"joint pain, vomiting, yellowish skin, dark urine, nausea, loss of appetite, abdominal pain, diarrhoea, mild fever, yellowing of eyes, muscle pain",Consult nearest hospital | wash hands through | avoid fatty spicy food | medication
Hepatitis B,"itching, fatigue, lethargy, yellowish skin, dark urine, loss of appetite, abdominal pain, yellow urine, yellowing of eyes, malaise, receiving blood transfusion, receiving unsterile injections",consult nearest hospital | vaccination | eat healthy | medication
Hepatitis C,"fatigue, yellowish skin, nausea, loss of appetite, yellowing of eyes, family history",Consult nearest hospital | vaccination | eat healthy | medication
Hepatitis D,"joint pain, vomiting, fatigue, yellowish skin, dark urine, nausea, loss of appetite, abdominal pain, yellowing of eyes",consult doctor | medication | eat healthy | follow up
Hepatitis E,"joint pain, vomiting, fatigue, high fever, yellowish skin, dark urine, nausea, loss of appetite, abdominal pain, yellowing of eyes, acute liver failure, coma, stomach bleeding",stop alcohol consumption | rest | consult doctor | medication
Alcoholic hepatitis,"vomiting, yellowish skin, abdominal pain, swelling of stomach, distention of abdomen, history of alcohol consumption, fluid overload",stop alcohol consumption | consult doctor | medication | follow up
Tuberculosis,"chills, vomiting, fatigue, weight loss, cough, high fever, breathlessness, sweating, loss of appetite, mild fever, yellowing of eyes, swelled lymph nodes, malaise, phlegm, chest pain, blood in sputum",cover mouth | consult doctor | medication | rest
Common Cold,"continuous sneezing, chills, fatigue, cough, high fever, headache, swelled lymph nodes, malaise, phlegm, throat irritation, redness of eyes, sinus pressure, runny nose, congestion, chest pain, loss of smell, muscle pain",drink vitamin c rich drinks | take vapour | avoid cold food | keep fever in check
Pneumonia,"chills, fatigue, cough, high fever, breathlessness, sweating, malaise, phlegm, chest pain, fast heart rate, rusty sputum",consult doctor | medication | rest | follow up
Dimorphic hemmorhoids(piles),"constipation, pain during bowel movements, pain in anal region, bloody stool, irritation in anus",avoid fatty spicy food | consume witch hazel | warm bath with epsom salt | consume alovera juice
Heart attack,"vomiting, breathlessness, sweating, chest pain",Consult a doctor | Get adequate rest | Stay hydrated | Follow prescribed treatment
Varicose veins,"fatigue, cramps, bruising, obesity, swollen legs, swollen blood vessels, prominent veins on calf",lie down flat and raise the leg high | use oinments | use vein compression | dont stand still for long
Hypothyroidism,"fatigue, weight gain, cold hands and feets, mood swings, lethargy, dizziness, puffy face and eyes, enlarged thyroid, brittle nails, swollen extremeties, depression, irritability, abnormal menstruation",reduce stress | exercise | eat healthy | get proper sleep
Hyperthyroidism,"fatigue, mood swings, weight loss, restlessness, sweating, diarrhoea, fast heart rate, excessive hunger, muscle weakness, irritability, abnormal menstruation",eat healthy | massage | use lemon balm | take radioactive iodine treatment
Hypoglycemia,"vomiting, fatigue, anxiety, sweating, headache, nausea, blurred and distorted vision, excessive hunger, drying and tingling lips, slurred speech, irritability, palpitations",lie down on side | check in pulse | drink sugary drinks | consult doctor
Osteoarthristis,"joint pain, neck pain, knee pain, hip joint pain, swelling joints, painful walking",acetaminophen | consult nearest hospital | follow up | salt baths
Arthritis,"muscle weakness, stiff neck, swelling joints, movement stiffness, painful walking",exercise | use hot and cold therapy | try acupuncture | massage
(vertigo) Paroymsal  Positional Vertigo,"vomiting, headache, nausea, spinning movements, loss of balance, unsteadiness",lie down | avoid sudden change in body | avoid abrupt head movment | relax
Acne,"skin rash, pus filled pimples, blackheads, scurring",bath twice | avoid fatty spicy food | drink plenty of water | avoid too many products
Urinary tract infection,"burning micturition, bladder discomfort, foul smell of urine, continuous feel of urine",drink plenty of water | increase vitamin c intake | drink cranberry juice | take probiotics
Psoriasis,"skin rash, joint pain, skin peeling, silver like dusting, small dents in nails, inflammatory nails",wash hands with warm soapy water | stop bleeding using pressure | consult doctor | salt baths
Impetigo,"skin rash, high fever, blister, red sore around nose, yellow crust ooze",soak affected area in warm water | use antibiotics | remove scabs with wet compressed cloth | consult doctor
Fungal infection,"itching, skin rash, nodal skin eruptions, dischromic  patches",bath twice | use detol or neem in bathing water | keep infected area dry | use clean cloths
Allergy,"continuous sneezing, shivering, chills, watering from eyes",Consult a doctor | Get adequate rest | Stay hydrated | Follow prescribed treatment
GERD,"stomach pain, acidity, ulcers on tongue, vomiting, cough, chest pain",avoid fatty spicy food | avoid lying down after eating | maintain healthy weight | exercise
Chronic cholestasis,"itching, vomiting, yellowish skin, nausea, loss of appetite, abdominal pain, yellowing of eyes",cold baths | anti itch medicine | consult doctor | eat healthy
Drug Reaction,"itching, skin rash, stomach pain, burning micturition, spotting  urination",Consult a doctor | Get adequate rest | Stay hydrated | Follow prescribed treatment
Peptic ulcer diseae,"vomiting, indigestion, loss of appetite, abdominal pain, passage of gases, internal itching",avoid fatty spicy food | consume probiotic food | eliminate milk | limit alcohol
AIDS,"muscle wasting, patches in throat, high fever, extra marital contacts",avoid open cuts | wear ppe if possible | consult doctor | follow up
Diabetes ,"fatigue, weight loss, restlessness, lethargy, irregular sugar level, blurred and distorted vision, obesity, excessive hunger, increased appetite, polyuria",have balanced diet | exercise | consult doctor | follow up
Gastroenteritis,"vomiting, sunken eyes, dehydration, diarrhoea",stop eating solid food for while | try taking small sips of water | rest | ease back into eating
Bronchial Asthma,"fatigue, cough, high fever, breathlessness, family history, mucoid sputum",switch to loose cloothing | take deep breaths | get away from trigger | seek help
Hypertension ,"headache, chest pain, dizziness, loss of balance, lack of concentration",meditation | salt baths | reduce stress | get proper sleep
Migraine,"acidity, indigestion, headache, blurred and distorted vision, excessive hunger, stiff neck, depression, irritability, visual disturbances",meditation | reduce stress | use poloroid glasses in sun | consult doctor
Cervical spondylosis,"back pain, weakness in limbs, neck pain, dizziness, loss of balance",use heating pad or cold pack | exercise | take otc pain reliver | consult doctor
Paralysis (brain hemorrhage),"vomiting, headache, weakness of one body side, altered sensorium",massage | eat healthy | exercise | consult doctor
Jaundice,"itching, vomiting, fatigue, weight loss, high fever, yellowish skin, dark urine, abdominal pain",drink plenty of water | consume milk thistle | eat fruits and high fiberous food | medication
Malaria,"chills, vomiting, high fever, sweating, headache, nausea, diarrhoea, muscle pain",Consult nearest hospital | avoid oily food | avoid non veg food | keep mosquitos out
Chicken pox,"itching, skin rash, fatigue, lethargy, high fever, headache, loss of appetite, mild fever, swelled lymph nodes, malaise, red spots over body",use neem in bathing | consume neem leaves | take vaccine | avoid public places
Dengue,"skin rash, chills, joint pain, vomiting, fatigue, high fever, headache, nausea, loss of appetite, pain behind the eyes, back pain, malaise, muscle pain, red spots over body",drink papaya leaf juice | avoid fatty spicy food | keep mosquitos away | keep hydrated
Typhoid,"chills, vomiting, fatigue, high fever, headache, nausea, constipation, abdominal pain, diarrhoea, toxic look (typhos), belly pain",eat high calorie vegitables | antiboitic therapy | consult doctor | medication
hepatitis A,"joint pain, vomiting, yellowish skin, dark urine, nausea, loss of appetite, abdominal pain, diarrhoea, mild fever, yellowing of eyes, muscle pain",Consult nearest hospital | wash hands through | avoid fatty spicy food | medication
Hepatitis B,"itching, fatigue, lethargy, yellowish skin, dark urine, loss of appetite, abdominal pain, yellow urine, yellowing of eyes, malaise, receiving blood transfusion, receiving unsterile injections",consult nearest hospital | vaccination | eat healthy | medication
Hepatitis C,"fatigue, yellowish skin, nausea, loss of appetite, yellowing of eyes, family history",Consult nearest hospital | vaccination | eat healthy | medication
Hepatitis D,"joint pain, vomiting, fatigue, yellowish skin, dark urine, nausea, loss of appetite, abdominal pain, yellowing of eyes",consult doctor | medication | eat healthy | follow up
Hepatitis E,"joint pain, vomiting, fatigue, high fever, yellowish skin, dark urine, nausea, loss of appetite, abdominal pain, yellowing of eyes, acute liver failure, coma, stomach bleeding",stop alcohol consumption | rest | consult doctor | medication
Alcoholic hepatitis,"vomiting, yellowish skin, abdominal pain, swelling of stomach, distention of abdomen, history of alcohol consumption, fluid overload",stop alcohol consumption | consult doctor | medication | follow up
Tuberculosis,"chills, vomiting, fatigue, weight loss, cough, high fever, breathlessness, sweating, loss of appetite, mild fever, yellowing of eyes, swelled lymph nodes, malaise, phlegm, chest pain, blood in sputum",cover mouth | consult doctor | medication | rest
Common Cold,"continuous sneezing, chills, fatigue, cough, high fever, headache, swelled lymph nodes, malaise, phlegm, throat irritation, redness of eyes, sinus pressure, runny nose, congestion, chest pain, loss of smell, muscle pain",drink vitamin c rich drinks | take vapour | avoid cold food | keep fever in check
Pneumonia,"chills, fatigue, cough, high fever, breathlessness, sweating, malaise, phlegm, chest pain, fast heart rate, rusty sputum",consult doctor | medication | rest | follow up
Dimorphic hemmorhoids(piles),"constipation, pain during bowel movements, pain in anal region, bloody stool, irritation in anus",avoid fatty spicy food | consume witch hazel | warm bath with epsom salt | consume alovera juice
Heart attack,"vomiting, breathlessness, sweating, chest pain",Consult a doctor | Get adequate rest | Stay hydrated | Follow prescribed treatment
Varicose veins,"fatigue, cramps, bruising, obesity, swollen legs, swollen blood vessels, prominent veins on calf",lie down flat and raise the leg high | use oinments | use vein compression | dont stand still for long
Hypothyroidism,"fatigue, weight gain, cold hands and feets, mood swings, lethargy, dizziness, puffy face and eyes, enlarged thyroid, brittle nails, swollen extremeties, depression, irritability, abnormal menstruation",reduce stress | exercise | eat healthy | get proper sleep
Hyperthyroidism,"fatigue, mood swings, weight loss, restlessness, sweating, diarrhoea, fast heart rate, excessive hunger, muscle weakness, irritability, abnormal menstruation",eat healthy | massage | use lemon balm | take radioactive iodine treatment
Hypoglycemia,"vomiting, fatigue, anxiety, sweating, headache, nausea, blurred and distorted vision, excessive hunger, drying and tingling lips, slurred speech, irritability, palpitations",lie down on side | check in pulse | drink sugary drinks | consult doctor
Osteoarthristis,"joint pain, neck pain, knee pain, hip joint pain, swelling joints, painful walking",acetaminophen | consult nearest hospital | follow up | salt baths
Arthritis,"muscle weakness, stiff neck, swelling joints, movement stiffness, painful walking",exercise | use hot and cold therapy | try acupuncture | massage
(vertigo) Paroymsal  Positional Vertigo,"vomiting, headache, nausea, spinning movements, loss of balance, unsteadiness",lie down | avoid sudden change in body | avoid abrupt head movment | relax
Acne,"skin rash, pus filled pimples, blackheads, scurring",bath twice | avoid fatty spicy food | drink plenty of water | avoid too many products
Urinary tract infection,"burning micturition, bladder discomfort, foul smell of urine, continuous feel of urine",drink plenty of water | increase vitamin c intake | drink cranberry juice | take probiotics
Psoriasis,"skin rash, joint pain, skin peeling, silver like dusting, small dents in nails, inflammatory nails",wash hands with warm soapy water | stop bleeding using pressure | consult doctor | salt baths
Impetigo,"skin rash, high fever, blister, red sore around nose, yellow crust ooze",soak affected area in warm water | use antibiotics | remove scabs with wet compressed cloth | consult doctor
Fungal infection,"itching, skin rash, nodal skin eruptions, dischromic  patches",bath twice | use detol or neem in bathing water | keep infected area dry | use clean cloths
Allergy,"continuous sneezing, shivering, chills, watering from eyes",Consult a doctor | Get adequate rest | Stay hydrated | Follow prescribed treatment
GERD,"stomach pain, acidity, ulcers on tongue, vomiting, cough, chest pain",avoid fatty spicy food | avoid lying down after eating | maintain healthy weight | exercise
Chronic cholestasis,"itching, vomiting, yellowish skin, nausea, loss of appetite, abdominal pain, yellowing of eyes",cold baths | anti itch medicine | consult doctor | eat healthy
Drug Reaction,"itching, skin rash, stomach pain, burning micturition, spotting  urination",Consult a doctor | Get adequate rest | Stay hydrated | Follow prescribed treatment
Peptic ulcer diseae,"vomiting, indigestion, loss of appetite, abdominal pain, passage of gases, internal itching",avoid fatty spicy food | consume probiotic food | eliminate milk | limit alcohol
AIDS,"muscle wasting, patches in throat, high fever, extra marital contacts",avoid open cuts | wear ppe if possible | consult doctor | follow up
Diabetes ,"fatigue, weight loss, restlessness, lethargy, irregular sugar level, blurred and distorted vision, obesity, excessive hunger, increased appetite, polyuria",have balanced diet | exercise | consult doctor | follow up
Gastroenteritis,"vomiting, sunken eyes, dehydration, diarrhoea",stop eating solid food for while | try taking small sips of water | rest | ease back into eating
Bronchial Asthma,"fatigue, cough, high fever, breathlessness, family history, mucoid sputum",switch to loose cloothing | take deep breaths | get away from trigger | seek help
Hypertension ,"headache, chest pain, dizziness, loss of balance, lack of concentration",meditation | salt baths | reduce stress | get proper sleep
Migraine,"acidity, indigestion, headache, blurred and distorted vision, excessive hunger, stiff neck, depression, irritability, visual disturbances",meditation | reduce stress | use poloroid glasses in sun | consult doctor
Cervical spondylosis,"back pain, weakness in limbs, neck pain, dizziness, loss of balance",use heating pad or cold pack | exercise | take otc pain reliver | consult doctor
Paralysis (brain hemorrhage),"vomiting, headache, weakness of one body side, altered sensorium",massage | eat healthy | exercise | consult doctor
Jaundice,"itching, vomiting, fatigue, weight loss, high fever, yellowish skin, dark urine, abdominal pain",drink plenty of water | consume milk thistle | eat fruits and high fiberous food | medication
Malaria,"chills, vomiting, high fever, sweating, headache, nausea, diarrhoea, muscle pain",Consult nearest hospital | avoid oily food | avoid non veg food | keep mosquitos out
Chicken pox,"itching, skin rash, fatigue, lethargy, high fever, headache, loss of appetite, mild fever, swelled lymph nodes, malaise, red spots over body",use neem in bathing | consume neem leaves | take vaccine | avoid public places
Dengue,"skin rash, chills, joint pain, vomiting, fatigue, high fever, headache, nausea, loss of appetite, pain behind the eyes, back pain, malaise, muscle pain, red spots over body",drink papaya leaf juice | avoid fatty spicy food | keep mosquitos away | keep hydrated
Typhoid,"chills, vomiting, fatigue, high fever, headache, nausea, constipation, abdominal pain, diarrhoea, toxic look (typhos), belly pain",eat high calorie vegitables | antiboitic therapy | consult doctor | medication
hepatitis A,"joint pain, vomiting, yellowish skin, dark urine, nausea, loss of appetite, abdominal pain, diarrhoea, mild fever, yellowing of eyes, muscle pain",Consult nearest hospital | wash hands through | avoid fatty spicy food | medication
Hepatitis B,"itching, fatigue, lethargy, yellowish skin, dark urine, loss of appetite, abdominal pain, yellow urine, yellowing of eyes, malaise, receiving blood transfusion, receiving unsterile injections",consult nearest hospital | vaccination | eat healthy | medication
Hepatitis C,"fatigue, yellowish skin, nausea, loss of appetite, yellowing of eyes, family history",Consult nearest hospital | vaccination | eat healthy | medication
Hepatitis D,"joint pain, vomiting, fatigue, yellowish skin, dark urine, nausea, loss of appetite, abdominal pain, yellowing of eyes",consult doctor | medication | eat healthy | follow up
Hepatitis E,"joint pain, vomiting, fatigue, high fever, yellowish skin, dark urine, nausea, loss of appetite, abdominal pain, yellowing of eyes, acute liver failure, coma, stomach bleeding",stop alcohol consumption | rest | consult doctor | medication
Alcoholic hepatitis,"vomiting, yellowish skin, abdominal pain, swelling of stomach, distention of abdomen, history of alcohol consumption, fluid overload",stop alcohol consumption | consult doctor | medication | follow up
Tuberculosis,"chills, vomiting, fatigue, weight loss, cough, high fever, breathlessness, sweating, loss of appetite, mild fever, yellowing of eyes, swelled lymph nodes, malaise, phlegm, chest pain, blood in sputum",cover mouth | consult doctor | medication | rest
Common Cold,"continuous sneezing, chills, fatigue, cough, high fever, headache, swelled lymph nodes, malaise, phlegm, throat irritation, redness of eyes, sinus pressure, runny nose, congestion, chest pain, loss of smell, muscle pain",drink vitamin c rich drinks | take vapour | avoid cold food | keep fever in check
Pneumonia,"chills, fatigue, cough, high fever, breathlessness, sweating, malaise, phlegm, chest pain, fast heart rate, rusty sputum",consult doctor | medication | rest | follow up
Dimorphic hemmorhoids(piles),"constipation, pain during bowel movements, pain in anal region, bloody stool, irritation in anus",avoid fatty spicy food | consume witch hazel | warm bath with epsom salt | consume alovera juice
Heart attack,"vomiting, breathlessness, sweating, chest pain",Consult a doctor | Get adequate rest | Stay hydrated | Follow prescribed treatment
Varicose veins,"fatigue, cramps, bruising, obesity, swollen legs, swollen blood vessels, prominent veins on calf",lie down flat and raise the leg high | use oinments | use vein compression | dont stand still for long
Hypothyroidism,"fatigue, weight gain, cold hands and feets, mood swings, lethargy, dizziness, puffy face and eyes, enlarged thyroid, brittle nails, swollen extremeties, depression, irritability, abnormal menstruation",reduce stress | exercise | eat healthy | get proper sleep
Hyperthyroidism,"fatigue, mood swings, weight loss, restlessness, sweating, diarrhoea, fast heart rate, excessive hunger, muscle weakness, irritability, abnormal menstruation",eat healthy | massage | use lemon balm | take radioactive iodine treatment
Hypoglycemia,"vomiting, fatigue, anxiety, sweating, headache, nausea, blurred and distorted vision, excessive hunger, drying and tingling lips, slurred speech, irritability, palpitations",lie down on side | check in pulse | drink sugary drinks | consult doctor
Osteoarthristis,"joint pain, neck pain, knee pain, hip joint pain, swelling joints, painful walking",acetaminophen | consult nearest hospital | follow up | salt baths
Arthritis,"muscle weakness, stiff neck, swelling joints, movement stiffness, painful walking",exercise | use hot and cold therapy | try acupuncture | massage
(vertigo) Paroymsal  Positional Vertigo,"vomiting, headache, nausea, spinning movements, loss of balance, unsteadiness",lie down | avoid sudden change in body | avoid abrupt head movment | relax
Acne,"skin rash, pus filled pimples, blackheads, scurring",bath twice | avoid fatty spicy food | drink plenty of water | avoid too many products
Urinary tract infection,"burning micturition, bladder discomfort, foul smell of urine, continuous feel of urine",drink plenty of water | increase vitamin c intake | drink cranberry juice | take probiotics
Psoriasis,"skin rash, joint pain, skin peeling, silver like dusting, small dents in nails, inflammatory nails",wash hands with warm soapy water | stop bleeding using pressure | consult doctor | salt baths
Impetigo,"skin rash, high fever, blister, red sore around nose, yellow crust ooze",soak affected area in warm water | use antibiotics | remove scabs with wet compressed cloth | consult doctor
Fungal infection,"itching, skin rash, nodal skin eruptions, dischromic  patches",bath twice | use detol or neem in bathing water | keep infected area dry | use clean cloths
Allergy,"continuous sneezing, shivering, chills, watering from eyes",Consult a doctor | Get adequate rest | Stay hydrated | Follow prescribed treatment
GERD,"stomach pain, acidity, ulcers on tongue, vomiting, cough, chest pain",avoid fatty spicy food | avoid lying down after eating | maintain healthy weight | exercise
Chronic cholestasis,"itching, vomiting, yellowish skin, nausea, loss of appetite, abdominal pain, yellowing of eyes",cold baths | anti itch medicine | consult doctor | eat healthy
Drug Reaction,"itching, skin rash, stomach pain, burning micturition, spotting  urination",Consult a doctor | Get adequate rest | Stay hydrated | Follow prescribed treatment
Peptic ulcer diseae,"vomiting, indigestion, loss of appetite, abdominal pain, passage of gases, internal itching",avoid fatty spicy food | consume probiotic food | eliminate milk | limit alcohol
AIDS,"muscle wasting, patches in throat, high fever, extra marital contacts",avoid open cuts | wear ppe if possible | consult doctor | follow up
Diabetes ,"fatigue, weight loss, restlessness, lethargy, irregular sugar level, blurred and distorted vision, obesity, excessive hunger, increased appetite, polyuria",have balanced diet | exercise | consult doctor | follow up
Gastroenteritis,"vomiting, sunken eyes, dehydration, diarrhoea",stop eating solid food for while | try taking small sips of water | rest | ease back into eating
Bronchial Asthma,"fatigue, cough, high fever, breathlessness, family history, mucoid sputum",switch to loose cloothing | take deep breaths | get away from trigger | seek help
Hypertension ,"headache, chest pain, dizziness, loss of balance, lack of concentration",meditation | salt baths | reduce stress | get proper sleep
Migraine,"acidity, indigestion, headache, blurred and distorted vision, excessive hunger, stiff neck, depression, irritability, visual disturbances",meditation | reduce stress | use poloroid glasses in sun | consult doctor
Cervical spondylosis,"back pain, weakness in limbs, neck pain, dizziness, loss of balance",use heating pad or cold pack | exercise | take otc pain reliver | consult doctor
Paralysis (brain hemorrhage),"vomiting, headache, weakness of one body side, altered sensorium",massage | eat healthy | exercise | consult doctor
Jaundice,"itching, vomiting, fatigue, weight loss, high fever, yellowish skin, dark urine, abdominal pain",drink plenty of water | consume milk thistle | eat fruits and high fiberous food | medication
Malaria,"chills, vomiting, high fever, sweating, headache, nausea, diarrhoea, muscle pain",Consult nearest hospital | avoid oily food | avoid non veg food | keep mosquitos out
Chicken pox,"itching, skin rash, fatigue, lethargy, high fever, headache, loss of appetite, mild fever, swelled lymph nodes, malaise, red spots over body",use neem in bathing | consume neem leaves | take vaccine | avoid public places
Dengue,"skin rash, chills, joint pain, vomiting, fatigue, high fever, headache, nausea, loss of appetite, pain behind the eyes, back pain, malaise, muscle pain, red spots over body",drink papaya leaf juice | avoid fatty spicy food | keep mosquitos away | keep hydrated
Typhoid,"chills, vomiting, fatigue, high fever, headache, nausea, constipation, abdominal pain, diarrhoea, toxic look (typhos), belly pain",eat high calorie vegitables | antiboitic therapy | consult doctor | medication
hepatitis A,"joint pain, vomiting, yellowish skin, dark urine, nausea, loss of appetite, abdominal pain, diarrhoea, mild fever, yellowing of eyes, muscle pain",Consult nearest hospital | wash hands through | avoid fatty spicy food | medication
Hepatitis B,"itching, fatigue, lethargy, yellowish skin, dark urine, loss of appetite, abdominal pain, yellow urine, yellowing of eyes, malaise, receiving blood transfusion, receiving unsterile injections",consult nearest hospital | vaccination | eat healthy | medication
Hepatitis C,"fatigue, yellowish skin, nausea, loss of appetite, yellowing of eyes, family history",Consult nearest hospital | vaccination | eat healthy | medication
Hepatitis D,"joint pain, vomiting, fatigue, yellowish skin, dark urine, nausea, loss of appetite, abdominal pain, yellowing of eyes",consult doctor | medication | eat healthy | follow up
Hepatitis E,"joint pain, vomiting, fatigue, high fever, yellowish skin, dark urine, nausea, loss of appetite, abdominal pain, yellowing of eyes, acute liver failure, coma, stomach bleeding",stop alcohol consumption | rest | consult doctor | medication
Alcoholic hepatitis,"vomiting, yellowish skin, abdominal pain, swelling of stomach, distention of abdomen, history of alcohol consumption, fluid overload",stop alcohol consumption | consult doctor | medication | follow up
Tuberculosis,"chills, vomiting, fatigue, weight loss, cough, high fever, breathlessness, sweating, loss of appetite, mild fever, yellowing of eyes, swelled lymph nodes, malaise, phlegm, chest pain, blood in sputum",cover mouth | consult doctor | medication | rest
Common Cold,"continuous sneezing, chills, fatigue, cough, high fever, headache, swelled lymph nodes, malaise, phlegm, throat irritation, redness of eyes, sinus pressure, runny nose, congestion, chest pain, loss of smell, muscle pain",drink vitamin c rich drinks | take vapour | avoid cold food | keep fever in check
Pneumonia,"chills, fatigue, cough, high fever, breathlessness, sweating, malaise, phlegm, chest pain, fast heart rate, rusty sputum",consult doctor | medication | rest | follow up
Dimorphic hemmorhoids(piles),"constipation, pain during bowel movements, pain in anal region, bloody stool, irritation in anus",avoid fatty spicy food | consume witch hazel | warm bath with epsom salt | consume alovera juice
Heart attack,"vomiting, breathlessness, sweating, chest pain",Consult a doctor | Get adequate rest | Stay hydrated | Follow prescribed treatment
Varicose veins,"fatigue, cramps, bruising, obesity, swollen legs, swollen blood vessels, prominent veins on calf",lie down flat and raise the leg high | use oinments | use vein compression | dont stand still for long
Hypothyroidism,"fatigue, weight gain, cold hands and feets, mood swings, lethargy, dizziness, puffy face and eyes, enlarged thyroid, brittle nails, swollen extremeties, depression, irritability, abnormal menstruation",reduce stress | exercise | eat healthy | get proper sleep
Hyperthyroidism,"fatigue, mood swings, weight loss, restlessness, sweating, diarrhoea, fast heart rate, excessive hunger, muscle weakness, irritability, abnormal menstruation",eat healthy | massage | use lemon balm | take radioactive iodine treatment
Hypoglycemia,"vomiting, fatigue, anxiety, sweating, headache, nausea, blurred and distorted vision, excessive hunger, drying and tingling lips, slurred speech, irritability, palpitations",lie down on side | check in pulse | drink sugary drinks | consult doctor
Osteoarthristis,"joint pain, neck pain, knee pain, hip joint pain, swelling joints, painful walking",acetaminophen | consult nearest hospital | follow up | salt baths
Arthritis,"muscle weakness, stiff neck, swelling joints, movement stiffness, painful walking",exercise | use hot and cold therapy | try acupuncture | massage
(vertigo) Paroymsal  Positional Vertigo,"vomiting, headache, nausea, spinning movements, loss of balance, unsteadiness",lie down | avoid sudden change in body | avoid abrupt head movment | relax
Acne,"skin rash, pus filled pimples, blackheads, scurring",bath twice | avoid fatty spicy food | drink plenty of water | avoid too many products
Urinary tract infection,"burning micturition, bladder discomfort, foul smell of urine, continuous feel of urine",drink plenty of water | increase vitamin c intake | drink cranberry juice | take probiotics
Psoriasis,"skin rash, joint pain, skin peeling, silver like dusting, small dents in nails, inflammatory nails",wash hands with warm soapy water | stop bleeding using pressure | consult doctor | salt baths
Impetigo,"skin rash, high fever, blister, red sore around nose, yellow crust ooze",soak affected area in warm water | use antibiotics | remove scabs with wet compressed cloth | consult doctor
Fungal infection,"itching, skin rash, nodal skin eruptions, dischromic  patches",bath twice | use detol or neem in bathing water | keep infected area dry | use clean cloths
Allergy,"continuous sneezing, shivering, chills, watering from eyes",Consult a doctor | Get adequate rest | Stay hydrated | Follow prescribed treatment
GERD,"stomach pain, acidity, ulcers on tongue, vomiting, cough, chest pain",avoid fatty spicy food | avoid lying down after eating | maintain healthy weight | exercise
Chronic cholestasis,"itching, vomiting, yellowish skin, nausea, loss of appetite, abdominal pain, yellowing of eyes",cold baths | anti itch medicine | consult doctor | eat healthy
Drug Reaction,"itching, skin rash, stomach pain, burning micturition, spotting  urination",Consult a doctor | Get adequate rest | Stay hydrated | Follow prescribed treatment
Peptic ulcer diseae,"vomiting, indigestion, loss of appetite, abdominal pain, passage of gases, internal itching",avoid fatty spicy food | consume probiotic food | eliminate milk | limit alcohol
AIDS,"muscle wasting, patches in throat, high fever, extra marital contacts",avoid open cuts | wear ppe if possible | consult doctor | follow up
Diabetes ,"fatigue, weight loss, restlessness, lethargy, irregular sugar level, blurred and distorted vision, obesity, excessive hunger, increased appetite, polyuria",have balanced diet | exercise | consult doctor | follow up
Gastroenteritis,"vomiting, sunken eyes, dehydration, diarrhoea",stop eating solid food for while | try taking small sips of water | rest | ease back into eating
Bronchial Asthma,"fatigue, cough, high fever, breathlessness, family history, mucoid sputum",switch to loose cloothing | take deep breaths | get away from trigger | seek help
Hypertension ,"headache, chest pain, dizziness, loss of balance, lack of concentration",meditation | salt baths | reduce stress | get proper sleep
Migraine,"acidity, indigestion, headache, blurred and distorted vision, excessive hunger, stiff neck, depression, irritability, visual disturbances",meditation | reduce stress | use poloroid glasses in sun | consult doctor
Cervical spondylosis,"back pain, weakness in limbs, neck pain, dizziness, loss of balance",use heating pad or cold pack | exercise | take otc pain reliver | consult doctor
Paralysis (brain hemorrhage),"vomiting, headache, weakness of one body side, altered sensorium",massage | eat healthy | exercise | consult doctor
Jaundice,"itching, vomiting, fatigue, weight loss, high fever, yellowish skin, dark urine, abdominal pain",drink plenty of water | consume milk thistle | eat fruits and high fiberous food | medication
Malaria,"chills, vomiting, high fever, sweating, headache, nausea, diarrhoea, muscle pain",Consult nearest hospital | avoid oily food | avoid non veg food | keep mosquitos out
Chicken pox,"itching, skin rash, fatigue, lethargy, high fever, headache, loss of appetite, mild fever, swelled lymph nodes, malaise, red spots over body",use neem in bathing | consume neem leaves | take vaccine | avoid public places
Dengue,"skin rash, chills, joint pain, vomiting, fatigue, high fever, headache, nausea, loss of appetite, pain behind the eyes, back pain, malaise, muscle pain, red spots over body",drink papaya leaf juice | avoid fatty spicy food | keep mosquitos away | keep hydrated
Typhoid,"chills, vomiting, fatigue, high fever, headache, nausea, constipation, abdominal pain, diarrhoea, toxic look (typhos), belly pain",eat high calorie vegitables | antiboitic therapy | consult doctor | medication
hepatitis A,"joint pain, vomiting, yellowish skin, dark urine, nausea, loss of appetite, abdominal pain, diarrhoea, mild fever, yellowing of eyes, muscle pain",Consult nearest hospital | wash hands through | avoid fatty spicy food | medication
Hepatitis B,"itching, fatigue, lethargy, yellowish skin, dark urine, loss of appetite, abdominal pain, yellow urine, yellowing of eyes, malaise, receiving blood transfusion, receiving unsterile injections",consult nearest hospital | vaccination | eat healthy | medication
Hepatitis C,"fatigue, yellowish skin, nausea, loss of appetite, yellowing of eyes, family history",Consult nearest hospital | vaccination | eat healthy | medication
Hepatitis D,"joint pain, vomiting, fatigue, yellowish skin, dark urine, nausea, loss of appetite, abdominal pain, yellowing of eyes",consult doctor | medication | eat healthy | follow up
Hepatitis E,"joint pain, vomiting, fatigue, high fever, yellowish skin, dark urine, nausea, loss of appetite, abdominal pain, yellowing of eyes, acute liver failure, coma, stomach bleeding",stop alcohol consumption | rest | consult doctor | medication
Alcoholic hepatitis,"vomiting, yellowish skin, abdominal pain, swelling of stomach, distention of abdomen, history of alcohol consumption, fluid overload",stop alcohol consumption | consult doctor | medication | follow up
Tuberculosis,"chills, vomiting, fatigue, weight loss, cough, high fever, breathlessness, sweating, loss of appetite, mild fever, yellowing of eyes, swelled lymph nodes, malaise, phlegm, chest pain, blood in sputum",cover mouth | consult doctor | medication | rest
Common Cold,"continuous sneezing, chills, fatigue, cough, high fever, headache, swelled lymph nodes, malaise, phlegm, throat irritation, redness of eyes, sinus pressure, runny nose, congestion, chest pain, loss of smell, muscle pain",drink vitamin c rich drinks | take vapour | avoid cold food | keep fever in check
Pneumonia,"chills, fatigue, cough, high fever, breathlessness, sweating, malaise, phlegm, chest pain, fast heart rate, rusty sputum",consult doctor | medication | rest | follow up
Dimorphic hemmorhoids(piles),"constipation, pain during bowel movements, pain in anal region, bloody stool, irritation in anus",avoid fatty spicy food | consume witch hazel | warm bath with epsom salt | consume alovera juice
Heart attack,"vomiting, breathlessness, sweating, chest pain",Consult a doctor | Get adequate rest | Stay hydrated | Follow prescribed treatment
Varicose veins,"fatigue, cramps, bruising, obesity, swollen legs, swollen blood vessels, prominent veins on calf",lie down flat and raise the leg high | use oinments | use vein compression | dont stand still for long
Hypothyroidism,"fatigue, weight gain, cold hands and feets, mood swings, lethargy, dizziness, puffy face and eyes, enlarged thyroid, brittle nails, swollen extremeties, depression, irritability, abnormal menstruation",reduce stress | exercise | eat healthy | get proper sleep
Hyperthyroidism,"fatigue, mood swings, weight loss, restlessness, sweating, diarrhoea, fast heart rate, excessive hunger, muscle weakness, irritability, abnormal menstruation",eat healthy | massage | use lemon balm | take radioactive iodine treatment
Hypoglycemia,"vomiting, fatigue, anxiety, sweating, headache, nausea, blurred and distorted vision, excessive hunger, drying and tingling lips, slurred speech, irritability, palpitations",lie down on side | check in pulse | drink sugary drinks | consult doctor
Osteoarthristis,"joint pain, neck pain, knee pain, hip joint pain, swelling joints, painful walking",acetaminophen | consult nearest hospital | follow up | salt baths
Arthritis,"muscle weakness, stiff neck, swelling joints, movement stiffness, painful walking",exercise | use hot and cold therapy | try acupuncture | massage
(vertigo) Paroymsal  Positional Vertigo,"vomiting, headache, nausea, spinning movements, loss of balance, unsteadiness",lie down | avoid sudden change in body | avoid abrupt head movment | relax
Acne,"skin rash, pus filled pimples, blackheads, scurring",bath twice | avoid fatty spicy food | drink plenty of water | avoid too many products
Urinary tract infection,"burning micturition, bladder discomfort, foul smell of urine, continuous feel of urine",drink plenty of water | increase vitamin c intake | drink cranberry juice | take probiotics
Psoriasis,"skin rash, joint pain, skin peeling, silver like dusting, small dents in nails, inflammatory nails",wash hands with warm soapy water | stop bleeding using pressure | consult doctor | salt baths
Impetigo,"skin rash, high fever, blister, red sore around nose, yellow crust ooze",soak affected area in warm water | use antibiotics | remove scabs with wet compressed cloth | consult doctor
Fungal infection,"itching, skin rash, nodal skin eruptions, dischromic  patches",bath twice | use detol or neem in bathing water | keep infected area dry | use clean cloths
Allergy,"continuous sneezing, shivering, chills, watering from eyes",Consult a doctor | Get adequate rest | Stay hydrated | Follow prescribed treatment
GERD,"stomach pain, acidity, ulcers on tongue, vomiting, cough, chest pain",avoid fatty spicy food | avoid lying down after eating | maintain healthy weight | exercise
Chronic cholestasis,"itching, vomiting, yellowish skin, nausea, loss of appetite, abdominal pain, yellowing of eyes",cold baths | anti itch medicine | consult doctor | eat healthy
Drug Reaction,"itching, skin rash, stomach pain, burning micturition, spotting  urination",Consult a doctor | Get adequate rest | Stay hydrated | Follow prescribed treatment
Peptic ulcer diseae,"vomiting, indigestion, loss of appetite, abdominal pain, passage of gases, internal itching",avoid fatty spicy food | consume probiotic food | eliminate milk | limit alcohol
AIDS,"muscle wasting, patches in throat, high fever, extra marital contacts",avoid open cuts | wear ppe if possible | consult doctor | follow up
Diabetes ,"fatigue, weight loss, restlessness, lethargy, irregular sugar level, blurred and distorted vision, obesity, excessive hunger, increased appetite, polyuria",have balanced diet | exercise | consult doctor | follow up
Gastroenteritis,"vomiting, sunken eyes, dehydration, diarrhoea",stop eating solid food for while | try taking small sips of water | rest | ease back into eating
Bronchial Asthma,"fatigue, cough, high fever, breathlessness, family history, mucoid sputum",switch to loose cloothing | take deep breaths | get away from trigger | seek help
Hypertension ,"headache, chest pain, dizziness, loss of balance, lack of concentration",meditation | salt baths | reduce stress | get proper sleep
Migraine,"acidity, indigestion, headache, blurred and distorted vision, excessive hunger, stiff neck, depression, irritability, visual disturbances",meditation | reduce stress | use poloroid glasses in sun | consult doctor
Cervical spondylosis,"back pain, weakness in limbs, neck pain, dizziness, loss of balance",use heating pad or cold pack | exercise | take otc pain reliver | consult doctor
Paralysis (brain hemorrhage),"vomiting, headache, weakness of one body side, altered sensorium",massage | eat healthy | exercise | consult doctor
Jaundice,"itching, vomiting, fatigue, weight loss, high fever, yellowish skin, dark urine, abdominal pain",drink plenty of water | consume milk thistle | eat fruits and high fiberous food | medication
Malaria,"chills, vomiting, high fever, sweating, headache, nausea, diarrhoea, muscle pain",Consult nearest hospital | avoid oily food | avoid non veg food | keep mosquitos out
Chicken pox,"itching, skin rash, fatigue, lethargy, high fever, headache, loss of appetite, mild fever, swelled lymph nodes, malaise, red spots over body",use neem in bathing | consume neem leaves | take vaccine | avoid public places
Dengue,"skin rash, chills, joint pain, vomiting, fatigue, high fever, headache, nausea, loss of appetite, pain behind the eyes, back pain, malaise, muscle pain, red spots over body",drink papaya leaf juice | avoid fatty spicy food | keep mosquitos away | keep hydrated
Typhoid,"chills, vomiting, fatigue, high fever, headache, nausea, constipation, abdominal pain, diarrhoea, toxic look (typhos), belly pain",eat high calorie vegitables | antiboitic therapy | consult doctor | medication
hepatitis A,"joint pain, vomiting, yellowish skin, dark urine, nausea, loss of appetite, abdominal pain, diarrhoea, mild fever, yellowing of eyes, muscle pain",Consult nearest hospital | wash hands through | avoid fatty spicy food | medication
Hepatitis B,"itching, fatigue, lethargy, yellowish skin, dark urine, loss of appetite, abdominal pain, yellow urine, yellowing of eyes, malaise, receiving blood transfusion, receiving unsterile injections",consult nearest hospital | vaccination | eat healthy | medication
Hepatitis C,"fatigue, yellowish skin, nausea, loss of appetite, yellowing of eyes, family history",Consult nearest hospital | vaccination | eat healthy | medication
Hepatitis D,"joint pain, vomiting, fatigue, yellowish skin, dark urine, nausea, loss of appetite, abdominal pain, yellowing of eyes",consult doctor | medication | eat healthy | follow up
Hepatitis E,"joint pain, vomiting, fatigue, high fever, yellowish skin, dark urine, nausea, loss of appetite, abdominal pain, yellowing of eyes, acute liver failure, coma, stomach bleeding",stop alcohol consumption | rest | consult doctor | medication
Alcoholic hepatitis,"vomiting, yellowish skin, abdominal pain, swelling of stomach, distention of abdomen, history of alcohol consumption, fluid overload",stop alcohol consumption | consult doctor | medication | follow up
Tuberculosis,"chills, vomiting, fatigue, weight loss, cough, high fever, breathlessness, sweating, loss of appetite, mild fever, yellowing of eyes, swelled lymph nodes, malaise, phlegm, chest pain, blood in sputum",cover mouth | consult doctor | medication | rest
Common Cold,"continuous sneezing, chills, fatigue, cough, high fever, headache, swelled lymph nodes, malaise, phlegm, throat irritation, redness of eyes, sinus pressure, runny nose, congestion, chest pain, loss of smell, muscle pain",drink vitamin c rich drinks | take vapour | avoid cold food | keep fever in check
Pneumonia,"chills, fatigue, cough, high fever, breathlessness, sweating, malaise, phlegm, chest pain, fast heart rate, rusty sputum",consult doctor | medication | rest | follow up
Dimorphic hemmorhoids(piles),"constipation, pain during bowel movements, pain in anal region, bloody stool, irritation in anus",avoid fatty spicy food | consume witch hazel | warm bath with epsom salt | consume alovera juice
Heart attack,"vomiting, breathlessness, sweating, chest pain",Consult a doctor | Get adequate rest | Stay hydrated | Follow prescribed treatment
Varicose veins,"fatigue, cramps, bruising, obesity, swollen legs, swollen blood vessels, prominent veins on calf",lie down flat and raise the leg high | use oinments | use vein compression | dont stand still for long
Hypothyroidism,"fatigue, weight gain, cold hands and feets, mood swings, lethargy, dizziness, puffy face and eyes, enlarged thyroid, brittle nails, swollen extremeties, depression, irritability, abnormal menstruation",reduce stress | exercise | eat healthy | get proper sleep
Hyperthyroidism,"fatigue, mood swings, weight loss, restlessness, sweating, diarrhoea, fast heart rate, excessive hunger, muscle weakness, irritability, abnormal menstruation",eat healthy | massage | use lemon balm | take radioactive iodine treatment
Hypoglycemia,"vomiting, fatigue, anxiety, sweating, headache, nausea, blurred and distorted vision, excessive hunger, drying and tingling lips, slurred speech, irritability, palpitations",lie down on side | check in pulse | drink sugary drinks | consult doctor
Osteoarthristis,"joint pain, neck pain, knee pain, hip joint pain, swelling joints, painful walking",acetaminophen | consult nearest hospital | follow up | salt baths
Arthritis,"muscle weakness, stiff neck, swelling joints, movement stiffness, painful walking",exercise | use hot and cold therapy | try acupuncture | massage
(vertigo) Paroymsal  Positional Vertigo,"vomiting, headache, nausea, spinning movements, loss of balance, unsteadiness",lie down | avoid sudden change in body | avoid abrupt head movment | relax
Acne,"skin rash, pus filled pimples, blackheads, scurring",bath twice | avoid fatty spicy food | drink plenty of water | avoid too many products
Urinary tract infection,"burning micturition, bladder discomfort, foul smell of urine, continuous feel of urine",drink plenty of water | increase vitamin c intake | drink cranberry juice | take probiotics
Psoriasis,"skin rash, joint pain, skin peeling, silver like dusting, small dents in nails, inflammatory nails",wash hands with warm soapy water | stop bleeding using pressure | consult doctor | salt baths
Impetigo,"skin rash, high fever, blister, red sore around nose, yellow crust ooze",soak affected area in warm water | use antibiotics | remove scabs with wet compressed cloth | consult doctor
Fungal infection,"itching, skin rash, nodal skin eruptions, dischromic  patches",bath twice | use detol or neem in bathing water | keep infected area dry | use clean cloths
Allergy,"continuous sneezing, shivering, chills, watering from eyes",Consult a doctor | Get adequate rest | Stay hydrated | Follow prescribed treatment
GERD,"stomach pain, acidity, ulcers on tongue, vomiting, cough, chest pain",avoid fatty spicy food | avoid lying down after eating | maintain healthy weight | exercise
Chronic cholestasis,"itching, vomiting, yellowish skin, nausea, loss of appetite, abdominal pain, yellowing of eyes",cold baths | anti itch medicine | consult doctor | eat healthy
Drug Reaction,"itching, skin rash, stomach pain, burning micturition, spotting  urination",Consult a doctor | Get adequate rest | Stay hydrated | Follow prescribed treatment
Peptic ulcer diseae,"vomiting, indigestion, loss of appetite, abdominal pain, passage of gases, internal itching",avoid fatty spicy food | consume probiotic food | eliminate milk | limit alcohol
AIDS,"muscle wasting, patches in throat, high fever, extra marital contacts",avoid open cuts | wear ppe if possible | consult doctor | follow up
Diabetes ,"fatigue, weight loss, restlessness, lethargy, irregular sugar level, blurred and distorted vision, obesity, excessive hunger, increased appetite, polyuria",have balanced diet | exercise | consult doctor | follow up
Gastroenteritis,"vomiting, sunken eyes, dehydration, diarrhoea",stop eating solid food for while | try taking small sips of water | rest | ease back into eating
Bronchial Asthma,"fatigue, cough, high fever, breathlessness, family history, mucoid sputum",switch to loose cloothing | take deep breaths | get away from trigger | seek help
Hypertension ,"headache, chest pain, dizziness, loss of balance, lack of concentration",meditation | salt baths | reduce stress | get proper sleep
Migraine,"acidity, indigestion, headache, blurred and distorted vision, excessive hunger, stiff neck, depression, irritability, visual disturbances",meditation | reduce stress | use poloroid glasses in sun | consult doctor
Cervical spondylosis,"back pain, weakness in limbs, neck pain, dizziness, loss of balance",use heating pad or cold pack | exercise | take otc pain reliver | consult doctor
Paralysis (brain hemorrhage),"vomiting, headache, weakness of one body side, altered sensorium",massage | eat healthy | exercise | consult doctor
Jaundice,"itching, vomiting, fatigue, weight loss, high fever, yellowish skin, dark urine, abdominal pain",drink plenty of water | consume milk thistle | eat fruits and high fiberous food | medication
Malaria,"chills, vomiting, high fever, sweating, headache, nausea, diarrhoea, muscle pain",Consult nearest hospital | avoid oily food | avoid non veg food | keep mosquitos out
Chicken pox,"itching, skin rash, fatigue, lethargy, high fever, headache, loss of appetite, mild fever, swelled lymph nodes, malaise, red spots over body",use neem in bathing | consume neem leaves | take vaccine | avoid public places
Dengue,"skin rash, chills, joint pain, vomiting, fatigue, high fever, headache, nausea, loss of appetite, pain behind the eyes, back pain, malaise, muscle pain, red spots over body",drink papaya leaf juice | avoid fatty spicy food | keep mosquitos away | keep hydrated
Typhoid,"chills, vomiting, fatigue, high fever, headache, nausea, constipation, abdominal pain, diarrhoea, toxic look (typhos), belly pain",eat high calorie vegitables | antiboitic therapy | consult doctor | medication
hepatitis A,"joint pain, vomiting, yellowish skin, dark urine, nausea, loss of appetite, abdominal pain, diarrhoea, mild fever, yellowing of eyes, muscle pain",Consult nearest hospital | wash hands through | avoid fatty spicy food | medication
Hepatitis B,"itching, fatigue, lethargy, yellowish skin, dark urine, loss of appetite, abdominal pain, yellow urine, yellowing of eyes, malaise, receiving blood transfusion, receiving unsterile injections",consult nearest hospital | vaccination | eat healthy | medication
Hepatitis C,"fatigue, yellowish skin, nausea, loss of appetite, yellowing of eyes, family history",Consult nearest hospital | vaccination | eat healthy | medication
Hepatitis D,"joint pain, vomiting, fatigue, yellowish skin, dark urine, nausea, loss of appetite, abdominal pain, yellowing of eyes",consult doctor | medication | eat healthy | follow up
Hepatitis E,"joint pain, vomiting, fatigue, high fever, yellowish skin, dark urine, nausea, loss of appetite, abdominal pain, yellowing of eyes, acute liver failure, coma, stomach bleeding",stop alcohol consumption | rest | consult doctor | medication
Alcoholic hepatitis,"vomiting, yellowish skin, abdominal pain, swelling of stomach, distention of abdomen, history of alcohol consumption, fluid overload",stop alcohol consumption | consult doctor | medication | follow up
Tuberculosis,"chills, vomiting, fatigue, weight loss, cough, high fever, breathlessness, sweating, loss of appetite, mild fever, yellowing of eyes, swelled lymph nodes, malaise, phlegm, chest pain, blood in sputum",cover mouth | consult doctor | medication | rest
Common Cold,"continuous sneezing, chills, fatigue, cough, high fever, headache, swelled lymph nodes, malaise, phlegm, throat irritation, redness of eyes, sinus pressure, runny nose, congestion, chest pain, loss of smell, muscle pain",drink vitamin c rich drinks | take vapour | avoid cold food | keep fever in check
Pneumonia,"chills, fatigue, cough, high fever, breathlessness, sweating, malaise, phlegm, chest pain, fast heart rate, rusty sputum",consult doctor | medication | rest | follow up
Dimorphic hemmorhoids(piles),"constipation, pain during bowel movements, pain in anal region, bloody stool, irritation in anus",avoid fatty spicy food | consume witch hazel | warm bath with epsom salt | consume alovera juice
Heart attack,"vomiting, breathlessness, sweating, chest pain",Consult a doctor | Get adequate rest | Stay hydrated | Follow prescribed treatment
Varicose veins,"fatigue, cramps, bruising, obesity, swollen legs, swollen blood vessels, prominent veins on calf",lie down flat and raise the leg high | use oinments | use vein compression | dont stand still for long
Hypothyroidism,"fatigue, weight gain, cold hands and feets, mood swings, lethargy, dizziness, puffy face and eyes, enlarged thyroid, brittle nails, swollen extremeties, depression, irritability, abnormal menstruation",reduce stress | exercise | eat healthy | get proper sleep
Hyperthyroidism,"fatigue, mood swings, weight loss, restlessness, sweating, diarrhoea, fast heart rate, excessive hunger, muscle weakness, irritability, abnormal menstruation",eat healthy | massage | use lemon balm | take radioactive iodine treatment
Hypoglycemia,"vomiting, fatigue, anxiety, sweating, headache, nausea, blurred and distorted vision, excessive hunger, drying and tingling lips, slurred speech, irritability, palpitations",lie down on side | check in pulse | drink sugary drinks | consult doctor
Osteoarthristis,"joint pain, neck pain, knee pain, hip joint pain, swelling joints, painful walking",acetaminophen | consult nearest hospital | follow up | salt baths
Arthritis,"muscle weakness, stiff neck, swelling joints, movement stiffness, painful walking",exercise | use hot and cold therapy | try acupuncture | massage
(vertigo) Paroymsal  Positional Vertigo,"vomiting, headache, nausea, spinning movements, loss of balance, unsteadiness",lie down | avoid sudden change in body | avoid abrupt head movment | relax
Acne,"skin rash, pus filled pimples, blackheads, scurring",bath twice | avoid fatty spicy food | drink plenty of water | avoid too many products
Urinary tract infection,"burning micturition, bladder discomfort, foul smell of urine, continuous feel of urine",drink plenty of water | increase vitamin c intake | drink cranberry juice | take probiotics
Psoriasis,"skin rash, joint pain, skin peeling, silver like dusting, small dents in nails, inflammatory nails",wash hands with warm soapy water | stop bleeding using pressure | consult doctor | salt baths
Impetigo,"skin rash, high fever, blister, red sore around nose, yellow crust ooze",soak affected area in warm water | use antibiotics | remove scabs with wet compressed cloth | consult doctor
Fungal infection,"itching, skin rash, nodal skin eruptions, dischromic  patches",bath twice | use detol or neem in bathing water | keep infected area dry | use clean cloths
Allergy,"continuous sneezing, shivering, chills, watering from eyes",Consult a doctor | Get adequate rest | Stay hydrated | Follow prescribed treatment
GERD,"stomach pain, acidity, ulcers on tongue, vomiting, cough, chest pain",avoid fatty spicy food | avoid lying down after eating | maintain healthy weight | exercise
Chronic cholestasis,"itching, vomiting, yellowish skin, nausea, loss of appetite, abdominal pain, yellowing of eyes",cold baths | anti itch medicine | consult doctor | eat healthy
Drug Reaction,"itching, skin rash, stomach pain, burning micturition, spotting  urination",Consult a doctor | Get adequate rest | Stay hydrated | Follow prescribed treatment
Peptic ulcer diseae,"vomiting, indigestion, loss of appetite, abdominal pain, passage of gases, internal itching",avoid fatty spicy food | consume probiotic food | eliminate milk | limit alcohol
AIDS,"muscle wasting, patches in throat, high fever, extra marital contacts",avoid open cuts | wear ppe if possible | consult doctor | follow up
Diabetes ,"fatigue, weight loss, restlessness, lethargy, irregular sugar level, blurred and distorted vision, obesity, excessive hunger, increased appetite, polyuria",have balanced diet | exercise | consult doctor | follow up
Gastroenteritis,"vomiting, sunken eyes, dehydration, diarrhoea",stop eating solid food for while | try taking small sips of water | rest | ease back into eating
Bronchial Asthma,"fatigue, cough, high fever, breathlessness, family history, mucoid sputum",switch to loose cloothing | take deep breaths | get away from trigger | seek help
Hypertension ,"headache, chest pain, dizziness, loss of balance, lack of concentration",meditation | salt baths | reduce stress | get proper sleep
Migraine,"acidity, indigestion, headache, blurred and distorted vision, excessive hunger, stiff neck, depression, irritability, visual disturbances",meditation | reduce stress | use poloroid glasses in sun | consult doctor
Cervical spondylosis,"back pain, weakness in limbs, neck pain, dizziness, loss of balance",use heating pad or cold pack | exercise | take otc pain reliver | consult doctor
Paralysis (brain hemorrhage),"vomiting, headache, weakness of one body side, altered sensorium",massage | eat healthy | exercise | consult doctor
Jaundice,"itching, vomiting, fatigue, weight loss, high fever, yellowish skin, dark urine, abdominal pain",drink plenty of water | consume milk thistle | eat fruits and high fiberous food | medication
Malaria,"chills, vomiting, high fever, sweating, headache, nausea, diarrhoea, muscle pain",Consult nearest hospital | avoid oily food | avoid non veg food | keep mosquitos out
Chicken pox,"itching, skin rash, fatigue, lethargy, high fever, headache, loss of appetite, mild fever, swelled lymph nodes, malaise, red spots over body",use neem in bathing | consume neem leaves | take vaccine | avoid public places
Dengue,"skin rash, chills, joint pain, vomiting, fatigue, high fever, headache, nausea, loss of appetite, pain behind the eyes, back pain, malaise, muscle pain, red spots over body",drink papaya leaf juice | avoid fatty spicy food | keep mosquitos away | keep hydrated
Typhoid,"chills, vomiting, fatigue, high fever, headache, nausea, constipation, abdominal pain, diarrhoea, toxic look (typhos), belly pain",eat high calorie vegitables | antiboitic therapy | consult doctor | medication
hepatitis A,"joint pain, vomiting, yellowish skin, dark urine, nausea, loss of appetite, abdominal pain, diarrhoea, mild fever, yellowing of eyes, muscle pain",Consult nearest hospital | wash hands through | avoid fatty spicy food | medication
Hepatitis B,"itching, fatigue, lethargy, yellowish skin, dark urine, loss of appetite, abdominal pain, yellow urine, yellowing of eyes, malaise, receiving blood transfusion, receiving unsterile injections",consult nearest hospital | vaccination | eat healthy | medication
Hepatitis C,"fatigue, yellowish skin, nausea, loss of appetite, yellowing of eyes, family history",Consult nearest hospital | vaccination | eat healthy | medication
Hepatitis D,"joint pain, vomiting, fatigue, yellowish skin, dark urine, nausea, loss of appetite, abdominal pain, yellowing of eyes",consult doctor | medication | eat healthy | follow up
Hepatitis E,"joint pain, vomiting, fatigue, high fever, yellowish skin, dark urine, nausea, loss of appetite, abdominal pain, yellowing of eyes, acute liver failure, coma, stomach bleeding",stop alcohol consumption | rest | consult doctor | medication
Alcoholic hepatitis,"vomiting, yellowish skin, abdominal pain, swelling of stomach, distention of abdomen, history of alcohol consumption, fluid overload",stop alcohol consumption | consult doctor | medication | follow up
Tuberculosis,"chills, vomiting, fatigue, weight loss, cough, high fever, breathlessness, sweating, loss of appetite, mild fever, yellowing of eyes, swelled lymph nodes, malaise, phlegm, chest pain, blood in sputum",cover mouth | consult doctor | medication | rest
Common Cold,"continuous sneezing, chills, fatigue, cough, high fever, headache, swelled lymph nodes, malaise, phlegm, throat irritation, redness of eyes, sinus pressure, runny nose, congestion, chest pain, loss of smell, muscle pain",drink vitamin c rich drinks | take vapour | avoid cold food | keep fever in check
Pneumonia,"chills, fatigue, cough, high fever, breathlessness, sweating, malaise, phlegm, chest pain, fast heart rate, rusty sputum",consult doctor | medication | rest | follow up
Dimorphic hemmorhoids(piles),"constipation, pain during bowel movements, pain in anal region, bloody stool, irritation in anus",avoid fatty spicy food | consume witch hazel | warm bath with epsom salt | consume alovera juice
Heart attack,"vomiting, breathlessness, sweating, chest pain",Consult a doctor | Get adequate rest | Stay hydrated | Follow prescribed treatment
Varicose veins,"fatigue, cramps, bruising, obesity, swollen legs, swollen blood vessels, prominent veins on calf",lie down flat and raise the leg high | use oinments | use vein compression | dont stand still for long
Hypothyroidism,"fatigue, weight gain, cold hands and feets, mood swings, lethargy, dizziness, puffy face and eyes, enlarged thyroid, brittle nails, swollen extremeties, depression, irritability, abnormal menstruation",reduce stress | exercise | eat healthy | get proper sleep
Hyperthyroidism,"fatigue, mood swings, weight loss, restlessness, sweating, diarrhoea, fast heart rate, excessive hunger, muscle weakness, irritability, abnormal menstruation",eat healthy | massage | use lemon balm | take radioactive iodine treatment
Hypoglycemia,"vomiting, fatigue, anxiety, sweating, headache, nausea, blurred and distorted vision, excessive hunger, drying and tingling lips, slurred speech, irritability, palpitations",lie down on side | check in pulse | drink sugary drinks | consult doctor
Osteoarthristis,"joint pain, neck pain, knee pain, hip joint pain, swelling joints, painful walking",acetaminophen | consult nearest hospital | follow up | salt baths
Arthritis,"muscle weakness, stiff neck, swelling joints, movement stiffness, painful walking",exercise | use hot and cold therapy | try acupuncture | massage
(vertigo) Paroymsal  Positional Vertigo,"vomiting, headache, nausea, spinning movements, loss of balance, unsteadiness",lie down | avoid sudden change in body | avoid abrupt head movment | relax
Acne,"skin rash, pus filled pimples, blackheads, scurring",bath twice | avoid fatty spicy food | drink plenty of water | avoid too many products
Urinary tract infection,"burning micturition, bladder discomfort, foul smell of urine, continuous feel of urine",drink plenty of water | increase vitamin c intake | drink cranberry juice | take probiotics
Psoriasis,"skin rash, joint pain, skin peeling, silver like dusting, small dents in nails, inflammatory nails",wash hands with warm soapy water | stop bleeding using pressure | consult doctor | salt baths
Impetigo,"skin rash, high fever, blister, red sore around nose, yellow crust ooze",soak affected area in warm water | use antibiotics | remove scabs with wet compressed cloth | consult doctor
Fungal infection,"itching, skin rash, nodal skin eruptions, dischromic  patches",bath twice | use detol or neem in bathing water | keep infected area dry | use clean cloths
Allergy,"continuous sneezing, shivering, chills, watering from eyes",Consult a doctor | Get adequate rest | Stay hydrated | Follow prescribed treatment
GERD,"stomach pain, acidity, ulcers on tongue, vomiting, cough, chest pain",avoid fatty spicy food | avoid lying down after eating | maintain healthy weight | exercise
Chronic cholestasis,"itching, vomiting, yellowish skin, nausea, loss of appetite, abdominal pain, yellowing of eyes",cold baths | anti itch medicine | consult doctor | eat healthy
Drug Reaction,"itching, skin rash, stomach pain, burning micturition, spotting  urination",Consult a doctor | Get adequate rest | Stay hydrated | Follow prescribed treatment
Peptic ulcer diseae,"vomiting, indigestion, loss of appetite, abdominal pain, passage of gases, internal itching",avoid fatty spicy food | consume probiotic food | eliminate milk | limit alcohol
AIDS,"muscle wasting, patches in throat, high fever, extra marital contacts",avoid open cuts | wear ppe if possible | consult doctor | follow up
Diabetes ,"fatigue, weight loss, restlessness, lethargy, irregular sugar level, blurred and distorted vision, obesity, excessive hunger, increased appetite, polyuria",have balanced diet | exercise | consult doctor | follow up
Gastroenteritis,"vomiting, sunken eyes, dehydration, diarrhoea",stop eating solid food for while | try taking small sips of water | rest | ease back into eating
Bronchial Asthma,"fatigue, cough, high fever, breathlessness, family history, mucoid sputum",switch to loose cloothing | take deep breaths | get away from trigger | seek help
Hypertension ,"headache, chest pain, dizziness, loss of balance, lack of concentration",meditation | salt baths | reduce stress | get proper sleep
Migraine,"acidity, indigestion, headache, blurred and distorted vision, excessive hunger, stiff neck, depression, irritability, visual disturbances",meditation | reduce stress | use poloroid glasses in sun | consult doctor
Cervical spondylosis,"back pain, weakness in limbs, neck pain, dizziness, loss of balance",use heating pad or cold pack | exercise | take otc pain reliver | consult doctor
Paralysis (brain hemorrhage),"vomiting, headache, weakness of one body side, altered sensorium",massage | eat healthy | exercise | consult doctor
Jaundice,"itching, vomiting, fatigue, weight loss, high fever, yellowish skin, dark urine, abdominal pain",drink plenty of water | consume milk thistle | eat fruits and high fiberous food | medication
Malaria,"chills, vomiting, high fever, sweating, headache, nausea, diarrhoea, muscle pain",Consult nearest hospital | avoid oily food | avoid non veg food | keep mosquitos out
Chicken pox,"itching, skin rash, fatigue, lethargy, high fever, headache, loss of appetite, mild fever, swelled lymph nodes, malaise, red spots over body",use neem in bathing | consume neem leaves | take vaccine | avoid public places
Dengue,"skin rash, chills, joint pain, vomiting, fatigue, high fever, headache, nausea, loss of appetite, pain behind the eyes, back pain, malaise, muscle pain, red spots over body",drink papaya leaf juice | avoid fatty spicy food | keep mosquitos away | keep hydrated
Typhoid,"chills, vomiting, fatigue, high fever, headache, nausea, constipation, abdominal pain, diarrhoea, toxic look (typhos), belly pain",eat high calorie vegitables | antiboitic therapy | consult doctor | medication
hepatitis A,"joint pain, vomiting, yellowish skin, dark urine, nausea, loss of appetite, abdominal pain, diarrhoea, mild fever, yellowing of eyes, muscle pain",Consult nearest hospital | wash hands through | avoid fatty spicy food | medication
Hepatitis B,"itching, fatigue, lethargy, yellowish skin, dark urine, loss of appetite, abdominal pain, yellow urine, yellowing of eyes, malaise, receiving blood transfusion, receiving unsterile injections",consult nearest hospital | vaccination | eat healthy | medication
Hepatitis C,"fatigue, yellowish skin, nausea, loss of appetite, yellowing of eyes, family history",Consult nearest hospital | vaccination | eat healthy | medication
Hepatitis D,"joint pain, vomiting, fatigue, yellowish skin, dark urine, nausea, loss of appetite, abdominal pain, yellowing of eyes",consult doctor | medication | eat healthy | follow up
Hepatitis E,"joint pain, vomiting, fatigue, high fever, yellowish skin, dark urine, nausea, loss of appetite, abdominal pain, yellowing of eyes, acute liver failure, coma, stomach bleeding",stop alcohol consumption | rest | consult doctor | medication
Alcoholic hepatitis,"vomiting, yellowish skin, abdominal pain, swelling of stomach, distention of abdomen, history of alcohol consumption, fluid overload",stop alcohol consumption | consult doctor | medication | follow up
Tuberculosis,"chills, vomiting, fatigue, weight loss, cough, high fever, breathlessness, sweating, loss of appetite, mild fever, yellowing of eyes, swelled lymph nodes, malaise, phlegm, chest pain, blood in sputum",cover mouth | consult doctor | medication | rest
Common Cold,"continuous sneezing, chills, fatigue, cough, high fever, headache, swelled lymph nodes, malaise, phlegm, throat irritation, redness of eyes, sinus pressure, runny nose, congestion, chest pain, loss of smell, muscle pain",drink vitamin c rich drinks | take vapour | avoid cold food | keep fever in check
Pneumonia,"chills, fatigue, cough, high fever, breathlessness, sweating, malaise, phlegm, chest pain, fast heart rate, rusty sputum",consult doctor | medication | rest | follow up
Dimorphic hemmorhoids(piles),"constipation, pain during bowel movements, pain in anal region, bloody stool, irritation in anus",avoid fatty spicy food | consume witch hazel | warm bath with epsom salt | consume alovera juice
Heart attack,"vomiting, breathlessness, sweating, chest pain",Consult a doctor | Get adequate rest | Stay hydrated | Follow prescribed treatment
Varicose veins,"fatigue, cramps, bruising, obesity, swollen legs, swollen blood vessels, prominent veins on calf",lie down flat and raise the leg high | use oinments | use vein compression | dont stand still for long
Hypothyroidism,"fatigue, weight gain, cold hands and feets, mood swings, lethargy, dizziness, puffy face and eyes, enlarged thyroid, brittle nails, swollen extremeties, depression, irritability, abnormal menstruation",reduce stress | exercise | eat healthy | get proper sleep
Hyperthyroidism,"fatigue, mood swings, weight loss, restlessness, sweating, diarrhoea, fast heart rate, excessive hunger, muscle weakness, irritability, abnormal menstruation",eat healthy | massage | use lemon balm | take radioactive iodine treatment
Hypoglycemia,"vomiting, fatigue, anxiety, sweating, headache, nausea, blurred and distorted vision, excessive hunger, drying and tingling lips, slurred speech, irritability, palpitations",lie down on side | check in pulse | drink sugary drinks | consult doctor
Osteoarthristis,"joint pain, neck pain, knee pain, hip joint pain, swelling joints, painful walking",acetaminophen | consult nearest hospital | follow up | salt baths
Arthritis,"muscle weakness, stiff neck, swelling joints, movement stiffness, painful walking",exercise | use hot and cold therapy | try acupuncture | massage
(vertigo) Paroymsal  Positional Vertigo,"vomiting, headache, nausea, spinning movements, loss of balance, unsteadiness",lie down | avoid sudden change in body | avoid abrupt head movment | relax
Acne,"skin rash, pus filled pimples, blackheads, scurring",bath twice | avoid fatty spicy food | drink plenty of water | avoid too many products
Urinary tract infection,"burning micturition, bladder discomfort, foul smell of urine, continuous feel of urine",drink plenty of water | increase vitamin c intake | drink cranberry juice | take probiotics
Psoriasis,"skin rash, joint pain, skin peeling, silver like dusting, small dents in nails, inflammatory nails",wash hands with warm soapy water | stop bleeding using pressure | consult doctor | salt baths
Impetigo,"skin rash, high fever, blister, red sore around nose, yellow crust ooze",soak affected area in warm water | use antibiotics | remove scabs with wet compressed cloth | consult doctor
Fungal infection,"itching, skin rash, nodal skin eruptions, dischromic  patches",bath twice | use detol or neem in bathing water | keep infected area dry | use clean cloths
Allergy,"continuous sneezing, shivering, chills, watering from eyes",Consult a doctor | Get adequate rest | Stay hydrated | Follow prescribed treatment
GERD,"stomach pain, acidity, ulcers on tongue, vomiting, cough, chest pain",avoid fatty spicy food | avoid lying down after eating | maintain healthy weight | exercise
Chronic cholestasis,"itching, vomiting, yellowish skin, nausea, loss of appetite, abdominal pain, yellowing of eyes",cold baths | anti itch medicine | consult doctor | eat healthy
Drug Reaction,"itching, skin rash, stomach pain, burning micturition, spotting  urination",Consult a doctor | Get adequate rest | Stay hydrated | Follow prescribed treatment
Peptic ulcer diseae,"vomiting, indigestion, loss of appetite, abdominal pain, passage of gases, internal itching",avoid fatty spicy food | consume probiotic food | eliminate milk | limit alcohol
AIDS,"muscle wasting, patches in throat, high fever, extra marital contacts",avoid open cuts | wear ppe if possible | consult doctor | follow up
Diabetes ,"fatigue, weight loss, restlessness, lethargy, irregular sugar level, blurred and distorted vision, obesity, excessive hunger, increased appetite, polyuria",have balanced diet | exercise | consult doctor | follow up
Gastroenteritis,"vomiting, sunken eyes, dehydration, diarrhoea",stop eating solid food for while | try taking small sips of water | rest | ease back into eating
Bronchial Asthma,"fatigue, cough, high fever, breathlessness, family history, mucoid sputum",switch to loose cloothing | take deep breaths | get away from trigger | seek help
Hypertension ,"headache, chest pain, dizziness, loss of balance, lack of concentration",meditation | salt baths | reduce stress | get proper sleep
Migraine,"acidity, indigestion, headache, blurred and distorted vision, excessive hunger, stiff neck, depression, irritability, visual disturbances",meditation | reduce stress | use poloroid glasses in sun | consult doctor
Cervical spondylosis,"back pain, weakness in limbs, neck pain, dizziness, loss of balance",use heating pad or cold pack | exercise | take otc pain reliver | consult doctor
Paralysis (brain hemorrhage),"vomiting, headache, weakness of one body side, altered sensorium",massage | eat healthy | exercise | consult doctor
Jaundice,"itching, vomiting, fatigue, weight loss, high fever, yellowish skin, dark urine, abdominal pain",drink plenty of water | consume milk thistle | eat fruits and high fiberous food | medication
Malaria,"chills, vomiting, high fever, sweating, headache, nausea, diarrhoea, muscle pain",Consult nearest hospital | avoid oily food | avoid non veg food | keep mosquitos out
Chicken pox,"itching, skin rash, fatigue, lethargy, high fever, headache, loss of appetite, mild fever, swelled lymph nodes, malaise, red spots over body",use neem in bathing | consume neem leaves | take vaccine | avoid public places
Dengue,"skin rash, chills, joint pain, vomiting, fatigue, high fever, headache, nausea, loss of appetite, pain behind the eyes, back pain, malaise, muscle pain, red spots over body",drink papaya leaf juice | avoid fatty spicy food | keep mosquitos away | keep hydrated
Typhoid,"chills, vomiting, fatigue, high fever, headache, nausea, constipation, abdominal pain, diarrhoea, toxic look (typhos), belly pain",eat high calorie vegitables | antiboitic therapy | consult doctor | medication
hepatitis A,"joint pain, vomiting, yellowish skin, dark urine, nausea, loss of appetite, abdominal pain, diarrhoea, mild fever, yellowing of eyes, muscle pain",Consult nearest hospital | wash hands through | avoid fatty spicy food | medication
Hepatitis B,"itching, fatigue, lethargy, yellowish skin, dark urine, loss of appetite, abdominal pain, yellow urine, yellowing of eyes, malaise, receiving blood transfusion, receiving unsterile injections",consult nearest hospital | vaccination | eat healthy | medication
Hepatitis C,"fatigue, yellowish skin, nausea, loss of appetite, yellowing of eyes, family history",Consult nearest hospital | vaccination | eat healthy | medication
Hepatitis D,"joint pain, vomiting, fatigue, yellowish skin, dark urine, nausea, loss of appetite, abdominal pain, yellowing of eyes",consult doctor | medication | eat healthy | follow up
Hepatitis E,"joint pain, vomiting, fatigue, high fever, yellowish skin, dark urine, nausea, loss of appetite, abdominal pain, yellowing of eyes, acute liver failure, coma, stomach bleeding",stop alcohol consumption | rest | consult doctor | medication
Alcoholic hepatitis,"vomiting, yellowish skin, abdominal pain, swelling of stomach, distention of abdomen, history of alcohol consumption, fluid overload",stop alcohol consumption | consult doctor | medication | follow up
Tuberculosis,"chills, vomiting, fatigue, weight loss, cough, high fever, breathlessness, sweating, loss of appetite, mild fever, yellowing of eyes, swelled lymph nodes, malaise, phlegm, chest pain, blood in sputum",cover mouth | consult doctor | medication | rest
Common Cold,"continuous sneezing, chills, fatigue, cough, high fever, headache, swelled lymph nodes, malaise, phlegm, throat irritation, redness of eyes, sinus pressure, runny nose, congestion, chest pain, loss of smell, muscle pain",drink vitamin c rich drinks | take vapour | avoid cold food | keep fever in check
Pneumonia,"chills, fatigue, cough, high fever, breathlessness, sweating, malaise, phlegm, chest pain, fast heart rate, rusty sputum",consult doctor | medication | rest | follow up
Dimorphic hemmorhoids(piles),"constipation, pain during bowel movements, pain in anal region, bloody stool, irritation in anus",avoid fatty spicy food | consume witch hazel | warm bath with epsom salt | consume alovera juice
Heart attack,"vomiting, breathlessness, sweating, chest pain",Consult a doctor | Get adequate rest | Stay hydrated | Follow prescribed treatment
Varicose veins,"fatigue, cramps, bruising, obesity, swollen legs, swollen blood vessels, prominent veins on calf",lie down flat and raise the leg high | use oinments | use vein compression | dont stand still for long
Hypothyroidism,"fatigue, weight gain, cold hands and feets, mood swings, lethargy, dizziness, puffy face and eyes, enlarged thyroid, brittle nails, swollen extremeties, depression, irritability, abnormal menstruation",reduce stress | exercise | eat healthy | get proper sleep
Hyperthyroidism,"fatigue, mood swings, weight loss, restlessness, sweating, diarrhoea, fast heart rate, excessive hunger, muscle weakness, irritability, abnormal menstruation",eat healthy | massage | use lemon balm | take radioactive iodine treatment
Hypoglycemia,"vomiting, fatigue, anxiety, sweating, headache, nausea, blurred and distorted vision, excessive hunger, drying and tingling lips, slurred speech, irritability, palpitations",lie down on side | check in pulse | drink sugary drinks | consult doctor
Osteoarthristis,"joint pain, neck pain, knee pain, hip joint pain, swelling joints, painful walking",acetaminophen | consult nearest hospital | follow up | salt baths
Arthritis,"muscle weakness, stiff neck, swelling joints, movement stiffness, painful walking",exercise | use hot and cold therapy | try acupuncture | massage
(vertigo) Paroymsal  Positional Vertigo,"vomiting, headache, nausea, spinning movements, loss of balance, unsteadiness",lie down | avoid sudden change in body | avoid abrupt head movment | relax
Acne,"skin rash, pus filled pimples, blackheads, scurring",bath twice | avoid fatty spicy food | drink plenty of water | avoid too many products
Urinary tract infection,"burning micturition, bladder discomfort, foul smell of urine, continuous feel of urine",drink plenty of water | increase vitamin c intake | drink cranberry juice | take probiotics
Psoriasis,"skin rash, joint pain, skin peeling, silver like dusting, small dents in nails, inflammatory nails",wash hands with warm soapy water | stop bleeding using pressure | consult doctor | salt baths
Impetigo,"skin rash, high fever, blister, red sore around nose, yellow crust ooze",soak affected area in warm water | use antibiotics | remove scabs with wet compressed cloth | consult doctor
Fungal infection,"itching, skin rash, nodal skin eruptions, dischromic  patches",bath twice | use detol or neem in bathing water | keep infected area dry | use clean cloths
Allergy,"continuous sneezing, shivering, chills, watering from eyes",Consult a doctor | Get adequate rest | Stay hydrated | Follow prescribed treatment
GERD,"stomach pain, acidity, ulcers on tongue, vomiting, cough, chest pain",avoid fatty spicy food | avoid lying down after eating | maintain healthy weight | exercise
Chronic cholestasis,"itching, vomiting, yellowish skin, nausea, loss of appetite, abdominal pain, yellowing of eyes",cold baths | anti itch medicine | consult doctor | eat healthy
Drug Reaction,"itching, skin rash, stomach pain, burning micturition, spotting  urination",Consult a doctor | Get adequate rest | Stay hydrated | Follow prescribed treatment
Peptic ulcer diseae,"vomiting, indigestion, loss of appetite, abdominal pain, passage of gases, internal itching",avoid fatty spicy food | consume probiotic food | eliminate milk | limit alcohol
AIDS,"muscle wasting, patches in throat, high fever, extra marital contacts",avoid open cuts | wear ppe if possible | consult doctor | follow up
Diabetes ,"fatigue, weight loss, restlessness, lethargy, irregular sugar level, blurred and distorted vision, obesity, excessive hunger, increased appetite, polyuria",have balanced diet | exercise | consult doctor | follow up
Gastroenteritis,"vomiting, sunken eyes, dehydration, diarrhoea",stop eating solid food for while | try taking small sips of water | rest | ease back into eating
Bronchial Asthma,"fatigue, cough, high fever, breathlessness, family history, mucoid sputum",switch to loose cloothing | take deep breaths | get away from trigger | seek help
Hypertension ,"headache, chest pain, dizziness, loss of balance, lack of concentration",meditation | salt baths | reduce stress | get proper sleep
Migraine,"acidity, indigestion, headache, blurred and distorted vision, excessive hunger, stiff neck, depression, irritability, visual disturbances",meditation | reduce stress | use poloroid glasses in sun | consult doctor
Cervical spondylosis,"back pain, weakness in limbs, neck pain, dizziness, loss of balance",use heating pad or cold pack | exercise | take otc pain reliver | consult doctor
Paralysis (brain hemorrhage),"vomiting, headache, weakness of one body side, altered sensorium",massage | eat healthy | exercise | consult doctor
Jaundice,"itching, vomiting, fatigue, weight loss, high fever, yellowish skin, dark urine, abdominal pain",drink plenty of water | consume milk thistle | eat fruits and high fiberous food | medication
Malaria,"chills, vomiting, high fever, sweating, headache, nausea, diarrhoea, muscle pain",Consult nearest hospital | avoid oily food | avoid non veg food | keep mosquitos out
Chicken pox,"itching, skin rash, fatigue, lethargy, high fever, headache, loss of appetite, mild fever, swelled lymph nodes, malaise, red spots over body",use neem in bathing | consume neem leaves | take vaccine | avoid public places
Dengue,"skin rash, chills, joint pain, vomiting, fatigue, high fever, headache, nausea, loss of appetite, pain behind the eyes, back pain, malaise, muscle pain, red spots over body",drink papaya leaf juice | avoid fatty spicy food | keep mosquitos away | keep hydrated
Typhoid,"chills, vomiting, fatigue, high fever, headache, nausea, constipation, abdominal pain, diarrhoea, toxic look (typhos), belly pain",eat high calorie vegitables | antiboitic therapy | consult doctor | medication
hepatitis A,"joint pain, vomiting, yellowish skin, dark urine, nausea, loss of appetite, abdominal pain, diarrhoea, mild fever, yellowing of eyes, muscle pain",Consult nearest hospital | wash hands through | avoid fatty spicy food | medication
Hepatitis B,"itching, fatigue, lethargy, yellowish skin, dark urine, loss of appetite, abdominal pain, yellow urine, yellowing of eyes, malaise, receiving blood transfusion, receiving unsterile injections",consult nearest hospital | vaccination | eat healthy | medication
Hepatitis C,"fatigue, yellowish skin, nausea, loss of appetite, yellowing of eyes, family history",Consult nearest hospital | vaccination | eat healthy | medication
Hepatitis D,"joint pain, vomiting, fatigue, yellowish skin, dark urine, nausea, loss of appetite, abdominal pain, yellowing of eyes",consult doctor | medication | eat healthy | follow up
Hepatitis E,"joint pain, vomiting, fatigue, high fever, yellowish skin, dark urine, nausea, loss of appetite, abdominal pain, yellowing of eyes, acute liver failure, coma, stomach bleeding",stop alcohol consumption | rest | consult doctor | medication
Alcoholic hepatitis,"vomiting, yellowish skin, abdominal pain, swelling of stomach, distention of abdomen, history of alcohol consumption, fluid overload",stop alcohol consumption | consult doctor | medication | follow up
Tuberculosis,"chills, vomiting, fatigue, weight loss, cough, high fever, breathlessness, sweating, loss of appetite, mild fever, yellowing of eyes, swelled lymph nodes, malaise, phlegm, chest pain, blood in sputum",cover mouth | consult doctor | medication | rest
Common Cold,"continuous sneezing, chills, fatigue, cough, high fever, headache, swelled lymph nodes, malaise, phlegm, throat irritation, redness of eyes, sinus pressure, runny nose, congestion, chest pain, loss of smell, muscle pain",drink vitamin c rich drinks | take vapour | avoid cold food | keep fever in check
Pneumonia,"chills, fatigue, cough, high fever, breathlessness, sweating, malaise, phlegm, chest pain, fast heart rate, rusty sputum",consult doctor | medication | rest | follow up
Dimorphic hemmorhoids(piles),"constipation, pain during bowel movements, pain in anal region, bloody stool, irritation in anus",avoid fatty spicy food | consume witch hazel | warm bath with epsom salt | consume alovera juice
Heart attack,"vomiting, breathlessness, sweating, chest pain",Consult a doctor | Get adequate rest | Stay hydrated | Follow prescribed treatment
Varicose veins,"fatigue, cramps, bruising, obesity, swollen legs, swollen blood vessels, prominent veins on calf",lie down flat and raise the leg high | use oinments | use vein compression | dont stand still for long
Hypothyroidism,"fatigue, weight gain, cold hands and feets, mood swings, lethargy, dizziness, puffy face and eyes, enlarged thyroid, brittle nails, swollen extremeties, depression, irritability, abnormal menstruation",reduce stress | exercise | eat healthy | get proper sleep
Hyperthyroidism,"fatigue, mood swings, weight loss, restlessness, sweating, diarrhoea, fast heart rate, excessive hunger, muscle weakness, irritability, abnormal menstruation",eat healthy | massage | use lemon balm | take radioactive iodine treatment
Hypoglycemia,"vomiting, fatigue, anxiety, sweating, headache, nausea, blurred and distorted vision, excessive hunger, drying and tingling lips, slurred speech, irritability, palpitations",lie down on side | check in pulse | drink sugary drinks | consult doctor
Osteoarthristis,"joint pain, neck pain, knee pain, hip joint pain, swelling joints, painful walking",acetaminophen | consult nearest hospital | follow up | salt baths
Arthritis,"muscle weakness, stiff neck, swelling joints, movement stiffness, painful walking",exercise | use hot and cold therapy | try acupuncture | massage
(vertigo) Paroymsal  Positional Vertigo,"vomiting, headache, nausea, spinning movements, loss of balance, unsteadiness",lie down | avoid sudden change in body | avoid abrupt head movment | relax
Acne,"skin rash, pus filled pimples, blackheads, scurring",bath twice | avoid fatty spicy food | drink plenty of water | avoid too many products
Urinary tract infection,"burning micturition, bladder discomfort, foul smell of urine, continuous feel of urine",drink plenty of water | increase vitamin c intake | drink cranberry juice | take probiotics
Psoriasis,"skin rash, joint pain, skin peeling, silver like dusting, small dents in nails, inflammatory nails",wash hands with warm soapy water | stop bleeding using pressure | consult doctor | salt baths
Impetigo,"skin rash, high fever, blister, red sore around nose, yellow crust ooze",soak affected area in warm water | use antibiotics | remove scabs with wet compressed cloth | consult doctor
Fungal infection,"itching, skin rash, nodal skin eruptions, dischromic  patches",bath twice | use detol or neem in bathing water | keep infected area dry | use clean cloths
Allergy,"continuous sneezing, shivering, chills, watering from eyes",Consult a doctor | Get adequate rest | Stay hydrated | Follow prescribed treatment
GERD,"stomach pain, acidity, ulcers on tongue, vomiting, cough, chest pain",avoid fatty spicy food | avoid lying down after eating | maintain healthy weight | exercise
Chronic cholestasis,"itching, vomiting, yellowish skin, nausea, loss of appetite, abdominal pain, yellowing of eyes",cold baths | anti itch medicine | consult doctor | eat healthy
Drug Reaction,"itching, skin rash, stomach pain, burning micturition, spotting  urination",Consult a doctor | Get adequate rest | Stay hydrated | Follow prescribed treatment
Peptic ulcer diseae,"vomiting, indigestion, loss of appetite, abdominal pain, passage of gases, internal itching",avoid fatty spicy food | consume probiotic food | eliminate milk | limit alcohol
AIDS,"muscle wasting, patches in throat, high fever, extra marital contacts",avoid open cuts | wear ppe if possible | consult doctor | follow up
Diabetes ,"fatigue, weight loss, restlessness, lethargy, irregular sugar level, blurred and distorted vision, obesity, excessive hunger, increased appetite, polyuria",have balanced diet | exercise | consult doctor | follow up
Gastroenteritis,"vomiting, sunken eyes, dehydration, diarrhoea",stop eating solid food for while | try taking small sips of water | rest | ease back into eating
Bronchial Asthma,"fatigue, cough, high fever, breathlessness, family history, mucoid sputum",switch to loose cloothing | take deep breaths | get away from trigger | seek help
Hypertension ,"headache, chest pain, dizziness, loss of balance, lack of concentration",meditation | salt baths | reduce stress | get proper sleep
Migraine,"acidity, indigestion, headache, blurred and distorted vision, excessive hunger, stiff neck, depression, irritability, visual disturbances",meditation | reduce stress | use poloroid glasses in sun | consult doctor
Cervical spondylosis,"back pain, weakness in limbs, neck pain, dizziness, loss of balance",use heating pad or cold pack | exercise | take otc pain reliver | consult doctor
Paralysis (brain hemorrhage),"vomiting, headache, weakness of one body side, altered sensorium",massage | eat healthy | exercise | consult doctor
Jaundice,"itching, vomiting, fatigue, weight loss, high fever, yellowish skin, dark urine, abdominal pain",drink plenty of water | consume milk thistle | eat fruits and high fiberous food | medication
Malaria,"chills, vomiting, high fever, sweating, headache, nausea, diarrhoea, muscle pain",Consult nearest hospital | avoid oily food | avoid non veg food | keep mosquitos out
Chicken pox,"itching, skin rash, fatigue, lethargy, high fever, headache, loss of appetite, mild fever, swelled lymph nodes, malaise, red spots over body",use neem in bathing | consume neem leaves | take vaccine | avoid public places
Dengue,"skin rash, chills, joint pain, vomiting, fatigue, high fever, headache, nausea, loss of appetite, pain behind the eyes, back pain, malaise, muscle pain, red spots over body",drink papaya leaf juice | avoid fatty spicy food | keep mosquitos away | keep hydrated
Typhoid,"chills, vomiting, fatigue, high fever, headache, nausea, constipation, abdominal pain, diarrhoea, toxic look (typhos), belly pain",eat high calorie vegitables | antiboitic therapy | consult doctor | medication
hepatitis A,"joint pain, vomiting, yellowish skin, dark urine, nausea, loss of appetite, abdominal pain, diarrhoea, mild fever, yellowing of eyes, muscle pain",Consult nearest hospital | wash hands through | avoid fatty spicy food | medication
Hepatitis B,"itching, fatigue, lethargy, yellowish skin, dark urine, loss of appetite, abdominal pain, yellow urine, yellowing of eyes, malaise, receiving blood transfusion, receiving unsterile injections",consult nearest hospital | vaccination | eat healthy | medication
Hepatitis C,"fatigue, yellowish skin, nausea, loss of appetite, yellowing of eyes, family history",Consult nearest hospital | vaccination | eat healthy | medication
Hepatitis D,"joint pain, vomiting, fatigue, yellowish skin, dark urine, nausea, loss of appetite, abdominal pain, yellowing of eyes",consult doctor | medication | eat healthy | follow up
Hepatitis E,"joint pain, vomiting, fatigue, high fever, yellowish skin, dark urine, nausea, loss of appetite, abdominal pain, yellowing of eyes, acute liver failure, coma, stomach bleeding",stop alcohol consumption | rest | consult doctor | medication
Alcoholic hepatitis,"vomiting, yellowish skin, abdominal pain, swelling of stomach, distention of abdomen, history of alcohol consumption, fluid overload",stop alcohol consumption | consult doctor | medication | follow up
Tuberculosis,"chills, vomiting, fatigue, weight loss, cough, high fever, breathlessness, sweating, loss of appetite, mild fever, yellowing of eyes, swelled lymph nodes, malaise, phlegm, chest pain, blood in sputum",cover mouth | consult doctor | medication | rest
Common Cold,"continuous sneezing, chills, fatigue, cough, high fever, headache, swelled lymph nodes, malaise, phlegm, throat irritation, redness of eyes, sinus pressure, runny nose, congestion, chest pain, loss of smell, muscle pain",drink vitamin c rich drinks | take vapour | avoid cold food | keep fever in check
Pneumonia,"chills, fatigue, cough, high fever, breathlessness, sweating, malaise, phlegm, chest pain, fast heart rate, rusty sputum",consult doctor | medication | rest | follow up
Dimorphic hemmorhoids(piles),"constipation, pain during bowel movements, pain in anal region, bloody stool, irritation in anus",avoid fatty spicy food | consume witch hazel | warm bath with epsom salt | consume alovera juice
Heart attack,"vomiting, breathlessness, sweating, chest pain",Consult a doctor | Get adequate rest | Stay hydrated | Follow prescribed treatment
Varicose veins,"fatigue, cramps, bruising, obesity, swollen legs, swollen blood vessels, prominent veins on calf",lie down flat and raise the leg high | use oinments | use vein compression | dont stand still for long
Hypothyroidism,"fatigue, weight gain, cold hands and feets, mood swings, lethargy, dizziness, puffy face and eyes, enlarged thyroid, brittle nails, swollen extremeties, depression, irritability, abnormal menstruation",reduce stress | exercise | eat healthy | get proper sleep
Hyperthyroidism,"fatigue, mood swings, weight loss, restlessness, sweating, diarrhoea, fast heart rate, excessive hunger, muscle weakness, irritability, abnormal menstruation",eat healthy | massage | use lemon balm | take radioactive iodine treatment
Hypoglycemia,"vomiting, fatigue, anxiety, sweating, headache, nausea, blurred and distorted vision, excessive hunger, drying and tingling lips, slurred speech, irritability, palpitations",lie down on side | check in pulse | drink sugary drinks | consult doctor
Osteoarthristis,"joint pain, neck pain, knee pain, hip joint pain, swelling joints, painful walking",acetaminophen | consult nearest hospital | follow up | salt baths
Arthritis,"muscle weakness, stiff neck, swelling joints, movement stiffness, painful walking",exercise | use hot and cold therapy | try acupuncture | massage
(vertigo) Paroymsal  Positional Vertigo,"vomiting, headache, nausea, spinning movements, loss of balance, unsteadiness",lie down | avoid sudden change in body | avoid abrupt head movment | relax
Acne,"skin rash, pus filled pimples, blackheads, scurring",bath twice | avoid fatty spicy food | drink plenty of water | avoid too many products
Urinary tract infection,"burning micturition, bladder discomfort, foul smell of urine, continuous feel of urine",drink plenty of water | increase vitamin c intake | drink cranberry juice | take probiotics
Psoriasis,"skin rash, joint pain, skin peeling, silver like dusting, small dents in nails, inflammatory nails",wash hands with warm soapy water | stop bleeding using pressure | consult doctor | salt baths
Impetigo,"skin rash, high fever, blister, red sore around nose, yellow crust ooze",soak affected area in warm water | use antibiotics | remove scabs with wet compressed cloth | consult doctor
Fungal infection,"itching, skin rash, nodal skin eruptions, dischromic  patches",bath twice | use detol or neem in bathing water | keep infected area dry | use clean cloths
Allergy,"continuous sneezing, shivering, chills, watering from eyes",Consult a doctor | Get adequate rest | Stay hydrated | Follow prescribed treatment
GERD,"stomach pain, acidity, ulcers on tongue, vomiting, cough, chest pain",avoid fatty spicy food | avoid lying down after eating | maintain healthy weight | exercise
Chronic cholestasis,"itching, vomiting, yellowish skin, nausea, loss of appetite, abdominal pain, yellowing of eyes",cold baths | anti itch medicine | consult doctor | eat healthy
Drug Reaction,"itching, skin rash, stomach pain, burning micturition, spotting  urination",Consult a doctor | Get adequate rest | Stay hydrated | Follow prescribed treatment
Peptic ulcer diseae,"vomiting, indigestion, loss of appetite, abdominal pain, passage of gases, internal itching",avoid fatty spicy food | consume probiotic food | eliminate milk | limit alcohol
AIDS,"muscle wasting, patches in throat, high fever, extra marital contacts",avoid open cuts | wear ppe if possible | consult doctor | follow up
Diabetes ,"fatigue, weight loss, restlessness, lethargy, irregular sugar level, blurred and distorted vision, obesity, excessive hunger, increased appetite, polyuria",have balanced diet | exercise | consult doctor | follow up
Gastroenteritis,"vomiting, sunken eyes, dehydration, diarrhoea",stop eating solid food for while | try taking small sips of water | rest | ease back into eating
Bronchial Asthma,"fatigue, cough, high fever, breathlessness, family history, mucoid sputum",switch to loose cloothing | take deep breaths | get away from trigger | seek help
Hypertension ,"headache, chest pain, dizziness, loss of balance, lack of concentration",meditation | salt baths | reduce stress | get proper sleep
Migraine,"acidity, indigestion, headache, blurred and distorted vision, excessive hunger, stiff neck, depression, irritability, visual disturbances",meditation | reduce stress | use poloroid glasses in sun | consult doctor
Cervical spondylosis,"back pain, weakness in limbs, neck pain, dizziness, loss of balance",use heating pad or cold pack | exercise | take otc pain reliver | consult doctor
Paralysis (brain hemorrhage),"vomiting, headache, weakness of one body side, altered sensorium",massage | eat healthy | exercise | consult doctor
Jaundice,"itching, vomiting, fatigue, weight loss, high fever, yellowish skin, dark urine, abdominal pain",drink plenty of water | consume milk thistle | eat fruits and high fiberous food | medication
Malaria,"chills, vomiting, high fever, sweating, headache, nausea, diarrhoea, muscle pain",Consult nearest hospital | avoid oily food | avoid non veg food | keep mosquitos out
Chicken pox,"itching, skin rash, fatigue, lethargy, high fever, headache, loss of appetite, mild fever, swelled lymph nodes, malaise, red spots over body",use neem in bathing | consume neem leaves | take vaccine | avoid public places
Dengue,"skin rash, chills, joint pain, vomiting, fatigue, high fever, headache, nausea, loss of appetite, pain behind the eyes, back pain, malaise, muscle pain, red spots over body",drink papaya leaf juice | avoid fatty spicy food | keep mosquitos away | keep hydrated
Typhoid,"chills, vomiting, fatigue, high fever, headache, nausea, constipation, abdominal pain, diarrhoea, toxic look (typhos), belly pain",eat high calorie vegitables | antiboitic therapy | consult doctor | medication
hepatitis A,"joint pain, vomiting, yellowish skin, dark urine, nausea, loss of appetite, abdominal pain, diarrhoea, mild fever, yellowing of eyes, muscle pain",Consult nearest hospital | wash hands through | avoid fatty spicy food | medication
Hepatitis B,"itching, fatigue, lethargy, yellowish skin, dark urine, loss of appetite, abdominal pain, yellow urine, yellowing of eyes, malaise, receiving blood transfusion, receiving unsterile injections",consult nearest hospital | vaccination | eat healthy | medication
Hepatitis C,"fatigue, yellowish skin, nausea, loss of appetite, yellowing of eyes, family history",Consult nearest hospital | vaccination | eat healthy | medication
Hepatitis D,"joint pain, vomiting, fatigue, yellowish skin, dark urine, nausea, loss of appetite, abdominal pain, yellowing of eyes",consult doctor | medication | eat healthy | follow up
Hepatitis E,"joint pain, vomiting, fatigue, high fever, yellowish skin, dark urine, nausea, loss of appetite, abdominal pain, yellowing of eyes, acute liver failure, coma, stomach bleeding",stop alcohol consumption | rest | consult doctor | medication
Alcoholic hepatitis,"vomiting, yellowish skin, abdominal pain, swelling of stomach, distention of abdomen, history of alcohol consumption, fluid overload",stop alcohol consumption | consult doctor | medication | follow up
Tuberculosis,"chills, vomiting, fatigue, weight loss, cough, high fever, breathlessness, sweating, loss of appetite, mild fever, yellowing of eyes, swelled lymph nodes, malaise, phlegm, chest pain, blood in sputum",cover mouth | consult doctor | medication | rest
Common Cold,"continuous sneezing, chills, fatigue, cough, high fever, headache, swelled lymph nodes, malaise, phlegm, throat irritation, redness of eyes, sinus pressure, runny nose, congestion, chest pain, loss of smell, muscle pain",drink vitamin c rich drinks | take vapour | avoid cold food | keep fever in check
Pneumonia,"chills, fatigue, cough, high fever, breathlessness, sweating, malaise, phlegm, chest pain, fast heart rate, rusty sputum",consult doctor | medication | rest | follow up
Dimorphic hemmorhoids(piles),"constipation, pain during bowel movements, pain in anal region, bloody stool, irritation in anus",avoid fatty spicy food | consume witch hazel | warm bath with epsom salt | consume alovera juice
Heart attack,"vomiting, breathlessness, sweating, chest pain",Consult a doctor | Get adequate rest | Stay hydrated | Follow prescribed treatment
Varicose veins,"fatigue, cramps, bruising, obesity, swollen legs, swollen blood vessels, prominent veins on calf",lie down flat and raise the leg high | use oinments | use vein compression | dont stand still for long
Hypothyroidism,"fatigue, weight gain, cold hands and feets, mood swings, lethargy, dizziness, puffy face and eyes, enlarged thyroid, brittle nails, swollen extremeties, depression, irritability, abnormal menstruation",reduce stress | exercise | eat healthy | get proper sleep
Hyperthyroidism,"fatigue, mood swings, weight loss, restlessness, sweating, diarrhoea, fast heart rate, excessive hunger, muscle weakness, irritability, abnormal menstruation",eat healthy | massage | use lemon balm | take radioactive iodine treatment
Hypoglycemia,"vomiting, fatigue, anxiety, sweating, headache, nausea, blurred and distorted vision, excessive hunger, drying and tingling lips, slurred speech, irritability, palpitations",lie down on side | check in pulse | drink sugary drinks | consult doctor
Osteoarthristis,"joint pain, neck pain, knee pain, hip joint pain, swelling joints, painful walking",acetaminophen | consult nearest hospital | follow up | salt baths
Arthritis,"muscle weakness, stiff neck, swelling joints, movement stiffness, painful walking",exercise | use hot and cold therapy | try acupuncture | massage
(vertigo) Paroymsal  Positional Vertigo,"vomiting, headache, nausea, spinning movements, loss of balance, unsteadiness",lie down | avoid sudden change in body | avoid abrupt head movment | relax
Acne,"skin rash, pus filled pimples, blackheads, scurring",bath twice | avoid fatty spicy food | drink plenty of water | avoid too many products
Urinary tract infection,"burning micturition, bladder discomfort, foul smell of urine, continuous feel of urine",drink plenty of water | increase vitamin c intake | drink cranberry juice | take probiotics
Psoriasis,"skin rash, joint pain, skin peeling, silver like dusting, small dents in nails, inflammatory nails",wash hands with warm soapy water | stop bleeding using pressure | consult doctor | salt baths
Impetigo,"skin rash, high fever, blister, red sore around nose, yellow crust ooze",soak affected area in warm water | use antibiotics | remove scabs with wet compressed cloth | consult doctor
Fungal infection,"itching, skin rash, nodal skin eruptions, dischromic  patches",bath twice | use detol or neem in bathing water | keep infected area dry | use clean cloths
Allergy,"continuous sneezing, shivering, chills, watering from eyes",Consult a doctor | Get adequate rest | Stay hydrated | Follow prescribed treatment
GERD,"stomach pain, acidity, ulcers on tongue, vomiting, cough, chest pain",avoid fatty spicy food | avoid lying down after eating | maintain healthy weight | exercise
Chronic cholestasis,"itching, vomiting, yellowish skin, nausea, loss of appetite, abdominal pain, yellowing of eyes",cold baths | anti itch medicine | consult doctor | eat healthy
Drug Reaction,"itching, skin rash, stomach pain, burning micturition, spotting  urination",Consult a doctor | Get adequate rest | Stay hydrated | Follow prescribed treatment
Peptic ulcer diseae,"vomiting, indigestion, loss of appetite, abdominal pain, passage of gases, internal itching",avoid fatty spicy food | consume probiotic food | eliminate milk | limit alcohol
AIDS,"muscle wasting, patches in throat, high fever, extra marital contacts",avoid open cuts | wear ppe if possible | consult doctor | follow up
Diabetes ,"fatigue, weight loss, restlessness, lethargy, irregular sugar level, blurred and distorted vision, obesity, excessive hunger, increased appetite, polyuria",have balanced diet | exercise | consult doctor | follow up
Gastroenteritis,"vomiting, sunken eyes, dehydration, diarrhoea",stop eating solid food for while | try taking small sips of water | rest | ease back into eating
Bronchial Asthma,"fatigue, cough, high fever, breathlessness, family history, mucoid sputum",switch to loose cloothing | take deep breaths | get away from trigger | seek help
Hypertension ,"headache, chest pain, dizziness, loss of balance, lack of concentration",meditation | salt baths | reduce stress | get proper sleep
Migraine,"acidity, indigestion, headache, blurred and distorted vision, excessive hunger, stiff neck, depression, irritability, visual disturbances",meditation | reduce stress | use poloroid glasses in sun | consult doctor
Cervical spondylosis,"back pain, weakness in limbs, neck pain, dizziness, loss of balance",use heating pad or cold pack | exercise | take otc pain reliver | consult doctor
Paralysis (brain hemorrhage),"vomiting, headache, weakness of one body side, altered sensorium",massage | eat healthy | exercise | consult doctor
Jaundice,"itching, vomiting, fatigue, weight loss, high fever, yellowish skin, dark urine, abdominal pain",drink plenty of water | consume milk thistle | eat fruits and high fiberous food | medication
Malaria,"chills, vomiting, high fever, sweating, headache, nausea, diarrhoea, muscle pain",Consult nearest hospital | avoid oily food | avoid non veg food | keep mosquitos out
Chicken pox,"itching, skin rash, fatigue, lethargy, high fever, headache, loss of appetite, mild fever, swelled lymph nodes, malaise, red spots over body",use neem in bathing | consume neem leaves | take vaccine | avoid public places
Dengue,"skin rash, chills, joint pain, vomiting, fatigue, high fever, headache, nausea, loss of appetite, pain behind the eyes, back pain, malaise, muscle pain, red spots over body",drink papaya leaf juice | avoid fatty spicy food | keep mosquitos away | keep hydrated
Typhoid,"chills, vomiting, fatigue, high fever, headache, nausea, constipation, abdominal pain, diarrhoea, toxic look (typhos), belly pain",eat high calorie vegitables | antiboitic therapy | consult doctor | medication
hepatitis A,"joint pain, vomiting, yellowish skin, dark urine, nausea, loss of appetite, abdominal pain, diarrhoea, mild fever, yellowing of eyes, muscle pain",Consult nearest hospital | wash hands through | avoid fatty spicy food | medication
Hepatitis B,"itching, fatigue, lethargy, yellowish skin, dark urine, loss of appetite, abdominal pain, yellow urine, yellowing of eyes, malaise, receiving blood transfusion, receiving unsterile injections",consult nearest hospital | vaccination | eat healthy | medication
Hepatitis C,"fatigue, yellowish skin, nausea, loss of appetite, yellowing of eyes, family history",Consult nearest hospital | vaccination | eat healthy | medication
Hepatitis D,"joint pain, vomiting, fatigue, yellowish skin, dark urine, nausea, loss of appetite, abdominal pain, yellowing of eyes",consult doctor | medication | eat healthy | follow up
Hepatitis E,"joint pain, vomiting, fatigue, high fever, yellowish skin, dark urine, nausea, loss of appetite, abdominal pain, yellowing of eyes, acute liver failure, coma, stomach bleeding",stop alcohol consumption | rest | consult doctor | medication
Alcoholic hepatitis,"vomiting, yellowish skin, abdominal pain, swelling of stomach, distention of abdomen, history of alcohol consumption, fluid overload",stop alcohol consumption | consult doctor | medication | follow up
Tuberculosis,"chills, vomiting, fatigue, weight loss, cough, high fever, breathlessness, sweating, loss of appetite, mild fever, yellowing of eyes, swelled lymph nodes, malaise, phlegm, chest pain, blood in sputum",cover mouth | consult doctor | medication | rest
Common Cold,"continuous sneezing, chills, fatigue, cough, high fever, headache, swelled lymph nodes, malaise, phlegm, throat irritation, redness of eyes, sinus pressure, runny nose, congestion, chest pain, loss of smell, muscle pain",drink vitamin c rich drinks | take vapour | avoid cold food | keep fever in check
Pneumonia,"chills, fatigue, cough, high fever, breathlessness, sweating, malaise, phlegm, chest pain, fast heart rate, rusty sputum",consult doctor | medication | rest | follow up
Dimorphic hemmorhoids(piles),"constipation, pain during bowel movements, pain in anal region, bloody stool, irritation in anus",avoid fatty spicy food | consume witch hazel | warm bath with epsom salt | consume alovera juice
Heart attack,"vomiting, breathlessness, sweating, chest pain",Consult a doctor | Get adequate rest | Stay hydrated | Follow prescribed treatment
Varicose veins,"fatigue, cramps, bruising, obesity, swollen legs, swollen blood vessels, prominent veins on calf",lie down flat and raise the leg high | use oinments | use vein compression | dont stand still for long
Hypothyroidism,"fatigue, weight gain, cold hands and feets, mood swings, lethargy, dizziness, puffy face and eyes, enlarged thyroid, brittle nails, swollen extremeties, depression, irritability, abnormal menstruation",reduce stress | exercise | eat healthy | get proper sleep
Hyperthyroidism,"fatigue, mood swings, weight loss, restlessness, sweating, diarrhoea, fast heart rate, excessive hunger, muscle weakness, irritability, abnormal menstruation",eat healthy | massage | use lemon balm | take radioactive iodine treatment
Hypoglycemia,"vomiting, fatigue, anxiety, sweating, headache, nausea, blurred and distorted vision, excessive hunger, drying and tingling lips, slurred speech, irritability, palpitations",lie down on side | check in pulse | drink sugary drinks | consult doctor
Osteoarthristis,"joint pain, neck pain, knee pain, hip joint pain, swelling joints, painful walking",acetaminophen | consult nearest hospital | follow up | salt baths
Arthritis,"muscle weakness, stiff neck, swelling joints, movement stiffness, painful walking",exercise | use hot and cold therapy | try acupuncture | massage
(vertigo) Paroymsal  Positional Vertigo,"vomiting, headache, nausea, spinning movements, loss of balance, unsteadiness",lie down | avoid sudden change in body | avoid abrupt head movment | relax
Acne,"skin rash, pus filled pimples, blackheads, scurring",bath twice | avoid fatty spicy food | drink plenty of water | avoid too many products
Urinary tract infection,"burning micturition, bladder discomfort, foul smell of urine, continuous feel of urine",drink plenty of water | increase vitamin c intake | drink cranberry juice | take probiotics
Psoriasis,"skin rash, joint pain, skin peeling, silver like dusting, small dents in nails, inflammatory nails",wash hands with warm soapy water | stop bleeding using pressure | consult doctor | salt baths
Impetigo,"skin rash, high fever, blister, red sore around nose, yellow crust ooze",soak affected area in warm water | use antibiotics | remove scabs with wet compressed cloth | consult doctor
Fungal infection,"itching, skin rash, nodal skin eruptions, dischromic  patches",bath twice | use detol or neem in bathing water | keep infected area dry | use clean cloths
Allergy,"continuous sneezing, shivering, chills, watering from eyes",Consult a doctor | Get adequate rest | Stay hydrated | Follow prescribed treatment
GERD,"stomach pain, acidity, ulcers on tongue, vomiting, cough, chest pain",avoid fatty spicy food | avoid lying down after eating | maintain healthy weight | exercise
Chronic cholestasis,"itching, vomiting, yellowish skin, nausea, loss of appetite, abdominal pain, yellowing of eyes",cold baths | anti itch medicine | consult doctor | eat healthy
Drug Reaction,"itching, skin rash, stomach pain, burning micturition, spotting  urination",Consult a doctor | Get adequate rest | Stay hydrated | Follow prescribed treatment
Peptic ulcer diseae,"vomiting, indigestion, loss of appetite, abdominal pain, passage of gases, internal itching",avoid fatty spicy food | consume probiotic food | eliminate milk | limit alcohol
AIDS,"muscle wasting, patches in throat, high fever, extra marital contacts",avoid open cuts | wear ppe if possible | consult doctor | follow up
Diabetes ,"fatigue, weight loss, restlessness, lethargy, irregular sugar level, blurred and distorted vision, obesity, excessive hunger, increased appetite, polyuria",have balanced diet | exercise | consult doctor | follow up
Gastroenteritis,"vomiting, sunken eyes, dehydration, diarrhoea",stop eating solid food for while | try taking small sips of water | rest | ease back into eating
Bronchial Asthma,"fatigue, cough, high fever, breathlessness, family history, mucoid sputum",switch to loose cloothing | take deep breaths | get away from trigger | seek help
Hypertension ,"headache, chest pain, dizziness, loss of balance, lack of concentration",meditation | salt baths | reduce stress | get proper sleep
Migraine,"acidity, indigestion, headache, blurred and distorted vision, excessive hunger, stiff neck, depression, irritability, visual disturbances",meditation | reduce stress | use poloroid glasses in sun | consult doctor
Cervical spondylosis,"back pain, weakness in limbs, neck pain, dizziness, loss of balance",use heating pad or cold pack | exercise | take otc pain reliver | consult doctor
Paralysis (brain hemorrhage),"vomiting, headache, weakness of one body side, altered sensorium",massage | eat healthy | exercise | consult doctor
Jaundice,"itching, vomiting, fatigue, weight loss, high fever, yellowish skin, dark urine, abdominal pain",drink plenty of water | consume milk thistle | eat fruits and high fiberous food | medication
Malaria,"chills, vomiting, high fever, sweating, headache, nausea, diarrhoea, muscle pain",Consult nearest hospital | avoid oily food | avoid non veg food | keep mosquitos out
Chicken pox,"itching, skin rash, fatigue, lethargy, high fever, headache, loss of appetite, mild fever, swelled lymph nodes, malaise, red spots over body",use neem in bathing | consume neem leaves | take vaccine | avoid public places
Dengue,"skin rash, chills, joint pain, vomiting, fatigue, high fever, headache, nausea, loss of appetite, pain behind the eyes, back pain, malaise, muscle pain, red spots over body",drink papaya leaf juice | avoid fatty spicy food | keep mosquitos away | keep hydrated
Typhoid,"chills, vomiting, fatigue, high fever, headache, nausea, constipation, abdominal pain, diarrhoea, toxic look (typhos), belly pain",eat high calorie vegitables | antiboitic therapy | consult doctor | medication
hepatitis A,"joint pain, vomiting, yellowish skin, dark urine, nausea, loss of appetite, abdominal pain, diarrhoea, mild fever, yellowing of eyes, muscle pain",Consult nearest hospital | wash hands through | avoid fatty spicy food | medication
Hepatitis B,"itching, fatigue, lethargy, yellowish skin, dark urine, loss of appetite, abdominal pain, yellow urine, yellowing of eyes, malaise, receiving blood transfusion, receiving unsterile injections",consult nearest hospital | vaccination | eat healthy | medication
Hepatitis C,"fatigue, yellowish skin, nausea, loss of appetite, yellowing of eyes, family history",Consult nearest hospital | vaccination | eat healthy | medication
Hepatitis D,"joint pain, vomiting, fatigue, yellowish skin, dark urine, nausea, loss of appetite, abdominal pain, yellowing of eyes",consult doctor | medication | eat healthy | follow up
Hepatitis E,"joint pain, vomiting, fatigue, high fever, yellowish skin, dark urine, nausea, loss of appetite, abdominal pain, yellowing of eyes, acute liver failure, coma, stomach bleeding",stop alcohol consumption | rest | consult doctor | medication
Alcoholic hepatitis,"vomiting, yellowish skin, abdominal pain, swelling of stomach, distention of abdomen, history of alcohol consumption, fluid overload",stop alcohol consumption | consult doctor | medication | follow up
Tuberculosis,"chills, vomiting, fatigue, weight loss, cough, high fever, breathlessness, sweating, loss of appetite, mild fever, yellowing of eyes, swelled lymph nodes, malaise, phlegm, chest pain, blood in sputum",cover mouth | consult doctor | medication | rest
Common Cold,"continuous sneezing, chills, fatigue, cough, high fever, headache, swelled lymph nodes, malaise, phlegm, throat irritation, redness of eyes, sinus pressure, runny nose, congestion, chest pain, loss of smell, muscle pain",drink vitamin c rich drinks | take vapour | avoid cold food | keep fever in check
Pneumonia,"chills, fatigue, cough, high fever, breathlessness, sweating, malaise, phlegm, chest pain, fast heart rate, rusty sputum",consult doctor | medication | rest | follow up
Dimorphic hemmorhoids(piles),"constipation, pain during bowel movements, pain in anal region, bloody stool, irritation in anus",avoid fatty spicy food | consume witch hazel | warm bath with epsom salt | consume alovera juice
Heart attack,"vomiting, breathlessness, sweating, chest pain",Consult a doctor | Get adequate rest | Stay hydrated | Follow prescribed treatment
Varicose veins,"fatigue, cramps, bruising, obesity, swollen legs, swollen blood vessels, prominent veins on calf",lie down flat and raise the leg high | use oinments | use vein compression | dont stand still for long
Hypothyroidism,"fatigue, weight gain, cold hands and feets, mood swings, lethargy, dizziness, puffy face and eyes, enlarged thyroid, brittle nails, swollen extremeties, depression, irritability, abnormal menstruation",reduce stress | exercise | eat healthy | get proper sleep
Hyperthyroidism,"fatigue, mood swings, weight loss, restlessness, sweating, diarrhoea, fast heart rate, excessive hunger, muscle weakness, irritability, abnormal menstruation",eat healthy | massage | use lemon balm | take radioactive iodine treatment
Hypoglycemia,"vomiting, fatigue, anxiety, sweating, headache, nausea, blurred and distorted vision, excessive hunger, drying and tingling lips, slurred speech, irritability, palpitations",lie down on side | check in pulse | drink sugary drinks | consult doctor
Osteoarthristis,"joint pain, neck pain, knee pain, hip joint pain, swelling joints, painful walking",acetaminophen | consult nearest hospital | follow up | salt baths
Arthritis,"muscle weakness, stiff neck, swelling joints, movement stiffness, painful walking",exercise | use hot and cold therapy | try acupuncture | massage
(vertigo) Paroymsal  Positional Vertigo,"vomiting, headache, nausea, spinning movements, loss of balance, unsteadiness",lie down | avoid sudden change in body | avoid abrupt head movment | relax
Acne,"skin rash, pus filled pimples, blackheads, scurring",bath twice | avoid fatty spicy food | drink plenty of water | avoid too many products
Urinary tract infection,"burning micturition, bladder discomfort, foul smell of urine, continuous feel of urine",drink plenty of water | increase vitamin c intake | drink cranberry juice | take probiotics
Psoriasis,"skin rash, joint pain, skin peeling, silver like dusting, small dents in nails, inflammatory nails",wash hands with warm soapy water | stop bleeding using pressure | consult doctor | salt baths
Impetigo,"skin rash, high fever, blister, red sore around nose, yellow crust ooze",soak affected area in warm water | use antibiotics | remove scabs with wet compressed cloth | consult doctor
Fungal infection,"itching, skin rash, nodal skin eruptions, dischromic  patches",bath twice | use detol or neem in bathing water | keep infected area dry | use clean cloths
Allergy,"continuous sneezing, shivering, chills, watering from eyes",Consult a doctor | Get adequate rest | Stay hydrated | Follow prescribed treatment
GERD,"stomach pain, acidity, ulcers on tongue, vomiting, cough, chest pain",avoid fatty spicy food | avoid lying down after eating | maintain healthy weight | exercise
Chronic cholestasis,"itching, vomiting, yellowish skin, nausea, loss of appetite, abdominal pain, yellowing of eyes",cold baths | anti itch medicine | consult doctor | eat healthy
Drug Reaction,"itching, skin rash, stomach pain, burning micturition, spotting  urination",Consult a doctor | Get adequate rest | Stay hydrated | Follow prescribed treatment
Peptic ulcer diseae,"vomiting, indigestion, loss of appetite, abdominal pain, passage of gases, internal itching",avoid fatty spicy food | consume probiotic food | eliminate milk | limit alcohol
AIDS,"muscle wasting, patches in throat, high fever, extra marital contacts",avoid open cuts | wear ppe if possible | consult doctor | follow up
Diabetes ,"fatigue, weight loss, restlessness, lethargy, irregular sugar level, blurred and distorted vision, obesity, excessive hunger, increased appetite, polyuria",have balanced diet | exercise | consult doctor | follow up
Gastroenteritis,"vomiting, sunken eyes, dehydration, diarrhoea",stop eating solid food for while | try taking small sips of water | rest | ease back into eating
Bronchial Asthma,"fatigue, cough, high fever, breathlessness, family history, mucoid sputum",switch to loose cloothing | take deep breaths | get away from trigger | seek help
Hypertension ,"headache, chest pain, dizziness, loss of balance, lack of concentration",meditation | salt baths | reduce stress | get proper sleep
Migraine,"acidity, indigestion, headache, blurred and distorted vision, excessive hunger, stiff neck, depression, irritability, visual disturbances",meditation | reduce stress | use poloroid glasses in sun | consult doctor
Cervical spondylosis,"back pain, weakness in limbs, neck pain, dizziness, loss of balance",use heating pad or cold pack | exercise | take otc pain reliver | consult doctor
Paralysis (brain hemorrhage),"vomiting, headache, weakness of one body side, altered sensorium",massage | eat healthy | exercise | consult doctor
Jaundice,"itching, vomiting, fatigue, weight loss, high fever, yellowish skin, dark urine, abdominal pain",drink plenty of water | consume milk thistle | eat fruits and high fiberous food | medication
Malaria,"chills, vomiting, high fever, sweating, headache, nausea, diarrhoea, muscle pain",Consult nearest hospital | avoid oily food | avoid non veg food | keep mosquitos out
Chicken pox,"itching, skin rash, fatigue, lethargy, high fever, headache, loss of appetite, mild fever, swelled lymph nodes, malaise, red spots over body",use neem in bathing | consume neem leaves | take vaccine | avoid public places
Dengue,"skin rash, chills, joint pain, vomiting, fatigue, high fever, headache, nausea, loss of appetite, pain behind the eyes, back pain, malaise, muscle pain, red spots over body",drink papaya leaf juice | avoid fatty spicy food | keep mosquitos away | keep hydrated
Typhoid,"chills, vomiting, fatigue, high fever, headache, nausea, constipation, abdominal pain, diarrhoea, toxic look (typhos), belly pain",eat high calorie vegitables | antiboitic therapy | consult doctor | medication
hepatitis A,"joint pain, vomiting, yellowish skin, dark urine, nausea, loss of appetite, abdominal pain, diarrhoea, mild fever, yellowing of eyes, muscle pain",Consult nearest hospital | wash hands through | avoid fatty spicy food | medication
Hepatitis B,"itching, fatigue, lethargy, yellowish skin, dark urine, loss of appetite, abdominal pain, yellow urine, yellowing of eyes, malaise, receiving blood transfusion, receiving unsterile injections",consult nearest hospital | vaccination | eat healthy | medication
Hepatitis C,"fatigue, yellowish skin, nausea, loss of appetite, yellowing of eyes, family history",Consult nearest hospital | vaccination | eat healthy | medication
Hepatitis D,"joint pain, vomiting, fatigue, yellowish skin, dark urine, nausea, loss of appetite, abdominal pain, yellowing of eyes",consult doctor | medication | eat healthy | follow up
Hepatitis E,"joint pain, vomiting, fatigue, high fever, yellowish skin, dark urine, nausea, loss of appetite, abdominal pain, yellowing of eyes, acute liver failure, coma, stomach bleeding",stop alcohol consumption | rest | consult doctor | medication
Alcoholic hepatitis,"vomiting, yellowish skin, abdominal pain, swelling of stomach, distention of abdomen, history of alcohol consumption, fluid overload",stop alcohol consumption | consult doctor | medication | follow up
Tuberculosis,"chills, vomiting, fatigue, weight loss, cough, high fever, breathlessness, sweating, loss of appetite, mild fever, yellowing of eyes, swelled lymph nodes, malaise, phlegm, chest pain, blood in sputum",cover mouth | consult doctor | medication | rest
Common Cold,"continuous sneezing, chills, fatigue, cough, high fever, headache, swelled lymph nodes, malaise, phlegm, throat irritation, redness of eyes, sinus pressure, runny nose, congestion, chest pain, loss of smell, muscle pain",drink vitamin c rich drinks | take vapour | avoid cold food | keep fever in check
Pneumonia,"chills, fatigue, cough, high fever, breathlessness, sweating, malaise, phlegm, chest pain, fast heart rate, rusty sputum",consult doctor | medication | rest | follow up
Dimorphic hemmorhoids(piles),"constipation, pain during bowel movements, pain in anal region, bloody stool, irritation in anus",avoid fatty spicy food | consume witch hazel | warm bath with epsom salt | consume alovera juice
Heart attack,"vomiting, breathlessness, sweating, chest pain",Consult a doctor | Get adequate rest | Stay hydrated | Follow prescribed treatment
Varicose veins,"fatigue, cramps, bruising, obesity, swollen legs, swollen blood vessels, prominent veins on calf",lie down flat and raise the leg high | use oinments | use vein compression | dont stand still for long
Hypothyroidism,"fatigue, weight gain, cold hands and feets, mood swings, lethargy, dizziness, puffy face and eyes, enlarged thyroid, brittle nails, swollen extremeties, depression, irritability, abnormal menstruation",reduce stress | exercise | eat healthy | get proper sleep
Hyperthyroidism,"fatigue, mood swings, weight loss, restlessness, sweating, diarrhoea, fast heart rate, excessive hunger, muscle weakness, irritability, abnormal menstruation",eat healthy | massage | use lemon balm | take radioactive iodine treatment
Hypoglycemia,"vomiting, fatigue, anxiety, sweating, headache, nausea, blurred and distorted vision, excessive hunger, drying and tingling lips, slurred speech, irritability, palpitations",lie down on side | check in pulse | drink sugary drinks | consult doctor
Osteoarthristis,"joint pain, neck pain, knee pain, hip joint pain, swelling joints, painful walking",acetaminophen | consult nearest hospital | follow up | salt baths
Arthritis,"muscle weakness, stiff neck, swelling joints, movement stiffness, painful walking",exercise | use hot and cold therapy | try acupuncture | massage
(vertigo) Paroymsal  Positional Vertigo,"vomiting, headache, nausea, spinning movements, loss of balance, unsteadiness",lie down | avoid sudden change in body | avoid abrupt head movment | relax
Acne,"skin rash, pus filled pimples, blackheads, scurring",bath twice | avoid fatty spicy food | drink plenty of water | avoid too many products
Urinary tract infection,"burning micturition, bladder discomfort, foul smell of urine, continuous feel of urine",drink plenty of water | increase vitamin c intake | drink cranberry juice | take probiotics
Psoriasis,"skin rash, joint pain, skin peeling, silver like dusting, small dents in nails, inflammatory nails",wash hands with warm soapy water | stop bleeding using pressure | consult doctor | salt baths
Impetigo,"skin rash, high fever, blister, red sore around nose, yellow crust ooze",soak affected area in warm water | use antibiotics | remove scabs with wet compressed cloth | consult doctor
Fungal infection,"itching, skin rash, nodal skin eruptions, dischromic  patches",bath twice | use detol or neem in bathing water | keep infected area dry | use clean cloths
Allergy,"continuous sneezing, shivering, chills, watering from eyes",Consult a doctor | Get adequate rest | Stay hydrated | Follow prescribed treatment
GERD,"stomach pain, acidity, ulcers on tongue, vomiting, cough, chest pain",avoid fatty spicy food | avoid lying down after eating | maintain healthy weight | exercise
Chronic cholestasis,"itching, vomiting, yellowish skin, nausea, loss of appetite, abdominal pain, yellowing of eyes",cold baths | anti itch medicine | consult doctor | eat healthy
Drug Reaction,"itching, skin rash, stomach pain, burning micturition, spotting  urination",Consult a doctor | Get adequate rest | Stay hydrated | Follow prescribed treatment
Peptic ulcer diseae,"vomiting, indigestion, loss of appetite, abdominal pain, passage of gases, internal itching",avoid fatty spicy food | consume probiotic food | eliminate milk | limit alcohol
AIDS,"muscle wasting, patches in throat, high fever, extra marital contacts",avoid open cuts | wear ppe if possible | consult doctor | follow up
Diabetes ,"fatigue, weight loss, restlessness, lethargy, irregular sugar level, blurred and distorted vision, obesity, excessive hunger, increased appetite, polyuria",have balanced diet | exercise | consult doctor | follow up
Gastroenteritis,"vomiting, sunken eyes, dehydration, diarrhoea",stop eating solid food for while | try taking small sips of water | rest | ease back into eating
Bronchial Asthma,"fatigue, cough, high fever, breathlessness, family history, mucoid sputum",switch to loose cloothing | take deep breaths | get away from trigger | seek help
Hypertension ,"headache, chest pain, dizziness, loss of balance, lack of concentration",meditation | salt baths | reduce stress | get proper sleep
Migraine,"acidity, indigestion, headache, blurred and distorted vision, excessive hunger, stiff neck, depression, irritability, visual disturbances",meditation | reduce stress | use poloroid glasses in sun | consult doctor
Cervical spondylosis,"back pain, weakness in limbs, neck pain, dizziness, loss of balance",use heating pad or cold pack | exercise | take otc pain reliver | consult doctor
Paralysis (brain hemorrhage),"vomiting, headache, weakness of one body side, altered sensorium",massage | eat healthy | exercise | consult doctor
Jaundice,"itching, vomiting, fatigue, weight loss, high fever, yellowish skin, dark urine, abdominal pain",drink plenty of water | consume milk thistle | eat fruits and high fiberous food | medication
Malaria,"chills, vomiting, high fever, sweating, headache, nausea, diarrhoea, muscle pain",Consult nearest hospital | avoid oily food | avoid non veg food | keep mosquitos out
Chicken pox,"itching, skin rash, fatigue, lethargy, high fever, headache, loss of appetite, mild fever, swelled lymph nodes, malaise, red spots over body",use neem in bathing | consume neem leaves | take vaccine | avoid public places
Dengue,"skin rash, chills, joint pain, vomiting, fatigue, high fever, headache, nausea, loss of appetite, pain behind the eyes, back pain, malaise, muscle pain, red spots over body",drink papaya leaf juice | avoid fatty spicy food | keep mosquitos away | keep hydrated
Typhoid,"chills, vomiting, fatigue, high fever, headache, nausea, constipation, abdominal pain, diarrhoea, toxic look (typhos), belly pain",eat high calorie vegitables | antiboitic therapy | consult doctor | medication
hepatitis A,"joint pain, vomiting, yellowish skin, dark urine, nausea, loss of appetite, abdominal pain, diarrhoea, mild fever, yellowing of eyes, muscle pain",Consult nearest hospital | wash hands through | avoid fatty spicy food | medication
Hepatitis B,"itching, fatigue, lethargy, yellowish skin, dark urine, loss of appetite, abdominal pain, yellow urine, yellowing of eyes, malaise, receiving blood transfusion, receiving unsterile injections",consult nearest hospital | vaccination | eat healthy | medication
Hepatitis C,"fatigue, yellowish skin, nausea, loss of appetite, yellowing of eyes, family history",Consult nearest hospital | vaccination | eat healthy | medication
Hepatitis D,"joint pain, vomiting, fatigue, yellowish skin, dark urine, nausea, loss of appetite, abdominal pain, yellowing of eyes",consult doctor | medication | eat healthy | follow up
Hepatitis E,"joint pain, vomiting, fatigue, high fever, yellowish skin, dark urine, nausea, loss of appetite, abdominal pain, yellowing of eyes, acute liver failure, coma, stomach bleeding",stop alcohol consumption | rest | consult doctor | medication
Alcoholic hepatitis,"vomiting, yellowish skin, abdominal pain, swelling of stomach, distention of abdomen, history of alcohol consumption, fluid overload",stop alcohol consumption | consult doctor | medication | follow up
Tuberculosis,"chills, vomiting, fatigue, weight loss, cough, high fever, breathlessness, sweating, loss of appetite, mild fever, yellowing of eyes, swelled lymph nodes, malaise, phlegm, chest pain, blood in sputum",cover mouth | consult doctor | medication | rest
Common Cold,"continuous sneezing, chills, fatigue, cough, high fever, headache, swelled lymph nodes, malaise, phlegm, throat irritation, redness of eyes, sinus pressure, runny nose, congestion, chest pain, loss of smell, muscle pain",drink vitamin c rich drinks | take vapour | avoid cold food | keep fever in check
Pneumonia,"chills, fatigue, cough, high fever, breathlessness, sweating, malaise, phlegm, chest pain, fast heart rate, rusty sputum",consult doctor | medication | rest | follow up
Dimorphic hemmorhoids(piles),"constipation, pain during bowel movements, pain in anal region, bloody stool, irritation in anus",avoid fatty spicy food | consume witch hazel | warm bath with epsom salt | consume alovera juice
Heart attack,"vomiting, breathlessness, sweating, chest pain",Consult a doctor | Get adequate rest | Stay hydrated | Follow prescribed treatment
Varicose veins,"fatigue, cramps, bruising, obesity, swollen legs, swollen blood vessels, prominent veins on calf",lie down flat and raise the leg high | use oinments | use vein compression | dont stand still for long
Hypothyroidism,"fatigue, weight gain, cold hands and feets, mood swings, lethargy, dizziness, puffy face and eyes, enlarged thyroid, brittle nails, swollen extremeties, depression, irritability, abnormal menstruation",reduce stress | exercise | eat healthy | get proper sleep
Hyperthyroidism,"fatigue, mood swings, weight loss, restlessness, sweating, diarrhoea, fast heart rate, excessive hunger, muscle weakness, irritability, abnormal menstruation",eat healthy | massage | use lemon balm | take radioactive iodine treatment
Hypoglycemia,"vomiting, fatigue, anxiety, sweating, headache, nausea, blurred and distorted vision, excessive hunger, drying and tingling lips, slurred speech, irritability, palpitations",lie down on side | check in pulse | drink sugary drinks | consult doctor
Osteoarthristis,"joint pain, neck pain, knee pain, hip joint pain, swelling joints, painful walking",acetaminophen | consult nearest hospital | follow up | salt baths
Arthritis,"muscle weakness, stiff neck, swelling joints, movement stiffness, painful walking",exercise | use hot and cold therapy | try acupuncture | massage
(vertigo) Paroymsal  Positional Vertigo,"vomiting, headache, nausea, spinning movements, loss of balance, unsteadiness",lie down | avoid sudden change in body | avoid abrupt head movment | relax
Acne,"skin rash, pus filled pimples, blackheads, scurring",bath twice | avoid fatty spicy food | drink plenty of water | avoid too many products
Urinary tract infection,"burning micturition, bladder discomfort, foul smell of urine, continuous feel of urine",drink plenty of water | increase vitamin c intake | drink cranberry juice | take probiotics
Psoriasis,"skin rash, joint pain, skin peeling, silver like dusting, small dents in nails, inflammatory nails",wash hands with warm soapy water | stop bleeding using pressure | consult doctor | salt baths
Impetigo,"skin rash, high fever, blister, red sore around nose, yellow crust ooze",soak affected area in warm water | use antibiotics | remove scabs with wet compressed cloth | consult doctor
Fungal infection,"itching, skin rash, nodal skin eruptions, dischromic  patches",bath twice | use detol or neem in bathing water | keep infected area dry | use clean cloths
Allergy,"continuous sneezing, shivering, chills, watering from eyes",Consult a doctor | Get adequate rest | Stay hydrated | Follow prescribed treatment
GERD,"stomach pain, acidity, ulcers on tongue, vomiting, cough, chest pain",avoid fatty spicy food | avoid lying down after eating | maintain healthy weight | exercise
Chronic cholestasis,"itching, vomiting, yellowish skin, nausea, loss of appetite, abdominal pain, yellowing of eyes",cold baths | anti itch medicine | consult doctor | eat healthy
Drug Reaction,"itching, skin rash, stomach pain, burning micturition, spotting  urination",Consult a doctor | Get adequate rest | Stay hydrated | Follow prescribed treatment
Peptic ulcer diseae,"vomiting, indigestion, loss of appetite, abdominal pain, passage of gases, internal itching",avoid fatty spicy food | consume probiotic food | eliminate milk | limit alcohol
AIDS,"muscle wasting, patches in throat, high fever, extra marital contacts",avoid open cuts | wear ppe if possible | consult doctor | follow up
Diabetes ,"fatigue, weight loss, restlessness, lethargy, irregular sugar level, blurred and distorted vision, obesity, excessive hunger, increased appetite, polyuria",have balanced diet | exercise | consult doctor | follow up
Gastroenteritis,"vomiting, sunken eyes, dehydration, diarrhoea",stop eating solid food for while | try taking small sips of water | rest | ease back into eating
Bronchial Asthma,"fatigue, cough, high fever, breathlessness, family history, mucoid sputum",switch to loose cloothing | take deep breaths | get away from trigger | seek help
Hypertension ,"headache, chest pain, dizziness, loss of balance, lack of concentration",meditation | salt baths | reduce stress | get proper sleep
Migraine,"acidity, indigestion, headache, blurred and distorted vision, excessive hunger, stiff neck, depression, irritability, visual disturbances",meditation | reduce stress | use poloroid glasses in sun | consult doctor
Cervical spondylosis,"back pain, weakness in limbs, neck pain, dizziness, loss of balance",use heating pad or cold pack | exercise | take otc pain reliver | consult doctor
Paralysis (brain hemorrhage),"vomiting, headache, weakness of one body side, altered sensorium",massage | eat healthy | exercise | consult doctor
Jaundice,"itching, vomiting, fatigue, weight loss, high fever, yellowish skin, dark urine, abdominal pain",drink plenty of water | consume milk thistle | eat fruits and high fiberous food | medication
Malaria,"chills, vomiting, high fever, sweating, headache, nausea, diarrhoea, muscle pain",Consult nearest hospital | avoid oily food | avoid non veg food | keep mosquitos out
Chicken pox,"itching, skin rash, fatigue, lethargy, high fever, headache, loss of appetite, mild fever, swelled lymph nodes, malaise, red spots over body",use neem in bathing | consume neem leaves | take vaccine | avoid public places
Dengue,"skin rash, chills, joint pain, vomiting, fatigue, high fever, headache, nausea, loss of appetite, pain behind the eyes, back pain, malaise, muscle pain, red spots over body",drink papaya leaf juice | avoid fatty spicy food | keep mosquitos away | keep hydrated
Typhoid,"chills, vomiting, fatigue, high fever, headache, nausea, constipation, abdominal pain, diarrhoea, toxic look (typhos), belly pain",eat high calorie vegitables | antiboitic therapy | consult doctor | medication
hepatitis A,"joint pain, vomiting, yellowish skin, dark urine, nausea, loss of appetite, abdominal pain, diarrhoea, mild fever, yellowing of eyes, muscle pain",Consult nearest hospital | wash hands through | avoid fatty spicy food | medication
Hepatitis B,"itching, fatigue, lethargy, yellowish skin, dark urine, loss of appetite, abdominal pain, yellow urine, yellowing of eyes, malaise, receiving blood transfusion, receiving unsterile injections",consult nearest hospital | vaccination | eat healthy | medication
Hepatitis C,"fatigue, yellowish skin, nausea, loss of appetite, yellowing of eyes, family history",Consult nearest hospital | vaccination | eat healthy | medication
Hepatitis D,"joint pain, vomiting, fatigue, yellowish skin, dark urine, nausea, loss of appetite, abdominal pain, yellowing of eyes",consult doctor | medication | eat healthy | follow up
Hepatitis E,"joint pain, vomiting, fatigue, high fever, yellowish skin, dark urine, nausea, loss of appetite, abdominal pain, yellowing of eyes, acute liver failure, coma, stomach bleeding",stop alcohol consumption | rest | consult doctor | medication
Alcoholic hepatitis,"vomiting, yellowish skin, abdominal pain, swelling of stomach, distention of abdomen, history of alcohol consumption, fluid overload",stop alcohol consumption | consult doctor | medication | follow up
Tuberculosis,"chills, vomiting, fatigue, weight loss, cough, high fever, breathlessness, sweating, loss of appetite, mild fever, yellowing of eyes, swelled lymph nodes, malaise, phlegm, chest pain, blood in sputum",cover mouth | consult doctor | medication | rest
Common Cold,"continuous sneezing, chills, fatigue, cough, high fever, headache, swelled lymph nodes, malaise, phlegm, throat irritation, redness of eyes, sinus pressure, runny nose, congestion, chest pain, loss of smell, muscle pain",drink vitamin c rich drinks | take vapour | avoid cold food | keep fever in check
Pneumonia,"chills, fatigue, cough, high fever, breathlessness, sweating, malaise, phlegm, chest pain, fast heart rate, rusty sputum",consult doctor | medication | rest | follow up
Dimorphic hemmorhoids(piles),"constipation, pain during bowel movements, pain in anal region, bloody stool, irritation in anus",avoid fatty spicy food | consume witch hazel | warm bath with epsom salt | consume alovera juice
Heart attack,"vomiting, breathlessness, sweating, chest pain",Consult a doctor | Get adequate rest | Stay hydrated | Follow prescribed treatment
Varicose veins,"fatigue, cramps, bruising, obesity, swollen legs, swollen blood vessels, prominent veins on calf",lie down flat and raise the leg high | use oinments | use vein compression | dont stand still for long
Hypothyroidism,"fatigue, weight gain, cold hands and feets, mood swings, lethargy, dizziness, puffy face and eyes, enlarged thyroid, brittle nails, swollen extremeties, depression, irritability, abnormal menstruation",reduce stress | exercise | eat healthy | get proper sleep
Hyperthyroidism,"fatigue, mood swings, weight loss, restlessness, sweating, diarrhoea, fast heart rate, excessive hunger, muscle weakness, irritability, abnormal menstruation",eat healthy | massage | use lemon balm | take radioactive iodine treatment
Hypoglycemia,"vomiting, fatigue, anxiety, sweating, headache, nausea, blurred and distorted vision, excessive hunger, drying and tingling lips, slurred speech, irritability, palpitations",lie down on side | check in pulse | drink sugary drinks | consult doctor
Osteoarthristis,"joint pain, neck pain, knee pain, hip joint pain, swelling joints, painful walking",acetaminophen | consult nearest hospital | follow up | salt baths
Arthritis,"muscle weakness, stiff neck, swelling joints, movement stiffness, painful walking",exercise | use hot and cold therapy | try acupuncture | massage
(vertigo) Paroymsal  Positional Vertigo,"vomiting, headache, nausea, spinning movements, loss of balance, unsteadiness",lie down | avoid sudden change in body | avoid abrupt head movment | relax
Acne,"skin rash, pus filled pimples, blackheads, scurring",bath twice | avoid fatty spicy food | drink plenty of water | avoid too many products
Urinary tract infection,"burning micturition, bladder discomfort, foul smell of urine, continuous feel of urine",drink plenty of water | increase vitamin c intake | drink cranberry juice | take probiotics
Psoriasis,"skin rash, joint pain, skin peeling, silver like dusting, small dents in nails, inflammatory nails",wash hands with warm soapy water | stop bleeding using pressure | consult doctor | salt baths
Impetigo,"skin rash, high fever, blister, red sore around nose, yellow crust ooze",soak affected area in warm water | use antibiotics | remove scabs with wet compressed cloth | consult doctor
